,SalesÂ +,ExpensesÂ +,Operating Profit,OPM %,Other IncomeÂ +,Interest,Depreciation,Profit before tax,Tax %,Net Profit,EPS in Rs,Dividend Payout %,quarter(10yrs),ScripCode,Revenue,Financing Profit,Financing Margin %
0,357677,324501,33176,9%,7526,2893,12401,25408,22%,19717,28.27,13%,Mar 2012,500325,,,
1,395957,362802,33155,8%,7757,3463,11232,26217,20%,20886,30.31,13%,Mar 2013,500325,,,
2,433521,398586,34935,8%,8865,3836,11201,28763,22%,22548,32.62,12%,Mar 2014,500325,,,
3,374372,336923,37449,10%,8528,3316,11547,31114,24%,23640,34.14,12%,Mar 2015,500325,,,
4,272583,230802,41781,15%,12212,3691,11565,38737,23%,29861,43.03,10%,Mar 2016,500325,,,
5,303954,257647,46307,15%,9222,3849,11646,40034,25%,29833,43.11,11%,Mar 2017,500325,,,
6,390823,326508,64315,16%,9869,8052,16706,49426,27%,36080,53.39,10%,Mar 2018,500325,,,
7,568337,484087,84250,15%,8406,16495,20934,55227,28%,39837,58.55,10%,Mar 2019,500325,,,
8,596679,507413,89266,15%,8570,22027,22203,53606,26%,39880,58.20,10%,Mar 2020,500325,,,
9,466307,385517,80790,17%,22432,21189,26572,55461,3%,53739,77.50,9%,Mar 2021,500325,,,
10,698672,588077,110595,16%,17928,14584,29797,84142,19%,67845,89.74,9%,Mar 2022,500325,,,
11,879468,736603,142865,16%,11826,19571,40319,94801,22%,74088,98.59,0%,Mar 2023,500325,,,
12,48894,34459,14435,30%,428,22,918,13923,24%,10523,26.60,47%,Mar 2012,532540,,,
13,62989,44950,18040,29%,1178,48,1080,18090,22%,14076,35.55,31%,Mar 2013,532540,,,
14,81809,56657,25153,31%,1637,39,1349,25402,24%,19332,48.92,33%,Mar 2014,532540,,,
15,94648,70167,24482,26%,3720,104,1799,26298,24%,20060,50.68,78%,Mar 2015,532540,,,
16,108646,77969,30677,28%,3084,33,1888,31840,24%,24338,61.58,35%,Mar 2016,532540,,,
17,117966,85655,32311,27%,4221,32,1987,34513,24%,26357,66.71,35%,Mar 2017,532540,,,
18,123104,90588,32516,26%,3642,52,2014,34092,24%,25880,67.46,37%,Mar 2018,532540,,,
19,146463,106957,39506,27%,4311,198,2056,41563,24%,31562,83.87,36%,Mar 2019,532540,,,
20,156949,114840,42109,27%,4592,924,3529,42248,23%,32447,86.19,85%,Mar 2020,532540,,,
21,164177,117631,46546,28%,1916,637,4065,43760,26%,32562,87.67,43%,Mar 2021,532540,,,
22,191754,138697,53057,28%,4018,784,4604,51687,26%,38449,104.75,41%,Mar 2022,532540,,,
23,225458,166199,59259,26%,3449,779,5022,56907,26%,42303,115.19,100%,Mar 2023,532540,,,
24,,10858,,,5992,15106,554,7667,31%,5277,11.18,19%,Mar 2012,500180,28193,2229,8%
25,,12631,,,7133,19695,663,10004,31%,6903,14.44,19%,Mar 2013,500180,35861,3534,10%
26,,13508,,,8298,23445,689,13211,34%,8768,18.22,19%,Mar 2014,500180,42555,5602,13%
27,,16164,,,9546,27288,680,16079,33%,10703,21.32,19%,Mar 2015,500180,50666,7214,14%
28,,20055,,,11212,34070,738,19511,34%,12821,25.32,19%,Mar 2016,500180,63162,9037,14%
29,,23856,,,12905,38042,886,23393,35%,15317,29.81,18%,Mar 2017,500180,73271,11374,16%
30,,29532,,,16057,42381,967,28464,35%,18561,35.66,18%,Mar 2018,500180,85288,13374,16%
31,,34856,,,18947,53713,1221,34318,35%,22446,41.00,18%,Mar 2019,500180,105161,16592,16%
32,,45459,,,24879,62137,1277,38195,29%,27296,49.70,5%,Mar 2020,500180,122189,14593,12%
33,,52457,,,27333,59248,1385,42796,26%,31857,57.74,11%,Mar 2021,500180,128552,16848,13%
34,,56557,,,31759,58584,1681,50873,25%,38151,68.62,23%,Mar 2022,500180,135936,20795,15%
35,,65388,,,33912,77780,0,61498,25%,46149,82.44,23%,Mar 2023,500180,170754,27586,16%
36,,30293,,,28663,25013,671,10680,26%,7938,12.06,25%,Mar 2012,532174,37995,-17311,-46%
37,,31684,,,29320,28285,625,13610,26%,10130,15.14,24%,Mar 2013,532174,44885,-15085,-34%
38,,32852,,,30085,29711,719,16282,28%,11677,17.38,24%,Mar 2014,532174,49479,-13084,-26%
39,,38766,,,35252,32318,798,18334,29%,12942,19.20,24%,Mar 2015,532174,54964,-16120,-29%
40,,52252,,,42102,33996,843,14304,24%,10927,15.92,29%,Mar 2016,532174,59294,-26955,-45%
41,,63841,,,52458,34836,912,13809,18%,11340,15.90,14%,Mar 2017,532174,60940,-37737,-62%
42,,72806,,,56807,34262,922,10978,17%,9100,12.00,12%,Mar 2018,532174,62162,-44906,-72%
43,,83775,,,59325,39178,946,7408,23%,5689,6.60,15%,Mar 2019,532174,71982,-50971,-71%
44,,85361,,,64950,44666,1171,18589,40%,11225,14.78,0%,Mar 2020,532174,84836,-45190,-53%
45,,91309,,,72030,42659,1340,25884,22%,20364,26.58,8%,Mar 2021,532174,89163,-44805,-50%
46,,80798,,,62129,41167,1330,34241,25%,26538,36.14,14%,Mar 2022,532174,95407,-26558,-28%
47,,89379,,,66110,50543,0,47255,25%,35461,48.74,16%,Mar 2023,532174,121067,-18856,-16%
48,23436,19936,3500,15%,357,2,234,3622,23%,2800,12.91,58%,Mar 2012,500696,,,
49,27004,22784,4220,16%,1123,26,251,5066,24%,3839,17.71,104%,Mar 2013,500696,,,
50,29234,24475,4759,16%,792,41,296,5215,24%,3956,18.24,71%,Mar 2014,500696,,,
51,31972,26560,5412,17%,1247,18,322,6320,31%,4376,20.17,74%,Mar 2015,500696,,,
52,32186,26276,5910,18%,486,17,353,6026,31%,4151,19.18,83%,Mar 2016,500696,,,
53,33162,26834,6328,19%,606,35,432,6467,31%,4490,20.68,82%,Mar 2017,500696,,,
54,35545,28046,7499,21%,353,26,520,7306,28%,5227,24.09,83%,Mar 2018,500696,,,
55,39310,30430,8880,23%,322,33,565,8604,30%,6060,27.97,78%,Mar 2019,500696,,,
56,39783,29930,9853,25%,432,118,1002,9165,26%,6756,31.17,80%,Mar 2020,500696,,,
57,47028,35402,11626,25%,170,117,1074,10605,25%,7999,34.03,119%,Mar 2021,500696,,,
58,52446,39589,12857,25%,219,106,1091,11879,25%,8892,37.79,90%,Mar 2022,500696,,,
59,60580,46432,14148,23%,447,114,1137,13344,24%,10143,43.07,91%,Mar 2023,500696,,,
60,33734,23007,10727,32%,1904,4,928,11699,29%,8332,18.14,32%,Mar 2012,500209,,,
61,40352,28814,11538,29%,2365,5,1099,12799,26%,9429,20.52,25%,Mar 2013,500209,,,
62,50133,36743,13390,27%,2664,9,1317,14728,28%,10656,23.31,34%,Mar 2014,500209,,,
63,53319,38436,14883,28%,3430,12,1017,17284,28%,12372,26.93,55%,Mar 2015,500209,,,
64,62441,45362,17079,27%,3120,0,1459,18740,28%,13489,29.36,41%,Mar 2016,500209,,,
65,68484,49880,18604,27%,3050,0,1703,19951,28%,14353,31.24,41%,Mar 2017,500209,,,
66,70522,51700,18822,27%,3311,0,1863,20270,21%,16029,36.69,59%,Mar 2018,500209,,,
67,82675,62505,20170,24%,2882,0,2011,21041,27%,15410,35.26,60%,Mar 2019,500209,,,
68,90791,68524,22267,25%,2803,170,2893,22007,24%,16639,38.96,45%,Mar 2020,500209,,,
69,100472,72583,27889,28%,2201,195,3267,26628,27%,19423,45.42,59%,Mar 2021,500209,,,
70,121641,90150,31491,26%,2295,200,3476,30110,26%,22146,52.56,59%,Mar 2022,500209,,,
71,146767,111637,35130,24%,2701,284,4225,33322,28%,24108,58.08,58%,Mar 2023,500209,,,
72,26516,17272,9244,35%,772,102,745,9168,31%,6334,5.34,56%,Mar 2012,500875,,,
73,31618,20398,11221,35%,852,108,859,11106,31%,7704,6.42,55%,Mar 2013,500875,,,
74,35306,22227,13080,37%,966,29,965,13052,31%,9001,7.45,54%,Mar 2014,500875,,,
75,38817,24566,14252,37%,1229,91,1028,14362,32%,9779,8.04,52%,Mar 2015,500875,,,
76,39192,24661,14531,37%,1483,78,1077,14859,36%,9501,7.74,73%,Mar 2016,500875,,,
77,42768,27298,15470,36%,1759,49,1153,16026,35%,10477,8.47,56%,Mar 2017,500875,,,
78,43449,26928,16521,38%,2240,115,1236,17409,34%,11493,9.24,56%,Mar 2018,500875,,,
79,48340,29802,18537,38%,2080,71,1397,19150,33%,12836,10.27,56%,Mar 2019,500875,,,
80,49388,30044,19344,39%,2417,81,1645,20035,22%,15593,12.45,82%,Mar 2020,500875,,,
81,49257,32193,17065,35%,2577,58,1646,17938,25%,13383,10.69,101%,Mar 2021,500875,,,
82,60645,40021,20623,34%,1910,60,1732,20740,25%,15503,12.37,93%,Mar 2022,500875,,,
83,70937,45272,25665,36%,2053,43,1809,25866,25%,19477,15.44,83%,Mar 2023,500875,,,
84,,61729,,,29692,89320,1372,24469,35%,15973,22.86,15%,Mar 2012,500112,147197,-3851,-3%
85,,66283,,,32584,106818,1577,25882,29%,18555,26.19,16%,Mar 2013,500112,167976,-5124,-3%
86,,82198,,,37882,121479,1942,21326,32%,14807,18.99,16%,Mar 2014,500112,189062,-14614,-8%
87,,96675,,,49315,133179,1581,25855,32%,17832,22.76,15%,Mar 2015,500112,207974,-21879,-11%
88,,109985,,,52828,143047,2252,18177,30%,13019,15.75,17%,Mar 2016,500112,220633,-32399,-15%
89,,145666,,,68193,149115,2915,945,141%,-97,0.30,859%,Mar 2017,500112,230447,-64334,-28%
90,,169034,,,77527,146603,3105,-12245,66%,-3749,-5.11,0%,Mar 2018,500112,228970,-86666,-38%
91,,166104,,,77365,155867,3496,5220,41%,3351,2.58,0%,Mar 2019,500112,253322,-68649,-27%
92,,172909,,,98159,161124,3662,30317,40%,21140,22.15,0%,Mar 2020,500112,269852,-64181,-24%
93,,192821,,,107222,156010,3711,32796,26%,23888,25.11,16%,Mar 2021,500112,278115,-70715,-25%
94,,197349,,,117000,156194,3691,49739,27%,37183,39.64,18%,Mar 2022,500112,289973,-63570,-22%
95,,207999,,,122534,189981,0,75399,25%,57750,62.35,0%,Mar 2023,500112,350845,-47135,-13%
96,,12484,,,27,11552,51,6217,28%,5670,36.98,30%,Mar 2012,500010,30276,6240,21%
97,,14170,,,39,14296,54,7467,27%,6982,42.94,29%,Mar 2013,500010,35948,7483,21%
98,,15314,,,61,16608,47,8846,27%,8403,50.93,27%,Mar 2014,500010,40753,8831,22%
99,,19516,,,74,18710,47,10117,31%,9245,55.65,27%,Mar 2015,500010,48316,10089,21%
100,,21228,,,34,20296,121,11613,31%,10718,64.50,26%,Mar 2016,500010,53223,11699,22%
101,,26377,,,53,21953,108,12650,32%,11848,69.56,26%,Mar 2017,500010,61034,12704,21%
102,,44714,,,6282,24718,116,16207,19%,13111,71.48,28%,Mar 2018,500010,79474,10042,13%
103,,51819,,,7891,29525,141,22099,20%,17581,94.29,22%,Mar 2019,500010,95694,14349,15%
104,,48983,,,5816,32109,256,26193,13%,22826,123.75,17%,Mar 2020,500010,101726,20633,20%
105,,92319,,,6959,29081,355,24237,15%,20488,103.88,22%,Mar 2021,500010,139034,17634,13%
106,,89037,,,9012,27230,419,28252,15%,24042,124.62,24%,Mar 2022,500010,135926,19659,14%
107,,94591,,,11223,36845,597,32131,14%,27700,142.60,31%,Mar 2023,500010,152940,21504,14%
108,71506,47965,23541,33%,428,4083,13368,6518,35%,4258,8.15,9%,Mar 2012,532454,,,
109,76947,53987,22960,30%,1159,4519,14815,4785,53%,2267,4.32,17%,Mar 2013,532454,,,
110,85864,59352,26512,31%,2881,5879,15650,7864,62%,3019,5.04,26%,Mar 2014,532454,,,
111,96101,62499,33602,35%,1243,4446,19858,10540,52%,5048,8.41,33%,Mar 2015,532454,,,
112,96532,62548,33984,35%,4858,8546,17450,12846,46%,6893,11.05,9%,Mar 2016,532454,,,
113,95468,60138,35330,37%,1713,9547,19773,7723,45%,4241,6.91,11%,Mar 2017,532454,,,
114,82639,52560,30079,36%,1756,9326,19243,3267,33%,2184,2.00,194%,Mar 2018,532454,,,
115,80780,55016,25764,32%,4474,10622,21348,-1732,197%,1688,0.74,244%,Mar 2019,532454,,,
116,84676,51086,33591,40%,-35600,14073,27094,-43177,29%,-30664,-55.06,-3%,Mar 2020,532454,,,
117,100616,55337,45279,45%,-4215,15091,29404,-3432,-260%,-12364,-25.63,0%,Mar 2021,532454,,,
118,116547,59013,57534,49%,4656,16616,33091,12483,33%,8305,7.23,39%,Mar 2022,532454,,,
119,139145,67871,71274,51%,1019,19300,36432,16561,26%,12287,14.97,27%,Mar 2023,532454,,,
120,,1752,,,26,2274,36,1357,34%,898,17.90,10%,Mar 2015,500034,5392,1367,25%
121,,2354,,,35,2959,56,1965,35%,1279,23.74,10%,Mar 2016,500034,7299,1986,27%
122,,3250,,,22,3853,71,2817,35%,1836,33.40,11%,Mar 2017,500034,9970,2867,29%
123,,4115,,,10,4696,102,3843,35%,2496,43.19,9%,Mar 2018,500034,12746,3935,31%
124,,5454,,,13,6723,144,6179,35%,3995,69.12,9%,Mar 2019,500034,18487,6310,34%
125,,9159,,,9,9608,295,7322,28%,5264,87.48,11%,Mar 2020,500034,26374,7608,29%
126,,10839,,,3,9519,325,5992,26%,4420,73.35,14%,Mar 2021,500034,26673,6314,24%
127,,11880,,,-17,9848,385,9504,26%,7028,116.09,17%,Mar 2022,500034,31633,9905,31%
128,,12834,,,10,12560,485,15528,26%,11508,190.07,16%,Mar 2023,500034,41397,16003,39%
129,,5651,,,4543,4542,164,2656,30%,1885,12.37,2%,Mar 2012,500247,8470,-1723,-20%
130,,6603,,,5112,6024,179,3144,30%,2238,14.66,2%,Mar 2013,500247,10838,-1789,-17%
131,,7053,,,5282,6312,208,3695,32%,2527,16.00,2%,Mar 2014,500247,11986,-1379,-12%
132,,9718,,,8152,6966,237,4550,33%,3105,19.72,2%,Mar 2015,500247,13319,-3366,-25%
133,,11541,,,7631,11123,345,5024,32%,3524,18.86,3%,Mar 2016,500247,20402,-2263,-11%
134,,14832,,,11660,11458,362,7332,32%,5019,26.84,2%,Mar 2017,500247,22324,-3965,-18%
135,,16805,,,13682,12467,383,9158,33%,6258,32.54,2%,Mar 2018,500247,25131,-4141,-16%
136,,19758,,,16148,15187,458,10576,33%,7204,37.74,2%,Mar 2019,500247,29831,-5114,-17%
137,,22578,,,16892,15901,465,11422,25%,8593,44.92,0%,Mar 2020,500247,33474,-5005,-15%
138,,29812,,,23588,12967,461,13168,25%,9990,50.41,2%,Mar 2021,500247,32820,-9958,-30%
139,,31069,,,25311,11553,480,15948,25%,12089,60.91,2%,Mar 2022,500247,33740,-8882,-26%
140,,33324,,,25830,14411,599,19646,25%,14925,75.13,2%,Mar 2023,500247,42151,-5585,-13%
141,492068,483728,8339,2%,607,47,326,8573,74%,2232,,0%,Mar 2017,543526,,,
142,522848,513419,9429,2%,801,46,302,9882,75%,2446,,0%,Mar 2018,543526,,,
143,559986,550030,9957,2%,841,39,333,10425,74%,2688,,2%,Mar 2019,543526,,,
144,615920,608641,7280,1%,2698,58,375,9545,72%,2713,,2%,Mar 2020,543526,,,
145,681605,670921,10684,2%,623,0,413,10895,73%,2901,,0%,Mar 2021,543526,,,
146,720314,708926,11387,2%,992,0,433,11945,66%,4043,6.39,23%,Mar 2022,543526,,,
147,1087933,1054015,33918,3%,7782,0,0,41700,13%,36397,57.55,5%,Mar 2023,543526,,,
148,64255,53578,10676,17%,886,3008,1580,6974,33%,4737,34.13,21%,Mar 2012,500510,,,
149,74426,63032,11394,15%,2523,4642,1637,7638,31%,5291,37.69,22%,Mar 2013,500510,,,
150,85054,70968,14086,17%,1337,6494,1446,7483,35%,4885,35.41,27%,Mar 2014,500510,,,
151,91929,76245,15684,17%,1422,7266,2623,7217,31%,4966,34.17,32%,Mar 2015,500510,,,
152,101122,85637,15486,15%,1219,6899,1787,8020,30%,4592,30.64,40%,Mar 2016,500510,,,
153,109312,92691,16620,15%,1466,6829,2370,8887,23%,6486,43.17,22%,Mar 2017,500510,,,
154,119683,99572,20111,17%,1465,7714,2223,11639,27%,8004,52.59,30%,Mar 2018,500510,,,
155,135220,112354,22866,17%,2701,9339,1923,14305,28%,10217,63.48,28%,Mar 2019,500510,,,
156,145452,120899,24553,17%,3015,11021,2462,14086,23%,10894,68.02,26%,Mar 2020,500510,,,
157,135979,112519,23460,17%,8111,11750,2904,16918,24%,12921,82.47,44%,Mar 2021,500510,,,
158,156521,132195,24327,16%,2364,9235,2948,14508,29%,10419,61.70,36%,Mar 2022,500510,,,
159,183341,156561,26780,15%,3065,9234,3502,17109,26%,12531,74.50,32%,Mar 2023,500510,,,
160,20831,17135,3695,18%,206,143,549,3210,24%,2423,8.74,34%,Jun 2012,532281,,,
161,25581,19901,5680,22%,332,106,637,5270,23%,4040,14.49,21%,Jun 2013,532281,,,
162,32144,24108,8035,25%,677,114,681,7917,18%,6528,23.25,11%,Jun 2014,532281,,,
163,36701,28215,8486,23%,1126,91,404,9117,20%,7342,26.02,58%,Jun 2015,532281,,,
164,31136,24482,6654,21%,871,74,410,7041,20%,5602,19.86,40%,Mar 2016,532281,,,
165,47568,37178,10390,22%,1069,89,828,10542,18%,8606,30.16,40%,Mar 2017,532281,,,
166,50569,39323,11246,22%,1230,69,1383,11024,21%,8722,31.32,19%,Mar 2018,532281,,,
167,60427,46501,13926,23%,943,174,2073,12622,20%,10120,37.31,11%,Mar 2019,532281,,,
168,70676,53360,17316,24%,589,505,3420,13980,21%,11057,40.75,25%,Mar 2020,532281,,,
169,75379,55331,20048,27%,927,511,4611,15853,30%,11169,41.07,24%,Mar 2021,532281,,,
170,85651,65122,20529,24%,1067,319,4326,16951,20%,13523,49.74,84%,Mar 2022,532281,,,
171,101456,78828,22628,22%,1358,353,4145,19488,24%,14845,54.73,88%,Mar 2023,532281,,,
172,9231,7720,1511,16%,107,43,121,1454,30%,1021,10.31,39%,Mar 2012,500820,,,
173,10504,8767,1737,17%,114,42,155,1655,30%,1160,11.61,40%,Mar 2013,500820,,,
174,12220,10217,2004,16%,124,48,246,1834,31%,1263,12.71,42%,Mar 2014,500820,,,
175,13615,11372,2243,16%,142,42,266,2077,31%,1427,14.54,42%,Mar 2015,500820,,,
176,14271,11546,2725,19%,213,49,276,2614,32%,1803,18.19,41%,Mar 2016,500820,,,
177,15062,12068,2994,20%,338,37,335,2960,32%,2016,20.22,51%,Mar 2017,500820,,,
178,16825,13621,3204,19%,336,41,360,3138,33%,2098,21.26,41%,Mar 2018,500820,,,
179,19240,15475,3765,20%,274,110,622,3306,33%,2208,22.48,47%,Mar 2019,500820,,,
180,20211,16054,4157,21%,355,102,780,3629,24%,2774,28.20,43%,Mar 2020,500820,,,
181,21713,16857,4856,22%,332,92,791,4304,26%,3207,32.73,55%,Mar 2021,500820,,,
182,29101,24298,4804,17%,296,95,816,4188,26%,3085,31.59,61%,Mar 2022,500820,,,
183,34489,28229,6260,18%,431,144,858,5689,26%,4195,42.81,60%,Mar 2023,500820,,,
184,,6895,,,5487,13969,348,6270,33%,4220,20.42,16%,Mar 2012,532215,21995,1131,5%
185,,8538,,,6833,17513,359,7625,31%,5235,22.37,16%,Mar 2013,532215,27202,1151,4%
186,,9944,,,7766,18703,375,9479,33%,6311,26.86,15%,Mar 2014,532215,30736,2089,7%
187,,11521,,,8838,21341,420,11283,34%,7450,31.42,15%,Mar 2015,532215,35727,2865,8%
188,,13869,,,9955,24344,461,12690,34%,8358,35.04,14%,Mar 2016,532215,41409,3196,8%
189,,24327,,,12422,26789,527,5954,33%,3967,16.51,30%,Mar 2017,532215,45175,-5941,-13%
190,,29717,,,11863,27604,591,566,18%,464,1.78,0%,Mar 2018,532215,46614,-10706,-23%
191,,28020,,,14189,33883,737,7592,34%,5047,19.59,5%,Mar 2019,532215,56044,-5860,-10%
192,,35976,,,16342,37996,806,5280,64%,1879,6.57,0%,Mar 2020,532215,63716,-10256,-16%
193,,32621,,,13577,34627,976,9750,26%,7252,23.49,0%,Mar 2021,532215,64397,-2851,-4%
194,,31216,,,17268,34923,1046,18929,25%,14207,45.99,2%,Mar 2022,532215,68846,2707,4%
195,,31655,,,6217,43389,0,18621,42%,10919,35.16,3%,Mar 2023,532215,87448,12405,14%
196,39356,34355,5001,13%,545,1826,1224,2496,19%,2020,16.72,6%,Mar 2012,512599,,,
197,46375,40354,6021,13%,1775,3492,2298,2005,39%,1218,14.67,10%,Mar 2013,512599,,,
198,54947,45564,9383,17%,1157,5703,3223,1614,-64%,2646,20.19,7%,Mar 2014,512599,,,
199,64465,52015,12450,19%,792,7056,3522,2663,14%,2298,17.71,8%,Mar 2015,512599,,,
200,34008,32325,1684,5%,1044,1357,314,1056,7%,1000,9.19,4%,Mar 2016,512599,,,
201,36533,34631,1902,5%,749,1257,315,1079,25%,925,8.98,4%,Mar 2017,512599,,,
202,35924,33886,2038,6%,363,1250,664,487,23%,594,6.89,6%,Mar 2018,512599,,,
203,40379,38409,1969,5%,504,1625,390,459,32%,506,6.52,6%,Mar 2019,512599,,,
204,43403,41108,2294,5%,872,1572,472,1122,29%,1040,10.35,10%,Mar 2020,512599,,,
205,39537,37031,2506,6%,494,1377,537,1086,31%,1046,8.39,12%,Mar 2021,512599,,,
206,69420,65707,3714,5%,1012,2526,1248,952,50%,788,7.06,14%,Mar 2022,512599,,,
207,136978,128150,8828,6%,828,3970,2436,3250,32%,2422,21.69,6%,Mar 2023,512599,,,
208,36090,33807,2283,6%,1086,62,1162,2145,24%,1681,58.19,13%,Mar 2012,532500,,,
209,44304,39944,4361,10%,797,198,1890,3070,20%,2470,81.74,10%,Mar 2013,532500,,,
210,44542,39232,5310,12%,724,184,2116,3734,24%,2854,94.44,13%,Mar 2014,532500,,,
211,50801,43909,6892,14%,817,218,2515,4976,24%,3809,126.04,20%,Mar 2015,532500,,,
212,57589,48565,9024,16%,1464,82,2822,7585,28%,5497,181.98,19%,Mar 2016,532500,,,
213,68085,57664,10421,15%,2399,89,2604,10127,26%,7511,248.61,30%,Mar 2017,532500,,,
214,79809,67692,12118,15%,2155,346,2760,11167,29%,7881,260.86,31%,Mar 2018,532500,,,
215,86068,75012,11056,13%,2664,76,3021,10624,28%,7651,253.21,32%,Mar 2019,532500,,,
216,75660,68305,7355,10%,3410,134,3528,7103,20%,5678,187.90,32%,Mar 2020,532500,,,
217,70372,64961,5411,8%,3046,102,3034,5321,18%,4389,145.30,31%,Mar 2021,532500,,,
218,88330,82578,5752,7%,1861,127,2789,4697,17%,3880,128.43,47%,Mar 2022,532500,,,
219,117571,106554,11018,9%,2318,187,2826,10323,20%,8211,271.82,33%,Mar 2023,532500,,,
220,8848,8011,838,9%,92,44,46,840,28%,601,6.77,26%,Mar 2012,500114,,,
221,10123,9109,1014,10%,99,51,56,1006,28%,725,8.17,26%,Mar 2013,500114,,,
222,10927,9880,1047,10%,117,87,68,1010,27%,735,8.28,25%,Mar 2014,500114,,,
223,11913,10761,1153,10%,67,81,90,1049,22%,816,9.19,25%,Mar 2015,500114,,,
224,11276,10337,939,8%,69,42,98,868,22%,675,7.60,29%,Mar 2016,500114,,,
225,13261,12097,1164,9%,-42,38,111,973,28%,697,8.01,32%,Mar 2017,500114,,,
226,16120,14476,1644,10%,70,53,131,1530,28%,1102,12.73,29%,Mar 2018,500114,,,
227,19779,17785,1994,10%,178,53,163,1957,29%,1389,15.82,32%,Mar 2019,500114,,,
228,21052,18589,2463,12%,153,166,348,2102,29%,1493,16.91,24%,Mar 2020,500114,,,
229,21644,19919,1725,8%,180,203,375,1327,27%,974,10.96,37%,Mar 2021,500114,,,
230,28799,25455,3344,12%,177,218,399,2904,24%,2198,24.48,31%,Mar 2022,500114,,,
231,40575,35696,4879,12%,309,300,441,4447,26%,3274,36.61,27%,Mar 2023,500114,,,
232,8019,5047,2972,37%,702,28,291,3355,9%,3042,12.83,17%,Mar 2012,524715,,,
233,11131,6346,4784,43%,-90,43,336,4315,20%,3469,14.40,9%,Mar 2013,524715,,,
234,16080,9078,7003,44%,-1968,44,409,4581,15%,3879,15.17,10%,Mar 2014,524715,,,
235,27392,19498,7894,29%,283,579,1195,6403,14%,5476,21.92,14%,Mar 2015,524715,,,
236,28487,20313,8174,29%,-42,523,1038,6571,14%,5658,18.89,5%,Mar 2016,524715,,,
237,31578,21476,10102,32%,610,400,1265,9048,13%,7846,29.03,12%,Mar 2017,524715,,,
238,26489,20858,5631,21%,-135,518,1500,3479,26%,2542,8.73,23%,Mar 2018,524715,,,
239,29066,22689,6377,22%,-258,555,1753,3810,16%,3208,11.11,25%,Mar 2019,524715,,,
240,32838,25855,6983,21%,382,303,2053,5010,16%,4172,15.69,25%,Mar 2020,524715,,,
241,33498,25028,8470,25%,-3449,141,2080,2799,18%,2272,12.10,62%,Mar 2021,524715,,,
242,38654,28397,10258,27%,-3505,127,2144,4481,24%,3389,13.64,73%,Mar 2022,524715,,,
243,43886,32239,11647,27%,463,172,2529,9408,9%,8513,35.32,33%,Mar 2023,524715,,,
244,2715,920,1794,66%,1190,744,14,2226,15%,1890,8.40,2%,Mar 2012,532978,,,
245,8055,4124,3931,49%,2,1204,22,2708,18%,2214,9.89,2%,Mar 2013,532978,,,
246,6023,1531,4491,75%,3,1562,31,2902,24%,2191,9.71,2%,Mar 2014,532978,,,
247,11335,5823,5511,49%,8,2230,38,3251,26%,2409,10.62,2%,Mar 2015,532978,,,
248,20533,13795,6739,33%,0,2877,58,3804,27%,2775,11.71,1%,Mar 2016,532978,,,
249,24507,15794,8713,36%,0,3716,73,4925,30%,3450,14.21,1%,Mar 2017,532978,,,
250,32862,22074,10788,33%,1,4531,160,6099,32%,4176,16.65,1%,Mar 2018,532978,,,
251,42605,27569,15037,35%,2,6657,226,8155,34%,5374,20.23,1%,Mar 2019,532978,,,
252,54351,36094,18258,34%,0,9500,457,8302,28%,5994,21.17,2%,Mar 2020,532978,,,
253,60592,40950,19641,32%,-7,9274,498,9862,25%,7367,28.09,1%,Mar 2021,532978,,,
254,68406,46951,21455,31%,8,9629,563,11271,26%,8314,28.63,1%,Mar 2022,532978,,,
255,82071,52383,29688,36%,2,12201,678,16811,27%,12210,40.29,2%,Mar 2023,532978,,,
256,2209,2071,138,6%,14,26,37,89,32%,60,1.13,0%,Mar 2012,540376,,,
257,3341,3126,215,6%,15,43,46,141,34%,94,1.73,0%,Mar 2013,540376,,,
258,4686,4345,341,7%,16,56,57,245,34%,161,2.95,0%,Mar 2014,540376,,,
259,6439,5983,456,7%,20,72,82,323,34%,212,3.77,0%,Mar 2015,540376,,,
260,8584,7919,664,8%,17,91,98,492,35%,320,5.70,0%,Mar 2016,540376,,,
261,11898,10929,969,8%,28,122,128,747,36%,479,7.67,0%,Mar 2017,540376,,,
262,15033,13680,1353,9%,88,60,159,1222,34%,806,12.92,0%,Mar 2018,540376,,,
263,20005,18371,1633,8%,48,47,212,1422,37%,902,14.46,0%,Mar 2019,540376,,,
264,24870,22742,2128,9%,60,69,374,1745,25%,1301,20.09,0%,Mar 2020,540376,,,
265,24143,22398,1745,7%,194,42,414,1483,26%,1099,16.97,0%,Mar 2021,540376,,,
266,30976,28474,2502,8%,114,54,498,2064,28%,1492,23.04,0%,Mar 2022,540376,,,
267,42840,39203,3637,8%,129,67,639,3060,22%,2378,36.69,0%,Mar 2023,540376,,,
268,18551,14357,4194,23%,371,256,963,3345,28%,2397,87.69,9%,Mar 2012,532538,,,
269,20514,15674,4839,24%,304,252,1023,3867,30%,2688,97.66,9%,Mar 2013,532538,,,
270,20730,16695,4035,19%,322,361,1139,2858,23%,2213,80.44,11%,Mar 2014,532538,,,
271,23306,18881,4425,19%,350,587,1203,2986,30%,2102,76.47,12%,Mar 2015,532538,,,
272,25153,20252,4901,19%,464,566,1377,3421,28%,2480,90.30,11%,Mar 2016,532538,,,
273,25375,20162,5212,21%,648,640,1348,3872,30%,2714,98.90,10%,Mar 2017,532538,,,
274,30979,24834,6145,20%,242,1238,1848,3301,33%,2224,80.92,13%,Mar 2018,532538,,,
275,41462,34115,7347,18%,350,1778,2451,3468,31%,2400,87.51,13%,Mar 2019,532538,,,
276,42430,33184,9246,22%,651,1992,2723,5183,-11%,5751,199.40,7%,Mar 2020,532538,,,
277,44726,33158,11568,26%,619,1486,2700,8001,32%,5462,189.26,20%,Mar 2021,532538,,,
278,52599,41084,11514,22%,669,945,2715,8524,14%,7334,254.42,15%,Mar 2022,532538,,,
279,63240,52821,10419,16%,508,623,2888,7416,32%,5073,175.41,22%,Mar 2023,532538,,,
280,37188,30156,7032,19%,1268,344,975,6981,20%,5630,8.55,26%,Mar 2012,507685,,,
281,37430,29773,7657,20%,1440,289,940,7869,21%,6182,9.36,28%,Mar 2013,507685,,,
282,43424,33788,9635,22%,1922,383,1060,10114,21%,7991,12.08,25%,Mar 2014,507685,,,
283,46951,36652,10299,22%,2450,350,1175,11224,22%,8714,13.15,34%,Mar 2015,507685,,,
284,51244,40448,10796,21%,2752,558,1496,11494,22%,8957,13.52,17%,Mar 2016,507685,,,
285,55448,44128,11321,20%,2623,594,2310,11039,23%,8518,13.10,6%,Mar 2017,507685,,,
286,54487,44100,10387,19%,2550,583,2112,10242,22%,8003,13.27,6%,Mar 2018,507685,,,
287,59019,47406,11613,20%,2614,738,1947,11542,22%,9018,14.92,7%,Mar 2019,507685,,,
288,61138,48795,12342,20%,2728,733,2086,12252,20%,9772,17.02,6%,Mar 2020,507685,,,
289,61935,47164,14771,24%,2404,509,2763,13903,22%,10868,19.70,5%,Mar 2021,507685,,,
290,79312,62628,16684,21%,2067,532,3078,15141,19%,12243,22.31,27%,Mar 2022,507685,,,
291,90488,73640,16848,19%,2266,1008,3340,14766,23%,11366,20.68,5%,Mar 2023,507685,,,
292,113844,79928,33916,30%,3718,438,2883,34313,33%,22828,17.50,33%,Mar 2011,500312,,,
293,140147,94797,45350,32%,11075,435,13187,42804,34%,28428,21.93,30%,Mar 2012,500312,,,
294,161984,118482,43501,27%,5488,484,11763,36742,35%,23994,18.87,34%,Mar 2013,500312,,,
295,174121,124991,49130,28%,7170,624,16262,39413,32%,26665,20.65,31%,Mar 2014,500312,,,
296,160923,118610,42312,26%,5955,2864,18033,27370,35%,17703,14.29,44%,Mar 2015,500312,,,
297,124036,84901,39135,32%,1067,3766,16384,20052,35%,13102,10.03,56%,Mar 2016,500312,,,
298,282506,229702,52804,19%,12724,3591,20219,41718,30%,29169,19.03,40%,Mar 2017,500312,,,
299,322706,265817,56889,18%,10429,4999,23112,39208,34%,26068,17.23,38%,Mar 2018,500312,,,
300,421624,346805,74819,18%,9567,5837,23704,54846,38%,33938,24.28,29%,Mar 2019,500312,,,
301,396728,344623,52105,13%,982,7489,26635,18962,40%,11456,8.59,58%,Mar 2020,500312,,,
302,303849,254375,49473,16%,11271,5079,25538,30126,29%,21360,12.96,28%,Mar 2021,500312,,,
303,491216,411342,79874,16%,6797,5696,26883,54091,9%,49294,36.19,29%,Mar 2022,500312,,,
304,676683,598582,78101,12%,7360,7312,25218,52931,,39138,33.61,,TTM,500312,,,
305,7515,5990,1525,20%,21,5,153,1388,31%,962,99.73,49%,Dec 2011,500790,,,
306,8335,6509,1825,22%,31,27,277,1553,31%,1068,110.76,44%,Dec 2012,500790,,,
307,9101,7153,1948,21%,97,37,330,1678,33%,1117,115.87,42%,Dec 2013,500790,,,
308,9855,7816,2039,21%,87,14,338,1774,33%,1185,122.87,51%,Dec 2014,500790,,,
309,8175,6620,1555,19%,-391,3,347,814,31%,563,58.42,83%,Dec 2015,500790,,,
310,9141,7292,1850,20%,140,91,354,1545,35%,1001,103.86,61%,Dec 2016,500790,,,
311,10010,7913,2097,21%,177,92,342,1839,33%,1225,127.07,68%,Dec 2017,500790,,,
312,11292,8675,2618,23%,259,112,336,2429,34%,1607,166.67,69%,Dec 2018,500790,,,
313,12369,9443,2926,24%,247,129,370,2673,26%,1968,204.16,168%,Dec 2019,500790,,,
314,13350,10149,3202,24%,146,164,370,2813,26%,2082,215.98,93%,Dec 2020,500790,,,
315,14741,11178,3562,24%,-112,202,391,2857,26%,2118,219.72,91%,Dec 2021,500790,,,
316,16897,13191,3706,22%,107,155,403,3256,27%,2391,247.94,89%,Dec 2022,500790,,,
317,17726,13834,3892,22%,113,156,400,3449,,2542,263.60,,TTM,500790,,,
318,165654,143439,22215,13%,-74,2982,5625,13534,-0%,13599,47.60,9%,Mar 2012,500570,,,
319,188793,164197,24596,13%,213,3560,7601,13647,28%,9976,34.62,6%,Mar 2013,500570,,,
320,232834,197980,34853,15%,-157,4749,11078,18869,25%,14050,48.46,5%,Mar 2014,500570,,,
321,263159,223920,39239,15%,714,4861,13389,21703,35%,14073,48.44,0%,Mar 2015,500570,,,
322,273046,234650,38395,14%,-2670,4889,16711,14126,21%,11678,40.11,1%,Mar 2016,500570,,,
323,269693,240104,29589,11%,1869,4238,17905,9315,35%,7557,25.82,0%,Mar 2017,500570,,,
324,291550,260093,31458,11%,5933,4682,21554,11155,39%,9091,31.13,0%,Mar 2018,500570,,,
325,301938,277274,24664,8%,-26686,5759,23591,-31371,8%,-28724,-99.84,0%,Mar 2019,500570,,,
326,261068,243081,17987,7%,102,7243,21425,-10580,-4%,-11975,-39.08,0%,Mar 2020,500570,,,
327,249795,217507,32287,13%,-11118,8097,23547,-10474,-24%,-13395,-40.51,0%,Mar 2021,500570,,,
328,278454,253734,24720,9%,2424,9312,24836,-7003,-60%,-11309,-34.46,0%,Mar 2022,500570,,,
329,345967,314047,31920,9%,6224,10225,24860,3058,23%,2690,7.27,32%,Mar 2023,500570,,,
330,65231,49935,15296,23%,3088,2139,3107,13137,25%,9815,9.92,34%,Mar 2012,532555,,,
331,71518,53370,18149,25%,4777,2491,3823,16611,24%,12586,12.72,38%,Mar 2013,532555,,,
332,78330,58603,19727,25%,2792,3263,4770,14486,21%,11403,11.53,42%,Mar 2014,532555,,,
333,79957,62605,17352,22%,2338,3669,5565,10456,4%,9992,10.09,21%,Mar 2015,532555,,,
334,73396,54829,18568,25%,1188,3366,5771,10618,-2%,10781,10.92,26%,Mar 2016,532555,,,
335,82042,60445,21598,26%,1592,3753,6010,13426,20%,10714,10.83,37%,Mar 2017,532555,,,
336,88083,65598,22485,26%,5576,4447,7460,16154,35%,10502,10.66,40%,Mar 2018,532555,,,
337,100287,77576,22710,23%,2818,5605,8669,11255,-25%,14034,13.88,44%,Mar 2019,532555,,,
338,109464,77863,31601,29%,8194,8189,10356,21250,44%,11902,11.72,27%,Mar 2020,532555,,,
339,111531,77484,34047,31%,5017,9224,12450,17390,14%,14969,15.09,41%,Mar 2021,532555,,,
340,132669,92301,40368,30%,4803,9376,13788,22007,23%,16960,17.20,41%,Mar 2022,532555,,,
341,176207,128891,47316,27%,2550,11156,14792,23917,28%,17121,17.44,42%,Mar 2023,532555,,,
342,34368,27571,6797,20%,-1444,1427,1933,1993,25%,557,2.41,40%,Mar 2012,500228,,,
343,38210,31698,6512,17%,-307,1967,2237,1999,42%,929,4.32,30%,Mar 2013,500228,,,
344,51220,42051,9169,18%,-1630,3048,3183,1308,70%,402,1.87,74%,Mar 2014,500228,,,
345,52972,43608,9364,18%,103,3493,3434,2539,32%,1722,7.43,19%,Mar 2015,500228,,,
346,41546,35124,6422,15%,-1966,3601,3323,-2468,80%,-481,-1.39,-67%,Mar 2016,500228,,,
347,55604,43296,12308,22%,18,3768,3430,5128,33%,3467,14.57,19%,Mar 2017,500228,,,
348,71933,57017,14916,21%,-177,3701,3387,7651,20%,6113,25.71,16%,Mar 2018,500228,,,
349,84757,65827,18930,22%,196,3917,4041,11168,33%,7524,31.60,16%,Mar 2019,500228,,,
350,73326,61513,11813,16%,-289,4265,4246,3013,-30%,3919,16.67,15%,Mar 2020,500228,,,
351,79839,59661,20178,25%,473,3957,4679,12015,34%,7873,32.73,25%,Mar 2021,500228,,,
352,146371,107257,39114,27%,1600,4968,6001,29745,30%,20938,85.49,25%,Mar 2022,500228,,,
353,165960,147550,18410,11%,1621,6902,7474,5655,27%,4139,17.14,0%,Mar 2023,500228,,,
354,10323,1898,8425,82%,888,1986,2637,4690,30%,3303,5.35,30%,Mar 2012,532898,,,
355,13081,2244,10837,83%,966,2599,3428,5776,25%,4313,6.99,31%,Mar 2013,532898,,,
356,15555,2588,12967,83%,725,3254,4079,6359,28%,4548,6.52,30%,Mar 2014,532898,,,
357,17540,2613,14927,85%,731,4081,5173,6404,21%,5046,7.23,21%,Mar 2015,532898,,,
358,20652,2468,18184,88%,656,5086,6182,7572,21%,5959,8.54,20%,Mar 2016,532898,,,
359,25697,3247,22450,87%,933,6204,7722,9457,21%,7451,10.68,31%,Mar 2017,532898,,,
360,29954,3993,25961,87%,4065,7324,9231,13471,39%,8204,11.76,33%,Mar 2018,532898,,,
361,35059,8140,26920,77%,1505,8737,10541,9147,-10%,10034,14.38,43%,Mar 2019,532898,,,
362,37744,4858,32886,87%,2820,9509,11607,14590,24%,11059,15.85,47%,Mar 2020,532898,,,
363,39640,4734,34906,88%,769,8135,12039,15501,22%,12036,17.26,52%,Mar 2021,532898,,,
364,41616,5796,35820,86%,4697,8036,12872,19610,14%,16824,24.12,61%,Mar 2022,532898,,,
365,45581,6185,39396,86%,1273,9634,13333,17702,13%,15417,22.10,67%,Mar 2023,532898,,,
366,59399,52140,7259,12%,526,1800,1802,4184,34%,3060,25.46,24%,Mar 2012,500520,,,
367,68693,59578,9116,13%,841,2297,2080,5580,35%,4129,33.38,19%,Mar 2013,500520,,,
368,74001,63830,10170,14%,773,2954,2170,5820,26%,5154,37.89,18%,Mar 2014,500520,,,
369,71448,62655,8793,12%,800,3157,2124,4313,40%,3381,25.26,23%,Mar 2015,500520,,,
370,75841,65759,10082,13%,1399,3368,2442,5672,37%,3554,25.35,21%,Mar 2016,500520,,,
371,83773,73038,10735,13%,2077,3648,2813,6350,36%,4051,29.77,22%,Mar 2017,500520,,,
372,92094,78868,13226,14%,4366,3987,3280,10326,23%,7958,60.41,11%,Mar 2018,500520,,,
373,104721,89514,15207,15%,2676,5021,3991,8871,32%,6017,42.76,17%,Mar 2019,500520,,,
374,75382,65224,10158,13%,885,6021,3367,1655,119%,-321,1.02,205%,Mar 2020,500520,,,
375,74278,62791,11487,15%,1152,6102,3378,3158,52%,1512,14.58,54%,Mar 2021,500520,,,
376,90171,75488,14683,16%,3204,5018,3508,9362,23%,7253,52.91,20%,Mar 2022,500520,,,
377,121269,100983,20285,17%,3961,5830,4357,14060,19%,11374,82.68,18%,Mar 2023,500520,,,
378,502,98,403,80%,80,334,333,-184,75%,-47,-0.37,0%,Mar 2017,541450,,,
379,1480,637,843,57%,42,552,543,-210,35%,-138,-1.00,0%,Mar 2018,541450,,,
380,2058,532,1526,74%,73,1121,1062,-585,19%,-475,-3.03,0%,Mar 2019,541450,,,
381,2549,1099,1450,57%,-111,995,394,-50,-22%,-68,-0.15,0%,Mar 2020,541450,,,
382,3124,883,2241,72%,391,1953,486,193,6%,182,1.34,0%,Mar 2021,541450,,,
383,5133,1621,3512,68%,507,2617,849,553,12%,489,3.13,0%,Mar 2022,541450,,,
384,7792,2861,4931,63%,647,2911,1300,1367,33%,973,6.14,0%,Mar 2023,541450,,,
385,2000,701,1299,65%,110,167,239,1004,9%,916,4.58,20%,Mar 2011,532921,,,
386,2697,952,1746,65%,34,281,316,1182,8%,1093,5.50,18%,Mar 2012,532921,,,
387,3577,1195,2382,67%,344,542,422,1762,7%,1639,8.10,12%,Mar 2013,532921,,,
388,4830,1910,2919,60%,685,977,649,1978,12%,1741,8.40,12%,Mar 2014,532921,,,
389,6152,2250,3902,63%,686,1175,912,2501,7%,2324,11.18,10%,Mar 2015,532921,,,
390,7109,2532,4577,64%,730,1124,1063,3119,9%,2856,13.99,8%,Mar 2016,532921,,,
391,8439,3021,5418,64%,1037,1116,1160,4179,7%,3902,18.89,7%,Mar 2017,532921,,,
392,11323,4166,7157,63%,844,1579,1188,5234,30%,3690,17.74,11%,Mar 2018,532921,,,
393,10925,4330,6596,60%,1289,1385,1373,5126,21%,4045,19.27,1%,Mar 2019,532921,,,
394,11873,5926,5947,50%,1928,1951,1680,4244,11%,3785,18.52,17%,Mar 2020,532921,,,
395,12550,3862,8688,69%,1967,2255,2107,6292,20%,5049,24.58,20%,Mar 2021,532921,,,
396,15934,7052,8882,56%,1939,2541,2740,5541,13%,4795,22.38,22%,Mar 2022,532921,,,
397,18900,9365,9535,50%,1847,2389,3253,5740,,5285,24.36,,TTM,532921,,,
398,72424,57131,15293,21%,8005,56,1969,21273,30%,14788,23.41,43%,Mar 2012,533278,,,
399,68303,50216,18087,26%,8752,46,1813,24979,31%,17356,27.48,51%,Mar 2013,533278,,,
400,70608,52842,17766,25%,7169,59,1996,22880,34%,15112,23.92,121%,Mar 2014,533278,,,
401,74120,56777,17343,23%,6570,9,2320,21584,36%,13727,21.73,95%,Mar 2015,533278,,,
402,77861,59147,18714,24%,5939,388,2826,21440,33%,14267,22.59,121%,Mar 2016,533278,,,
403,78164,65716,12448,16%,5316,410,2907,14446,36%,9280,14.95,133%,Mar 2017,533278,,,
404,85244,75956,9288,11%,4975,430,3063,10770,35%,7038,11.34,146%,Mar 2018,533278,,,
405,99586,74579,25007,25%,5834,264,3450,27127,36%,17464,28.34,46%,Mar 2019,533278,,,
406,96080,74500,21581,22%,6444,503,3451,24071,31%,16700,27.12,44%,Mar 2020,533278,,,
407,90026,71398,18628,21%,3742,642,3718,18009,29%,12702,20.61,78%,Mar 2021,533278,,,
408,109714,85016,24697,23%,3889,541,4429,23616,26%,17378,28.17,60%,Mar 2022,533278,,,
409,138252,101442,36810,27%,6551,684,4675,38001,26%,28125,45.70,73%,Mar 2023,533278,,,
410,3182,2493,689,22%,10,34,105,560,25%,419,130.03,61%,Mar 2012,540005,,,
411,3851,2981,870,23%,22,21,123,749,25%,562,174.14,54%,Mar 2013,540005,,,
412,4920,3773,1147,23%,217,31,130,1204,17%,996,308.96,55%,Mar 2014,540005,,,
413,4978,3973,1005,20%,99,10,158,936,18%,769,238.30,63%,Mar 2015,540005,,,
414,5846,4819,1028,18%,187,6,174,1035,19%,836,49.25,72%,Mar 2016,540005,,,
415,6501,5271,1230,19%,187,3,178,1236,21%,971,56.91,29%,Mar 2017,540005,,,
416,7306,6119,1187,16%,426,16,156,1442,23%,1112,64.65,33%,Mar 2018,540005,,,
417,9446,7562,1883,20%,302,11,147,2028,25%,1516,87.37,32%,Mar 2019,540005,,,
418,10879,8849,2029,19%,329,83,273,2003,24%,1520,87.30,32%,Mar 2020,540005,,,
419,12370,9645,2725,22%,274,79,332,2588,25%,1938,110.79,36%,Mar 2021,540005,,,
420,15669,12610,3058,20%,467,73,355,3097,26%,2298,131.04,42%,Mar 2022,540005,,,
421,33183,27075,6108,18%,557,150,723,5792,24%,4410,149.02,40%,Mar 2023,540005,,,
422,11405,5336,6069,53%,1500,14,611,6945,20%,5526,13.08,18%,Mar 2012,500188,,,
423,12700,6172,6528,51%,1966,27,647,7820,12%,6899,16.33,19%,Mar 2013,500188,,,
424,13636,6717,6919,51%,1881,45,785,7970,13%,6905,16.34,21%,Mar 2014,500188,,,
425,14788,7338,7450,50%,2788,24,644,9570,15%,8178,19.35,23%,Mar 2015,500188,,,
426,14181,7923,6258,44%,3127,17,745,8623,5%,8175,19.35,144%,Mar 2016,500188,,,
427,17273,7534,9739,56%,2474,202,1811,10200,18%,8316,19.68,149%,Mar 2017,500188,,,
428,22082,9812,12270,56%,1956,246,1483,12497,26%,9276,21.95,36%,Mar 2018,500188,,,
429,21118,10448,10670,51%,1782,113,1883,10456,24%,7956,18.83,106%,Mar 2019,500188,,,
430,18561,9691,8870,48%,1911,112,2279,8390,19%,6805,16.11,102%,Mar 2020,500188,,,
431,22629,10957,11672,52%,1819,386,2531,10574,25%,7980,18.89,113%,Mar 2021,500188,,,
432,29440,13214,16226,55%,1082,290,2917,14101,32%,9630,22.79,79%,Mar 2022,500188,,,
433,34098,16586,17512,51%,1382,333,3264,15297,31%,10520,24.90,303%,Mar 2023,500188,,,
434,132900,120483,12417,9%,4935,4250,4517,8585,42%,5217,4.78,22%,Mar 2012,500470,,,
435,134712,130746,3965,3%,1445,3968,5575,-4133,-78%,-7272,-6.26,-11%,Mar 2013,500470,,,
436,148614,132430,16184,11%,716,4337,5841,6722,45%,3665,3.19,27%,Mar 2014,500470,,,
437,139504,136095,3409,2%,5994,4848,5944,-1388,-185%,-3939,-3.48,-20%,Mar 2015,500470,,,
438,101965,102590,-625,-1%,10346,4221,5306,193,358%,-497,-0.34,-203%,Mar 2016,500470,,,
439,112299,99156,13144,12%,-3789,5072,5673,-1391,-200%,-4169,-3.76,-23%,Mar 2017,500470,,,
440,123249,101816,21433,17%,10898,5455,5742,21135,16%,17743,11.93,9%,Mar 2018,500470,,,
441,157669,128351,29318,19%,1524,7660,7342,15841,42%,9122,9.07,15%,Mar 2019,500470,,,
442,148972,131144,17828,12%,-2920,7581,8708,-1380,185%,1172,1.38,74%,Mar 2020,500470,,,
443,156477,125973,30504,19%,180,7607,9234,13844,41%,8190,6.26,40%,Mar 2021,500470,,,
444,243959,180469,63490,26%,1300,5462,9101,50227,17%,41749,32.88,16%,Mar 2022,500470,,,
445,243353,211053,32300,13%,1569,6299,9335,18235,56%,8075,7.17,50%,Mar 2023,500470,,,
446,3127,2641,485,16%,42,31,64,433,25%,325,6.39,30%,Mar 2012,500331,,,
447,3678,3120,558,15%,107,16,69,581,27%,424,8.27,31%,Mar 2013,500331,,,
448,4283,3611,672,16%,38,16,81,612,27%,450,8.77,31%,Mar 2014,500331,,,
449,4844,4073,771,16%,40,16,118,678,25%,514,10.00,29%,Mar 2015,500331,,,
450,5361,4188,1173,22%,81,13,100,1141,29%,807,15.66,26%,Mar 2016,500331,,,
451,5617,4355,1262,22%,115,14,115,1248,31%,863,16.77,28%,Mar 2017,500331,,,
452,6078,4737,1341,22%,153,16,120,1359,29%,966,18.95,32%,Mar 2018,500331,,,
453,7078,5707,1371,19%,130,26,133,1342,31%,928,18.21,36%,Mar 2019,500331,,,
454,7294,5718,1576,22%,97,34,170,1470,24%,1122,21.97,32%,Mar 2020,500331,,,
455,7293,5606,1686,23%,74,37,201,1522,26%,1126,22.26,38%,Mar 2021,500331,,,
456,9921,8065,1856,19%,39,42,240,1614,25%,1207,23.76,42%,Mar 2022,500331,,,
457,11799,9815,1984,17%,56,48,270,1723,25%,1289,25.05,44%,Mar 2023,500331,,,
458,19582,15901,3681,19%,502,23,147,4013,25%,3048,105.35,43%,Mar 2012,532977,,,
459,20025,16370,3656,18%,790,1,168,4277,29%,3133,108.26,42%,Mar 2013,532977,,,
460,20137,15974,4163,21%,674,1,181,4655,31%,3380,116.82,43%,Mar 2014,532977,,,
461,21595,17467,4128,19%,228,6,267,4083,31%,3026,104.56,48%,Mar 2015,532977,,,
462,22574,17781,4793,21%,1194,1,307,5679,28%,4061,140.35,39%,Mar 2016,532977,,,
463,21755,17326,4429,20%,1468,1,307,5588,27%,4079,140.98,39%,Mar 2017,532977,,,
464,25210,20364,4846,19%,1404,1,315,5933,29%,4219,145.80,41%,Mar 2018,532977,,,
465,30358,25160,5198,17%,2028,4,266,6956,29%,4928,170.29,35%,Mar 2019,532977,,,
466,29919,24809,5109,17%,1832,3,246,6692,22%,5212,180.11,67%,Mar 2020,532977,,,
467,27741,22803,4938,18%,1570,7,259,6241,22%,4857,167.85,83%,Mar 2021,532977,,,
468,33145,27886,5259,16%,2671,9,270,7652,19%,6166,213.08,66%,Mar 2022,532977,,,
469,36455,30005,6451,18%,1717,40,286,7842,23%,6060,214.17,65%,Mar 2023,532977,,,
470,408923,389402,19521,5%,-4268,5948,5309,3995,-7%,4265,2.90,30%,Mar 2012,530965,,,
471,461780,447919,13861,3%,3499,7164,5692,4504,19%,3627,3.05,36%,Mar 2013,530965,,,
472,488345,471123,17222,4%,5064,5948,6360,9978,30%,6967,4.86,30%,Mar 2014,530965,,,
473,449507,438932,10575,2%,5860,4201,5219,7014,31%,4872,3.37,33%,Mar 2015,530965,,,
474,346045,324007,22038,6%,5219,3487,5698,18072,31%,12413,8.25,28%,Mar 2016,530965,,,
475,355379,321230,34149,10%,4356,3743,6806,27956,27%,20385,13.63,45%,Mar 2017,530965,,,
476,421492,379834,41658,10%,4331,3875,7664,34450,34%,22626,15.23,90%,Mar 2018,530965,,,
477,528158,492896,35262,7%,4097,4925,8506,25927,33%,17274,12.31,49%,Mar 2019,530965,,,
478,483763,467710,16053,3%,-7165,5792,10273,-7177,74%,-1876,-0.63,-437%,Mar 2020,530965,,,
479,363950,324021,39929,11%,4696,2933,10941,30751,29%,21762,15.32,51%,Mar 2021,530965,,,
480,589336,542717,46619,8%,4318,4301,12348,34289,25%,25727,17.78,46%,Mar 2022,530965,,,
481,841756,811057,30699,4%,5061,7541,13181,15038,22%,11704,6.93,43%,Mar 2023,530965,,,
482,12029,10678,1351,11%,105,28,152,1275,34%,845,,24%,Sep 2011,500550,,,
483,12920,12005,915,7%,-144,49,201,521,34%,343,,60%,Sep 2012,500550,,,
484,11353,10908,444,4%,67,43,250,219,11%,194,5.45,92%,Sep 2013,500550,,,
485,10678,10559,119,1%,985,31,229,844,28%,603,16.94,35%,Sep 2014,500550,,,
486,10512,9516,997,9%,943,28,216,1696,30%,1183,33.23,30%,Sep 2015,500550,,,
487,10810,9762,1047,10%,3156,35,226,3942,26%,2917,81.91,41%,Sep 2016,500550,,,
488,11015,9937,1078,10%,820,32,197,1669,32%,1134,31.83,22%,Sep 2017,500550,,,
489,12725,11382,1344,11%,280,36,197,1391,36%,894,25.10,28%,Sep 2018,500550,,,
490,13000,11498,1503,12%,394,39,198,1660,35%,1087,30.52,23%,Sep 2019,500550,,,
491,9869,8850,1020,10%,310,60,250,1020,26%,756,21.24,33%,Sep 2020,500550,,,
492,12522,11065,1457,12%,278,46,225,1464,25%,1103,30.97,26%,Sep 2021,500550,,,
493,14832,13197,1635,11%,597,61,210,1961,22%,1531,42.99,23%,Sep 2022,500550,,,
494,16357,14404,1953,12%,747,30,210,2460,,1910,53.64,,TTM,500550,,,
495,14060,13535,525,4%,28,15,35,502,11%,447,2.24,0%,Mar 2013,540777,,,
496,17166,16561,605,4%,241,11,41,794,9%,725,3.64,14%,Mar 2014,540777,,,
497,27215,26341,874,3%,79,-14,43,924,15%,786,3.94,18%,Mar 2015,540777,,,
498,18141,17187,953,5%,108,8,45,1008,19%,817,4.09,22%,Mar 2016,540777,,,
499,30647,29674,972,3%,139,9,41,1061,16%,887,4.44,25%,Mar 2017,540777,,,
500,32260,31186,1074,3%,282,11,44,1300,15%,1107,5.50,25%,Mar 2018,540777,,,
501,38857,37643,1215,3%,136,14,45,1291,1%,1278,6.33,26%,Mar 2019,540777,,,
502,29380,28239,1141,4%,369,0,47,1463,11%,1297,6.43,0%,Mar 2020,540777,,,
503,71528,70294,1235,2%,445,0,51,1629,16%,1361,6.73,30%,Mar 2021,540777,,,
504,67126,66348,778,1%,766,0,56,1487,11%,1327,6.28,27%,Mar 2022,540777,,,
505,70207,70203,4,0%,1437,0,0,1441,5%,1368,6.37,30%,Mar 2023,540777,,,
506,13760,13331,429,3%,214,4,34,604,8%,556,5.56,9%,Mar 2012,540719,,,
507,14870,14443,427,3%,292,4,25,690,9%,630,6.30,8%,Mar 2013,540719,,,
508,17258,16747,511,3%,344,5,35,816,11%,728,7.28,14%,Mar 2014,540719,,,
509,23299,22505,794,3%,183,4,34,939,13%,815,8.15,15%,Mar 2015,540719,,,
510,19324,18404,920,5%,129,5,37,1007,16%,844,8.44,14%,Mar 2016,540719,,,
511,30548,29479,1068,4%,139,5,48,1154,17%,955,9.55,16%,Mar 2017,540719,,,
512,34068,32736,1332,4%,156,6,59,1422,19%,1150,11.50,17%,Mar 2018,540719,,,
513,44604,43130,1474,3%,266,8,92,1642,19%,1327,13.27,15%,Mar 2019,540719,,,
514,43798,42447,1351,3%,529,0,89,1790,21%,1422,14.22,0%,Mar 2020,540719,,,
515,81913,81040,872,1%,867,0,99,1640,11%,1456,14.56,17%,Mar 2021,540719,,,
516,82983,82254,730,1%,1032,0,75,1687,11%,1506,15.05,13%,Mar 2022,540719,,,
517,80636,80488,148,0%,1758,0,0,1906,10%,1721,17.19,15%,Mar 2023,540719,,,
518,9576,5935,3641,38%,836,2246,689,1541,24%,1167,7.07,28%,Mar 2012,532868,,,
519,7773,5140,2633,34%,1279,2314,796,802,17%,667,4.19,48%,Mar 2013,532868,,,
520,8298,5805,2493,30%,1133,2463,663,500,-16%,590,3.63,55%,Mar 2014,532868,,,
521,7649,4635,3014,39%,503,2304,545,668,24%,507,3.03,66%,Mar 2015,532868,,,
522,9926,5960,3966,40%,506,2680,766,1026,55%,305,1.72,117%,Mar 2016,532868,,,
523,8221,4775,3446,42%,1135,2980,572,1030,22%,708,4.01,50%,Mar 2017,532868,,,
524,6707,4329,2378,35%,9722,2951,534,8615,50%,4477,25.02,8%,Mar 2018,532868,,,
525,8366,6218,2148,26%,784,2062,225,646,43%,1314,5.98,33%,Mar 2019,532868,,,
526,6083,4937,1146,19%,1135,1427,200,653,326%,-590,-2.36,-85%,Mar 2020,532868,,,
527,5414,3945,1469,27%,383,853,159,840,43%,1083,4.42,45%,Mar 2021,532868,,,
528,5717,3974,1743,30%,195,625,149,1165,28%,1500,6.06,49%,Mar 2022,532868,,,
529,5695,3969,1726,30%,317,392,149,1502,27%,2034,8.22,49%,Mar 2023,532868,,,
530,25245,19666,5579,22%,742,314,1154,4852,27%,3595,57.74,8%,Mar 2012,500300,,,
531,27909,21986,5924,21%,824,324,1252,5171,28%,3778,58.92,8%,Mar 2013,500300,,,
532,28331,23416,4915,17%,576,447,1457,3586,20%,2954,45.13,9%,Mar 2014,500300,,,
533,31734,26590,5144,16%,530,667,1563,3443,30%,2582,37.95,9%,Mar 2015,500300,,,
534,34487,28576,5911,17%,1320,718,1834,4679,26%,3455,52.91,9%,Mar 2016,500300,,,
535,36068,28682,7387,20%,1076,702,1808,5952,29%,4246,67.85,8%,Mar 2017,500300,,,
536,55894,44281,11612,21%,410,3663,2724,5635,35%,3688,40.75,15%,Mar 2018,500300,,,
537,77200,60560,16640,22%,-1846,6060,3571,5163,47%,2745,25.75,27%,Mar 2019,500300,,,
538,68252,57880,10373,15%,7076,6890,4004,6554,-1%,6639,67.07,6%,Mar 2020,500300,,,
539,76404,57769,18635,24%,1130,5723,4033,10009,30%,6987,65.42,14%,Mar 2021,500300,,,
540,95701,75270,20431,21%,1648,4776,4161,13143,15%,11206,114.69,9%,Mar 2022,500300,,,
541,117627,96038,21589,18%,3733,6044,4552,14727,25%,11078,103.69,10%,Mar 2023,500300,,,
542,5485,5174,311,6%,59,42,62,267,25%,200,8.35,51%,Mar 2012,500825,,,
543,6185,5765,421,7%,52,41,73,358,27%,260,10.85,39%,Mar 2013,500825,,,
544,6913,6286,627,9%,34,8,83,569,30%,395,16.48,36%,Mar 2014,500825,,,
545,7858,6988,870,11%,228,4,144,950,28%,689,28.71,28%,Mar 2015,500825,,,
546,8397,7174,1224,15%,115,5,113,1220,32%,825,34.36,29%,Mar 2016,500825,,,
547,9054,7776,1278,14%,151,5,119,1304,32%,885,36.85,30%,Mar 2017,500825,,,
548,9914,8413,1501,15%,166,8,142,1518,34%,1004,41.83,30%,Mar 2018,500825,,,
549,11055,9322,1732,16%,206,9,162,1768,35%,1155,48.23,31%,Mar 2019,500825,,,
550,11600,9756,1843,16%,263,77,185,1844,24%,1394,58.33,60%,Mar 2020,500825,,,
551,13136,10627,2509,19%,313,111,198,2514,26%,1851,77.38,204%,Mar 2021,500825,,,
552,14136,11935,2201,16%,222,144,201,2078,27%,1516,63.31,89%,Mar 2022,500825,,,
553,16301,13470,2831,17%,597,169,226,3033,24%,2316,96.39,75%,Mar 2023,500825,,,
554,8978,5478,3500,39%,168,433,106,3129,33%,2696,31.01,13%,Mar 2012,500295,,,
555,2749,2283,465,17%,33,475,197,-174,25%,2280,26.24,0%,Mar 2013,500295,,,
556,66152,46557,19595,30%,1874,5094,6882,9493,-9%,11421,21.25,15%,Mar 2014,500295,,,
557,73710,51595,22114,30%,-19222,5659,7159,-9925,-15%,-11369,-52.77,-8%,Mar 2015,500295,,,
558,64262,82741,-18479,-29%,4290,5778,8572,-28540,37%,-17862,-41.39,-8%,Mar 2016,500295,,,
559,72225,50849,21376,30%,4423,5855,6292,13652,17%,11316,23.47,83%,Mar 2017,500295,,,
560,91866,66989,24877,27%,6087,5112,6283,19569,30%,13692,27.82,76%,Mar 2018,500295,,,
561,92048,68877,23171,25%,4270,5689,8192,13560,28%,9698,19.01,99%,Mar 2019,500295,,,
562,84447,63704,20743,25%,-14932,4977,9093,-8259,43%,-4744,-17.93,-22%,Mar 2020,500295,,,
563,88021,60703,27318,31%,2743,5210,7638,17213,13%,15032,31.21,30%,Mar 2021,500295,,,
564,132732,87908,44824,34%,1832,4797,8895,32964,28%,23710,50.58,89%,Mar 2022,500295,,,
565,147308,112886,34422,23%,2634,6225,10555,20276,28%,14503,28.45,357%,Mar 2023,500295,,,
566,5490,4572,918,17%,30,103,161,685,21%,1099,21.48,5%,Mar 2012,532755,,,
567,6873,5451,1422,21%,-141,103,200,978,24%,1307,25.13,5%,Mar 2013,532755,,,
568,18802,14630,4172,22%,244,80,522,3815,20%,3062,32.44,15%,Mar 2014,532755,,,
569,22621,18428,4193,19%,106,69,611,3618,27%,2659,27.35,22%,Mar 2015,532755,,,
570,26494,22234,4260,16%,453,97,759,3857,22%,3027,30.92,35%,Mar 2016,532755,,,
571,29141,24956,4184,14%,775,129,978,3853,26%,2851,28.88,28%,Mar 2017,532755,,,
572,30773,26063,4710,15%,1417,162,1085,4879,22%,3786,38.78,33%,Mar 2018,532755,,,
573,34742,28471,6271,18%,534,133,1129,5543,23%,4289,43.70,29%,Mar 2019,532755,,,
574,36868,31365,5503,15%,1192,192,1446,5058,23%,3897,41.76,32%,Mar 2020,532755,,,
575,37855,31059,6796,18%,788,174,1458,5953,27%,4353,45.73,89%,Mar 2021,532755,,,
576,44646,36626,8020,18%,1115,163,1520,7452,24%,5630,57.27,71%,Mar 2022,532755,,,
577,53290,45527,7763,15%,965,326,1957,6446,25%,4857,49.60,58%,Mar 2023,532755,,,
578,1800,1572,228,13%,44,116,136,21,-20%,25,9.30,0%,Dec 2012,540180,,,
579,2115,1824,291,14%,19,171,184,-46,11%,-40,-0.88,0%,Dec 2013,540180,,,
580,2502,2116,387,15%,14,187,210,4,658%,-20,-0.45,0%,Dec 2014,540180,,,
581,3394,2752,642,19%,36,170,317,191,41%,113,2.50,0%,Dec 2015,540180,,,
582,3861,3052,810,21%,27,435,322,79,39%,48,0.69,0%,Dec 2016,540180,,,
583,4004,3165,838,21%,14,215,347,291,26%,214,3.41,22%,Dec 2017,540180,,,
584,5105,4069,1036,20%,6,223,385,434,31%,300,4.75,16%,Dec 2018,540180,,,
585,7130,5667,1462,21%,47,324,489,696,32%,472,7.22,15%,Dec 2019,540180,,,
586,6450,5235,1215,19%,-30,294,529,363,1%,357,5.07,22%,Dec 2020,540180,,,
587,8823,7129,1694,19%,51,207,531,1007,26%,746,10.69,16%,Dec 2021,540180,,,
588,13173,10310,2863,22%,-18,204,617,2024,23%,1550,23.05,15%,Dec 2022,540180,,,
589,14239,11184,3055,21%,40,202,658,2236,,1718,25.75,,TTM,540180,,,
590,4853,3991,863,18%,252,73,64,977,23%,751,7.12,22%,Mar 2012,532424,,,
591,6412,5417,995,16%,194,87,77,1025,17%,845,7.80,22%,Mar 2013,532424,,,
592,7599,6430,1169,15%,62,120,82,1030,20%,819,7.44,24%,Mar 2014,532424,,,
593,8273,6894,1379,17%,73,112,91,1249,22%,976,8.88,21%,Mar 2015,532424,,,
594,8424,6766,1657,20%,-262,128,101,1167,29%,831,8.10,24%,Mar 2016,532424,,,
595,9268,7361,1907,21%,76,154,142,1687,22%,1308,12.76,39%,Mar 2017,532424,,,
596,9847,7763,2084,21%,283,173,156,2039,20%,1634,15.99,42%,Mar 2018,532424,,,
597,10314,8183,2132,21%,362,238,170,2085,-12%,2342,22.91,44%,Mar 2019,532424,,,
598,9911,7757,2154,22%,32,228,197,1760,15%,1497,14.64,55%,Mar 2020,532424,,,
599,11029,8629,2399,22%,23,138,204,2080,17%,1721,16.83,0%,Mar 2021,532424,,,
600,12276,9869,2407,20%,80,122,210,2155,17%,1783,17.44,0%,Mar 2022,532424,,,
601,13316,10886,2430,18%,114,176,236,2133,20%,1702,16.65,0%,Mar 2023,532424,,,
602,0.0,0.0,0.0,,0.0,0.0,0.0,0.0,,0.0,0.0,,Mar 2014,539254,,,
603,131,29,101,78%,3,73,37,-5,-34%,-7,-0.06,0%,Mar 2015,539254,,,
604,2194,267,1927,88%,70,957,560,480,23%,368,3.35,0%,Mar 2016,539254,,,
605,2876,893,1983,69%,22,904,569,532,22%,416,3.79,0%,Mar 2017,539254,,,
606,3944,1118,2826,72%,111,886,579,1472,22%,1143,10.39,0%,Mar 2018,539254,,,
607,7305,4528,2778,38%,336,1391,882,840,33%,559,5.08,0%,Mar 2019,539254,,,
608,11416,7158,4258,37%,261,2238,1174,1107,36%,706,6.74,0%,Mar 2020,539254,,,
609,9926,5976,3950,40%,1115,2117,1329,1620,20%,1290,11.13,0%,Mar 2021,539254,,,
610,11258,7051,4206,37%,1286,2365,1427,1700,27%,1236,10.95,0%,Mar 2022,539254,,,
611,12910,8650,4260,33%,1517,2801,1562,1414,,1078,9.87,,TTM,539254,,,
612,14211,12665,1546,11%,2511,6,722,3329,24%,2539,210.74,29%,Mar 2012,541154,,,
613,14328,13560,768,5%,3335,5,601,3497,14%,2997,248.71,28%,Mar 2013,541154,,,
614,15135,13565,1570,10%,2618,8,603,3578,25%,2693,55.86,33%,Mar 2014,541154,,,
615,15730,13379,2351,15%,1642,15,806,3173,25%,2388,49.54,20%,Mar 2015,541154,,,
616,16758,14281,2478,15%,1598,6,863,3207,38%,1998,55.27,31%,Mar 2016,541154,,,
617,17950,14714,3236,18%,1044,16,681,3583,27%,2616,72.35,31%,Mar 2017,541154,,,
618,18519,15059,3460,19%,761,35,947,3240,39%,1987,59.43,54%,Mar 2018,541154,,,
619,20008,15440,4569,23%,376,177,1024,3742,37%,2346,70.16,28%,Mar 2019,541154,,,
620,21445,16565,4880,23%,415,359,998,3938,28%,2842,84.99,39%,Mar 2020,541154,,,
621,22882,17541,5341,23%,360,267,1157,4277,24%,3239,96.88,31%,Mar 2021,541154,,,
622,24620,19200,5420,22%,986,65,1110,5231,3%,5086,152.11,26%,Mar 2022,541154,,,
623,26928,20265,6663,25%,1672,58,1784,6493,10%,5811,173.79,23%,Mar 2023,541154,,,
624,5684,5094,590,10%,141,8,64,660,25%,497,11.44,14%,Dec 2011,505200,,,
625,6390,5840,550,9%,136,4,82,600,21%,475,12.01,17%,Dec 2012,505200,,,
626,6810,6094,715,11%,93,8,130,671,22%,525,14.57,21%,Dec 2013,505200,,,
627,8738,7621,1118,13%,105,10,220,993,29%,702,22.71,22%,Dec 2014,505200,,,
628,6173,4484,1690,27%,326,2,137,1877,29%,1338,49.27,20%,Mar 2016,505200,,,
629,7033,4859,2174,31%,416,4,154,2433,30%,1667,61.27,16%,Mar 2017,505200,,,
630,8965,6156,2809,31%,536,5,223,3116,30%,1960,71.89,15%,Mar 2018,505200,,,
631,9797,6893,2904,30%,701,7,300,3297,33%,2203,80.75,15%,Mar 2019,505200,,,
632,9154,6971,2183,24%,572,19,382,2355,22%,1827,66.91,19%,Mar 2020,505200,,,
633,8720,6937,1783,20%,482,16,451,1798,25%,1347,49.28,34%,Mar 2021,505200,,,
634,10298,8120,2178,21%,496,19,452,2203,24%,1677,61.32,34%,Mar 2022,505200,,,
635,14442,10999,3444,24%,910,28,526,3800,23%,2914,106.55,35%,Mar 2023,505200,,,
636,4035,2661,1373,34%,-45,738,590,0,"86,718%",-294,-1.32,0%,Mar 2012,533096,,,
637,6692,5732,960,14%,215,1703,1290,-1818,-26%,-2295,-9.59,0%,Mar 2013,533096,,,
638,15328,10735,4593,30%,137,4162,1937,-1370,79%,-291,-1.01,0%,Mar 2014,533096,,,
639,18683,14005,4678,25%,1188,4864,1818,-816,0%,-816,-2.84,0%,Mar 2015,533096,,,
640,25377,16575,8802,35%,-201,5560,2666,375,-47%,551,1.65,0%,Mar 2016,533096,,,
641,22616,16635,5980,26%,-3666,5902,2672,-6260,1%,-6174,-16.01,0%,Mar 2017,533096,,,
642,20304,14868,5436,27%,754,5570,2699,-2079,0%,-2103,-5.45,0%,Mar 2018,533096,,,
643,23884,18901,4983,21%,2448,5657,2751,-976,-1%,-984,-2.55,0%,Mar 2019,533096,,,
644,26468,20734,5734,22%,323,5315,3006,-2265,-0%,-2275,-5.90,0%,Mar 2020,533096,,,
645,26221,17533,8688,33%,1909,5106,3202,2289,45%,1270,3.29,0%,Mar 2021,533096,,,
646,27711,17830,9881,36%,3908,4095,3118,6577,25%,4912,12.73,0%,Mar 2022,533096,,,
647,38773,28729,10045,26%,4267,3334,3304,7675,-40%,10727,27.81,0%,Mar 2023,533096,,,
648,,1449,,,1012,3655,75,1192,33%,803,17.17,13%,Mar 2012,532187,5359,255,5%
649,,1947,,,1363,4750,73,1576,33%,1061,20.30,15%,Mar 2013,532187,6983,286,4%
650,,2555,,,1891,5363,98,2128,34%,1408,26.80,13%,Mar 2014,532187,8254,335,4%
651,,3133,,,2548,6272,127,2709,34%,1794,33.88,12%,Mar 2015,532187,9692,288,3%
652,,4188,,,3297,7355,157,3469,34%,2286,38.43,12%,Mar 2016,532187,11872,329,3%
653,,5684,,,4171,8343,191,4360,34%,2868,47.95,13%,Mar 2017,532187,14406,379,3%
654,,6555,,,4750,9783,212,5481,34%,3606,60.08,12%,Mar 2018,532187,17281,942,5%
655,,9283,,,5647,13415,229,4981,34%,3301,54.77,14%,Mar 2019,532187,22261,-437,-2%
656,,12611,,,6951,16724,278,6121,28%,4418,63.70,0%,Mar 2020,532187,28783,-553,-2%
657,,15997,,,6559,15472,305,3784,25%,2836,36.68,14%,Mar 2021,532187,29000,-2469,-9%
658,,15903,,,7397,15822,321,6174,25%,4611,59.52,14%,Mar 2022,532187,30822,-902,-3%
659,,15899,,,8166,18776,0,9860,25%,7390,95.24,15%,Mar 2023,532187,36368,1693,5%
660,,8216,,,4051,19724,295,6304,17%,5269,25.53,13%,Mar 2012,532134,30488,2548,8%
661,,10950,,,4511,24486,322,5195,9%,4829,22.81,19%,Mar 2013,532134,36442,1006,3%
662,,12049,,,5555,27604,368,5996,18%,5036,23.29,19%,Mar 2014,532134,40463,809,2%
663,,13466,,,5449,30547,368,5983,36%,3950,17.69,18%,Mar 2015,532134,44915,902,2%
664,,25391,,,5992,32107,525,-6233,19%,-5033,-21.99,0%,Mar 2016,532134,45799,-11700,-26%
665,,19250,,,7937,29596,540,3024,41%,1855,7.88,15%,Mar 2017,532134,44473,-4372,-10%
666,,26093,,,7992,29160,901,-2106,9%,-1836,-7.13,0%,Mar 2018,532134,46056,-9197,-20%
667,,25815,,,7887,32506,948,1525,29%,1166,4.16,0%,Mar 2019,532134,52906,-5414,-10%
668,,40583,,,12191,50040,1697,-1234,176%,981,2.01,0%,Mar 2020,532134,78895,-11728,-15%
669,,38636,,,15254,43201,1357,6373,77%,1620,2.99,0%,Mar 2021,532134,74314,-7523,-10%
670,,37518,,,14395,38815,1438,10008,23%,7933,15.18,19%,Mar 2022,532134,73385,-2948,-4%
671,,40271,,,16639,49942,0,20565,29%,15005,28.82,19%,Mar 2023,532134,94139,3925,4%
672,5294,4401,893,17%,55,54,103,790,19%,644,3.70,38%,Mar 2012,500096,,,
673,6140,5148,992,16%,100,59,85,948,19%,766,4.38,34%,Mar 2013,500096,,,
674,7058,5897,1162,16%,126,54,97,1136,19%,916,5.24,33%,Mar 2014,500096,,,
675,7795,6475,1320,17%,154,40,115,1319,19%,1068,6.07,33%,Mar 2015,500096,,,
676,7780,6261,1518,20%,217,48,133,1554,19%,1254,7.11,32%,Mar 2016,500096,,,
677,7614,6102,1512,20%,296,54,143,1611,21%,1280,7.25,31%,Mar 2017,500096,,,
678,7722,6104,1617,21%,291,53,162,1693,20%,1358,7.69,81%,Mar 2018,500096,,,
679,8515,6775,1740,20%,222,60,177,1725,16%,1446,8.17,34%,Mar 2019,500096,,,
680,8685,6892,1792,21%,205,50,220,1728,16%,1448,8.18,37%,Mar 2020,500096,,,
681,9562,7560,2002,21%,325,31,240,2056,18%,1695,9.58,50%,Mar 2021,500096,,,
682,10889,8637,2252,21%,308,39,253,2269,23%,1742,9.84,53%,Mar 2022,500096,,,
683,11530,9367,2162,19%,445,78,311,2219,23%,1701,9.64,28%,Mar 2023,500096,,,
684,80821,72856,7965,10%,783,1758,2645,4345,18%,3608,17.74,9%,Mar 2012,500440,,,
685,80193,72494,7699,10%,1111,2079,2822,3909,23%,3007,15.81,6%,Mar 2013,500440,,,
686,87695,79671,8024,9%,677,2702,3347,2653,20%,2195,10.53,9%,Mar 2014,500440,,,
687,104281,95437,8844,8%,-832,4178,3493,340,75%,259,4.14,24%,Mar 2015,500440,,,
688,98759,90981,7778,8%,1500,5134,4347,-203,-245%,-702,-1.21,-82%,Mar 2016,500440,,,
689,100184,87867,12317,12%,1198,5742,4457,3315,43%,1882,8.47,13%,Mar 2017,500440,,,
690,115183,101488,13695,12%,2879,3911,4506,8157,25%,6083,27.10,4%,Mar 2018,500440,,,
691,130542,115031,15511,12%,1127,3778,4777,8083,32%,5495,24.48,5%,Mar 2019,500440,,,
692,118144,103838,14306,12%,906,4197,5091,5924,36%,3767,16.77,6%,Mar 2020,500440,,,
693,132008,116148,15860,12%,712,3738,6628,6206,44%,3483,15.50,19%,Mar 2021,500440,,,
694,195059,167183,27876,14%,1724,3768,6729,19103,28%,13730,61.10,6%,Mar 2022,500440,,,
695,223202,200536,22666,10%,1307,3646,7086,13241,24%,10097,44.93,0%,Mar 2023,500440,,,
696,1864,1173,691,37%,56,5,62,681,22%,533,20.09,32%,Mar 2012,532488,,,
697,2145,1329,816,38%,45,3,77,781,23%,602,22.67,33%,Mar 2013,532488,,,
698,2532,1514,1018,40%,68,3,92,991,22%,773,29.13,34%,Mar 2014,532488,,,
699,3115,1942,1173,38%,38,3,136,1072,21%,852,32.07,31%,Mar 2015,532488,,,
700,3776,2354,1423,38%,93,5,118,1393,19%,1126,42.41,24%,Mar 2016,532488,,,
701,4064,2615,1450,36%,72,3,123,1395,24%,1060,39.95,25%,Mar 2017,532488,,,
702,3891,2622,1269,33%,107,2,142,1231,29%,877,33.04,30%,Mar 2018,532488,,,
703,4946,3072,1874,38%,154,5,169,1855,27%,1353,50.96,31%,Mar 2019,532488,,,
704,5394,3568,1826,34%,186,7,186,1819,24%,1377,51.85,31%,Mar 2020,532488,,,
705,6969,4102,2867,41%,57,2,256,2666,26%,1984,74.75,27%,Mar 2021,532488,,,
706,8960,5075,3885,43%,112,2,312,3684,20%,2960,111.52,27%,Mar 2022,532488,,,
707,7768,5400,2368,30%,345,1,343,2369,23%,1823,68.69,44%,Mar 2023,532488,,,
708,5565,5540,25,0%,165,59,67,64,-100%,128,4165.47,0%,Mar 2012,539448,,,
709,9203,8348,855,9%,296,73,86,993,21%,787,25646.58,70%,Mar 2013,539448,,,
710,11117,10684,433,4%,391,123,226,475,0%,474,15454.07,80%,Mar 2014,539448,,,
711,13925,12022,1904,14%,395,150,302,1847,29%,1304,42481.11,83%,Mar 2015,539448,,,
712,16140,12976,3164,20%,515,350,505,2824,30%,1986,55.12,27%,Mar 2016,539448,,,
713,18580,16362,2219,12%,789,406,457,2144,23%,1659,45.90,74%,Mar 2017,539448,,,
714,23021,19991,3030,13%,947,413,437,3127,28%,2242,58.33,10%,Mar 2018,539448,,,
715,28497,28648,-151,-1%,1325,563,760,-149,205%,156,4.06,123%,Mar 2019,539448,,,
716,35756,31687,4069,11%,1531,1902,3974,-275,10%,-248,-6.45,0%,Mar 2020,539448,,,
717,14641,14638,2,0%,1036,2170,4699,-5830,0%,-5830,-151.46,0%,Mar 2021,539448,,,
718,25931,25373,558,2%,725,2386,5068,-6171,0%,-6171,-160.18,0%,Mar 2022,539448,,,
719,54446,47962,6485,12%,1431,3132,5101,-317,0%,-317,-8.21,0%,Mar 2023,539448,,,
720,1374,1008,366,27%,80,125,61,259,36%,162,6.31,0%,Mar 2018,542066,,,
721,1719,1264,455,26%,59,90,67,357,36%,229,2.08,12%,Mar 2019,542066,,,
722,1875,1280,595,32%,44,41,51,547,20%,436,3.97,6%,Mar 2020,542066,,,
723,1696,991,704,42%,30,40,63,631,25%,463,4.21,6%,Mar 2021,542066,,,
724,3038,2265,773,25%,42,53,83,679,26%,509,4.63,5%,Mar 2022,542066,,,
725,4378,3508,870,20%,37,78,113,715,26%,546,4.97,5%,Mar 2023,542066,,,
726,5641,3996,1646,29%,150,235,873,688,10%,618,177.54,11%,Jun 2012,500387,,,
727,5418,3857,1561,29%,187,193,436,1119,10%,1004,288.19,7%,Jun 2013,500387,,,
728,5715,4325,1390,24%,104,129,550,815,3%,787,225.98,10%,Jun 2014,500387,,,
729,6259,4916,1344,21%,102,121,925,401,-6%,426,122.38,20%,Jun 2015,500387,,,
730,5514,4107,1407,26%,673,76,828,1176,3%,1143,328.13,7%,Mar 2016,500387,,,
731,8594,6081,2513,29%,362,129,1215,1531,13%,1339,384.39,36%,Mar 2017,500387,,,
732,9826,7354,2473,25%,389,135,899,1827,24%,1384,397.33,13%,Mar 2018,500387,,,
733,11722,9066,2656,23%,64,247,1392,1081,12%,951,273.00,22%,Mar 2019,500387,,,
734,11904,8218,3686,31%,260,287,1699,1960,20%,1570,435.19,25%,Mar 2020,500387,,,
735,12669,8677,3992,32%,421,247,1140,3026,24%,2312,640.77,9%,Mar 2021,500387,,,
736,14306,10656,3650,26%,535,218,1036,2931,19%,2377,658.70,14%,Mar 2022,500387,,,
737,16837,13895,2942,17%,432,269,1546,1559,15%,1328,368.10,27%,Mar 2023,500387,,,
738,,546,,,52,990,10,289,42%,169,2.55,20%,Mar 2012,511243,1784,248,14%
739,,688,,,1,1410,22,452,32%,308,4.30,16%,Mar 2013,511243,2570,472,18%
740,,932,,,1,1769,25,554,34%,368,5.14,14%,Mar 2014,511243,3279,578,18%
741,,1061,,,0,1958,30,666,33%,444,6.18,11%,Mar 2015,511243,3715,696,19%
742,,1266,,,2,2048,22,879,35%,575,7.36,12%,Mar 2016,511243,4214,899,21%
743,,1322,,,3,2228,39,1107,35%,718,9.21,12%,Mar 2017,511243,4694,1143,24%
744,,1451,,,0,2657,51,1401,34%,918,11.76,11%,Mar 2018,511243,5559,1451,26%
745,,1632,,,1,3588,57,1832,35%,1197,15.32,8%,Mar 2019,511243,7108,1888,27%
746,,2421,,,0,4592,111,1588,34%,1054,12.86,13%,Mar 2020,511243,8712,1699,20%
747,,2913,,,56,4576,102,2048,26%,1521,18.55,11%,Mar 2021,511243,9583,2094,22%
748,,2926,,,84,4298,101,2908,26%,2154,26.23,8%,Mar 2022,511243,10148,2924,29%
749,,3634,,,221,5748,121,3603,26%,2665,32.42,2%,Mar 2023,511243,12884,3502,27%
750,,713,,,52,210,1,136,-1%,136,1.74,0%,Mar 2013,543066,1008,85,8%
751,,918,,,74,300,1,293,0%,293,3.73,0%,Mar 2014,543066,1438,220,15%
752,,1255,,,82,378,1,271,1%,267,3.40,15%,Mar 2015,543066,1822,189,10%
753,,1617,,,100,436,1,438,35%,284,3.62,28%,Mar 2016,543066,2392,339,14%
754,,2366,,,124,528,5,572,35%,373,4.75,21%,Mar 2017,543066,3347,452,14%
755,,3715,,,175,712,24,919,35%,601,7.66,0%,Mar 2018,543066,5195,769,15%
756,,4887,,,270,1009,55,1335,35%,865,10.33,10%,Mar 2019,543066,7017,1121,16%
757,,6618,,,471,1301,104,1730,28%,1245,13.26,8%,Mar 2020,543066,9281,1362,15%
758,,7223,,,413,1043,123,1324,26%,985,10.47,0%,Mar 2021,543066,9301,1034,11%
759,,7953,,,622,1027,149,2172,26%,1616,17.14,15%,Mar 2022,543066,10679,1699,16%
760,,9444,,,619,1648,164,3031,25%,2258,23.87,10%,Mar 2023,543066,13667,2575,19%
761,8489,6490,1998,24%,203,53,446,1701,28%,1227,8.00,40%,Dec 2011,500425,,,
762,9749,7276,2473,25%,69,78,569,1896,32%,1292,8.39,43%,Dec 2012,500425,,,
763,9161,7492,1669,18%,390,67,494,1498,15%,1278,8.27,44%,Dec 2013,500425,,,
764,9955,8022,1934,19%,419,66,513,1774,16%,1487,9.59,46%,Dec 2014,500425,,,
765,9437,7895,1542,16%,353,92,630,1173,31%,808,5.21,54%,Dec 2015,500425,,,
766,20094,16913,3181,16%,441,153,1461,2008,29%,1434,5.57,50%,Dec 2016,500425,,,
767,23609,19751,3858,16%,335,206,1219,2768,30%,1945,7.64,47%,Dec 2017,500425,,,
768,26041,22030,4011,15%,232,170,1154,2919,-2%,2973,10.97,14%,Dec 2018,500425,,,
769,27104,22507,4597,17%,601,170,1153,3875,28%,2783,10.55,14%,Dec 2019,500425,,,
770,24516,19511,5006,20%,288,140,1162,3992,22%,3107,11.91,151%,Dec 2020,500425,,,
771,28965,22755,6210,21%,252,146,1152,5164,28%,3711,14.00,45%,Dec 2021,500425,,,
772,38937,33815,5122,13%,447,195,1645,3729,19%,3024,13.01,0%,Mar 2023,500425,,,
773,7447,7091,356,5%,38,46,80,268,31%,185,8.71,34%,Dec 2011,500002,,,
774,7562,7212,350,5%,7,57,94,206,33%,137,6.48,46%,Dec 2012,500002,,,
775,7719,7230,489,6%,3,116,103,272,35%,177,8.35,36%,Dec 2013,500002,,,
776,7730,7154,576,7%,14,122,113,355,36%,229,10.78,34%,Dec 2014,500002,,,
777,8136,7402,734,9%,6,106,160,475,37%,300,14.15,26%,Dec 2015,500002,,,
778,8642,7932,710,8%,122,108,151,573,35%,374,17.67,23%,Dec 2016,500002,,,
779,6094,5669,425,7%,267,62,101,528,21%,420,19.82,22%,Dec 2017,500002,,,
780,6690,6224,466,7%,339,60,93,652,22%,511,24.11,20%,Dec 2018,500002,,,
781,7315,6777,538,7%,26,28,90,445,32%,303,14.32,34%,Dec 2019,500002,,,
782,5821,5553,268,5%,170,25,120,293,25%,219,10.35,48%,Dec 2020,500002,,,
783,6934,6368,566,8%,266,19,103,711,27%,520,24.53,21%,Dec 2021,500002,,,
784,8568,7600,968,11%,506,15,105,1353,25%,1016,47.96,11%,Dec 2022,500002,,,
785,9010,7951,1059,12%,248,14,107,1187,,888,41.91,,TTM,500002,,,
786,6452,5778,674,10%,25,128,95,476,22%,370,5.93,22%,Mar 2012,517354,,,
787,7135,6461,674,9%,222,123,110,664,12%,581,9.32,16%,Mar 2013,517354,,,
788,8051,7274,777,10%,35,102,116,594,25%,446,7.15,42%,Mar 2014,517354,,,
789,8468,7713,755,9%,48,96,139,569,32%,385,6.17,49%,Mar 2015,517354,,,
790,7594,6798,796,10%,949,91,134,1520,14%,1300,20.82,29%,Mar 2016,517354,,,
791,6130,5315,815,13%,42,13,121,723,32%,494,7.91,44%,Mar 2017,517354,,,
792,8116,7083,1033,13%,97,25,140,965,31%,661,10.60,4%,Mar 2018,517354,,,
793,10073,8885,1189,12%,124,16,149,1147,31%,788,12.59,36%,Mar 2019,517354,,,
794,9440,8374,1067,11%,107,51,218,904,19%,735,11.75,34%,Mar 2020,517354,,,
795,10457,8868,1589,15%,187,90,249,1438,27%,1044,16.68,39%,Mar 2021,517354,,,
796,13938,12163,1775,13%,159,67,261,1607,26%,1196,19.10,39%,Mar 2022,517354,,,
797,16911,15312,1599,9%,178,34,296,1447,26%,1072,17.11,44%,Mar 2023,517354,,,
798,5914,5280,635,11%,598,5,126,1103,23%,847,1.07,20%,Mar 2012,500049,,,
799,6273,5604,669,11%,622,7,136,1147,21%,911,1.15,20%,Mar 2013,500049,,,
800,6518,5593,925,14%,438,7,150,1206,21%,952,1.20,20%,Mar 2014,500049,,,
801,7093,5913,1179,17%,507,7,166,1513,21%,1197,1.51,20%,Mar 2015,500049,,,
802,7354,5961,1393,19%,573,10,192,1764,24%,1337,1.69,31%,Mar 2016,500049,,,
803,8656,6864,1792,21%,420,18,212,1983,24%,1523,2.07,33%,Mar 2017,500049,,,
804,10401,8361,2039,20%,196,6,272,1957,28%,1431,1.96,34%,Mar 2018,500049,,,
805,12164,9255,2909,24%,73,16,338,2628,30%,1887,2.58,44%,Mar 2019,500049,,,
806,12968,10209,2759,21%,99,8,372,2478,28%,1825,2.50,37%,Mar 2020,500049,,,
807,14109,10895,3214,23%,125,10,387,2942,30%,2100,2.87,46%,Mar 2021,500049,,,
808,15368,12024,3344,22%,232,9,401,3166,26%,2400,3.28,46%,Mar 2022,500049,,,
809,17734,13649,4086,23%,281,15,429,3923,25%,2986,4.08,29%,Mar 2023,500049,,,
810,212140,207178,4961,2%,1308,2259,2411,1599,47%,851,3.60,55%,Mar 2012,500547,,,
811,242181,235472,6709,3%,1492,2518,2463,3220,40%,1936,8.67,42%,Mar 2013,500547,,,
812,264421,255007,9414,4%,1344,1982,2611,6166,34%,4053,18.03,31%,Mar 2014,500547,,,
813,242598,232818,9780,4%,2117,1180,3027,7690,34%,5082,22.16,34%,Mar 2015,500547,,,
814,187815,174844,12971,7%,1913,680,2072,12132,33%,8089,37.29,25%,Mar 2016,500547,,,
815,201251,187468,13783,7%,2721,696,2108,13700,31%,9507,40.20,49%,Mar 2017,500547,,,
816,235895,220578,15317,6%,2927,1186,2885,14174,31%,9792,41.53,46%,Mar 2018,500547,,,
817,298226,283113,15112,5%,2975,1764,3418,12905,34%,8528,35.97,48%,Mar 2019,500547,,,
818,284572,275597,8975,3%,1393,2637,4080,3652,-0%,3666,14.08,106%,Mar 2020,500547,,,
819,230171,209170,21001,9%,7489,1723,4334,22432,23%,17320,74.52,102%,Mar 2021,500547,,,
820,346791,327654,19137,6%,4939,2606,5434,16037,27%,11682,53.85,29%,Mar 2022,500547,,,
821,473187,462299,10888,2%,2047,3745,6369,2821,24%,2131,9.82,0%,Mar 2023,500547,,,
822,295,12,284,96%,-8,0,0,275,28%,1679,150.88,17%,Mar 2012,500490,,,
823,337,15,322,95%,3,0,2,322,21%,1856,166.80,15%,Mar 2013,500490,,,
824,423,23,400,94%,5,0,5,400,20%,1988,178.59,17%,Mar 2014,500490,,,
825,524,40,484,92%,35,0,6,513,19%,2029,182.33,19%,Mar 2015,500490,,,
826,470,42,429,91%,7,0,5,430,21%,2265,203.54,16%,Mar 2016,500490,,,
827,842,215,628,75%,8,0,5,630,21%,2473,222.22,15%,Mar 2017,500490,,,
828,420,65,355,85%,2390,0,5,2739,3%,2655,238.54,17%,Mar 2018,500490,,,
829,431,85,347,80%,2827,0,4,3170,4%,3048,273.90,12%,Mar 2019,500490,,,
830,435,134,301,69%,3058,13,33,3314,7%,3080,268.84,15%,Mar 2020,500490,,,
831,457,106,352,77%,3451,4,34,3766,3%,3654,327.95,12%,Mar 2021,500490,,,
832,484,117,367,76%,3896,3,34,4226,2%,4126,364.41,32%,Mar 2022,500490,,,
833,464,142,322,69%,4730,7,34,5012,1%,4946,435.83,28%,Mar 2023,500490,,,
834,7021,5325,1696,24%,103,38,312,1448,21%,1144,14.25,14%,Mar 2012,500087,,,
835,8279,6065,2214,27%,245,34,330,2095,26%,1545,19.24,10%,Mar 2013,500087,,,
836,10173,8026,2147,21%,251,146,373,1880,25%,1404,17.29,12%,Mar 2014,500087,,,
837,11345,9183,2163,19%,164,168,505,1654,24%,1229,14.71,14%,Mar 2015,500087,,,
838,13790,11310,2480,18%,208,207,754,1727,19%,1383,16.93,12%,Mar 2016,500087,,,
839,14394,11898,2496,17%,208,159,1323,1222,15%,1035,12.51,16%,Mar 2017,500087,,,
840,15156,12329,2826,19%,280,114,1323,1669,15%,1417,17.52,17%,Mar 2018,500087,,,
841,16362,13265,3097,19%,477,168,1326,2079,27%,1492,18.96,16%,Mar 2019,500087,,,
842,17132,13926,3206,19%,344,197,1175,2178,29%,1500,19.18,21%,Mar 2020,500087,,,
843,19160,14907,4252,22%,266,161,1068,3290,27%,2389,29.82,17%,Mar 2021,500087,,,
844,21763,17211,4553,21%,99,106,1052,3493,27%,2547,31.19,16%,Mar 2022,500087,,,
845,22753,17726,5027,22%,293,110,1172,4038,30%,2833,34.71,24%,Mar 2023,500087,,,
846,9814,7371,2444,25%,-7,114,518,1804,28%,1301,76.72,18%,Mar 2012,500124,,,
847,11833,9164,2669,23%,146,100,550,2165,29%,1527,89.90,17%,Mar 2013,500124,,,
848,13415,10164,3251,24%,170,127,648,2646,26%,1963,115.41,16%,Mar 2014,500124,,,
849,15023,11515,3508,23%,260,108,760,2900,19%,2336,137.13,15%,Mar 2015,500124,,,
850,15568,11983,3585,23%,295,83,939,2859,26%,2131,124.88,16%,Mar 2016,500124,,,
851,14196,11724,2472,17%,172,63,1027,1554,19%,1292,77.96,26%,Mar 2017,500124,,,
852,14281,11930,2351,16%,155,79,1077,1350,32%,947,57.07,35%,Mar 2018,500124,,,
853,15448,12270,3178,21%,381,89,1135,2336,17%,1950,117.42,17%,Mar 2019,500124,,,
854,17517,15040,2477,14%,670,98,1163,1886,-7%,2026,121.92,21%,Mar 2020,500124,,,
855,19048,15173,3874,20%,335,97,1229,2884,32%,1952,117.35,21%,Mar 2021,500124,,,
856,21545,17778,3768,17%,555,96,1165,3061,29%,2182,131.14,23%,Mar 2022,500124,,,
857,24670,18321,6349,26%,1092,143,1250,6048,25%,4507,270.66,15%,Mar 2023,500124,,,
858,4004,3170,835,21%,28,117,184,562,33%,379,13.19,22%,Mar 2012,503806,,,
859,3783,3169,614,16%,42,100,209,348,27%,253,8.81,23%,Mar 2013,503806,,,
860,4018,3513,505,13%,24,96,225,208,22%,162,5.66,36%,Mar 2014,503806,,,
861,4540,3822,717,16%,65,138,245,399,24%,303,10.55,19%,Mar 2015,503806,,,
862,4593,3630,963,21%,28,130,275,585,27%,430,14.97,14%,Mar 2016,503806,,,
863,4822,3852,969,20%,73,102,283,657,22%,515,17.94,14%,Mar 2017,503806,,,
864,5589,4683,906,16%,115,124,316,582,21%,462,16.08,15%,Mar 2018,503806,,,
865,7100,5803,1297,18%,78,198,358,818,22%,642,22.33,11%,Mar 2019,503806,,,
866,7209,5754,1455,20%,152,201,389,1018,-0%,1019,35.46,8%,Mar 2020,503806,,,
867,8400,6267,2133,25%,66,134,453,1612,26%,1198,40.44,12%,Mar 2021,503806,,,
868,12434,9330,3103,25%,116,116,517,2586,27%,1889,63.72,26%,Mar 2022,503806,,,
869,14870,11341,3529,24%,75,205,575,2824,23%,2162,72.95,10%,Mar 2023,503806,,,
870,6640,6017,623,9%,117,70,96,574,25%,417,5.76,37%,Mar 2012,500800,,,
871,7351,6581,770,10%,56,84,105,637,26%,445,6.03,36%,Mar 2013,500800,,,
872,7738,6986,752,10%,170,87,129,707,26%,510,7.77,29%,Mar 2014,500800,,,
873,7993,7201,792,10%,-77,82,133,500,43%,273,4.01,6%,Mar 2015,500800,,,
874,6637,6271,366,6%,38,117,117,170,118%,-37,-0.09,"-2,572%",Mar 2016,500800,,,
875,6780,5988,791,12%,88,92,126,662,30%,455,6.17,38%,Mar 2017,500800,,,
876,6815,5976,839,12%,73,43,116,753,25%,556,7.85,30%,Mar 2018,500800,,,
877,7252,6466,786,11%,124,52,123,735,36%,457,6.47,39%,Mar 2019,500800,,,
878,9637,8345,1292,13%,-163,78,242,809,34%,460,4.99,54%,Mar 2020,500800,,,
879,11602,10058,1544,13%,91,69,255,1311,24%,930,9.30,44%,Mar 2021,500800,,,
880,12425,10707,1719,14%,88,73,278,1456,26%,1015,10.15,60%,Mar 2022,500800,,,
881,13783,11927,1856,13%,328,87,304,1794,25%,1320,12.96,65%,Mar 2023,500800,,,
882,44093,37054,7040,16%,722,366,1041,6355,31%,4444,6.57,25%,Mar 2012,532155,,,
883,50974,43547,7427,15%,887,437,1319,6558,34%,4367,6.46,28%,Mar 2013,532155,,,
884,61765,53777,7988,13%,1247,669,1644,6922,32%,4786,7.07,28%,Mar 2014,532155,,,
885,60557,54926,5631,9%,945,652,1433,4492,32%,3160,4.67,24%,Mar 2015,532155,,,
886,52053,47517,4536,9%,731,822,1496,2949,37%,1874,2.76,37%,Mar 2016,532155,,,
887,48552,42531,6021,12%,1212,509,1541,5183,35%,3374,4.98,56%,Mar 2017,532155,,,
888,54496,46695,7802,14%,948,295,1527,6928,31%,4805,7.09,43%,Mar 2018,532155,,,
889,76190,66252,9938,13%,1719,159,1667,9831,33%,6553,9.68,25%,Mar 2019,532155,,,
890,72518,63495,9022,12%,3796,309,2080,10429,9%,9515,13.93,31%,Mar 2020,532155,,,
891,57372,50127,7245,13%,2833,179,2174,7725,20%,6143,9.21,36%,Mar 2021,532155,,,
892,92770,77608,15161,16%,2925,202,2420,15464,20%,12304,18.40,36%,Mar 2022,532155,,,
893,145875,138387,7488,5%,2837,367,2702,7256,23%,5596,8.54,0%,Mar 2023,532155,,,
894,3980,3495,485,12%,30,42,73,400,20%,322,2.58,14%,Mar 2012,531642,,,
895,4596,3970,626,14%,70,58,87,552,26%,406,3.07,16%,Mar 2013,531642,,,
896,4687,3939,748,16%,58,34,77,695,27%,504,3.76,46%,Mar 2014,531642,,,
897,5733,4863,870,15%,59,23,84,822,29%,585,4.45,28%,Mar 2015,531642,,,
898,6017,4966,1051,17%,93,21,95,1029,30%,723,5.51,77%,Mar 2016,531642,,,
899,5918,4759,1159,20%,96,17,90,1149,29%,811,6.19,57%,Mar 2017,531642,,,
900,6322,5185,1137,18%,85,16,89,1117,26%,827,6.31,67%,Mar 2018,531642,,,
901,7334,6009,1325,18%,103,40,131,1257,10%,1131,8.63,55%,Mar 2019,531642,,,
902,7315,5846,1469,20%,95,50,140,1374,24%,1043,7.91,85%,Mar 2020,531642,,,
903,8048,6459,1589,20%,107,34,139,1523,21%,1199,9.08,83%,Mar 2021,531642,,,
904,9512,7831,1681,18%,98,39,139,1601,22%,1255,9.48,97%,Mar 2022,531642,,,
905,9764,7954,1810,19%,144,56,155,1743,24%,1322,10.07,0%,Mar 2023,531642,,,
906,26069,21185,4884,19%,-1515,1527,1335,507,291%,-898,-4.02,-27%,Mar 2012,500400,,,
907,33177,27583,5595,17%,375,2642,2052,1277,92%,123,-0.32,-319%,Mar 2013,500400,,,
908,35726,28810,6916,19%,229,3440,2730,975,103%,12,-0.96,-114%,Mar 2014,500400,,,
909,33593,27292,6301,19%,1056,3699,2174,1484,72%,457,0.62,210%,Mar 2015,500400,,,
910,29494,27389,2105,7%,4060,3236,1649,1281,53%,786,2.45,53%,Mar 2016,500400,,,
911,27588,22114,5473,20%,1297,3365,1956,1450,24%,1100,3.31,39%,Mar 2017,500400,,,
912,26840,24545,2295,9%,6586,3761,2346,2773,6%,2611,8.90,15%,Mar 2018,500400,,,
913,29881,26811,3070,10%,7186,4170,2393,3693,29%,2606,8.71,15%,Mar 2019,500400,,,
914,29136,23847,5289,18%,3796,4494,2634,1958,33%,1316,3.76,41%,Mar 2020,500400,,,
915,32703,25747,6956,21%,1739,4010,2745,1941,26%,1439,3.53,44%,Mar 2021,500400,,,
916,42816,36153,6663,16%,2853,3859,3122,2535,15%,2156,5.45,32%,Mar 2022,500400,,,
917,55109,47403,7706,14%,5562,4372,3439,5457,30%,3810,10.44,19%,Mar 2023,500400,,,
918,2605,2183,422,16%,12,78,95,261,33%,182,14.75,25%,Mar 2011,508869,,,
919,3148,2631,517,16%,22,89,124,326,35%,218,16.31,25%,Mar 2012,508869,,,
920,3769,3157,612,16%,33,103,142,399,26%,303,21.88,25%,Mar 2013,508869,,,
921,4357,3681,676,16%,18,119,168,407,25%,315,22.77,25%,Mar 2014,508869,,,
922,5129,4392,737,14%,47,118,212,455,29%,335,24.43,24%,Mar 2015,508869,,,
923,6150,5465,684,11%,92,180,264,332,29%,235,16.99,35%,Mar 2016,508869,,,
924,7256,6522,734,10%,60,257,314,222,41%,131,15.88,38%,Mar 2017,508869,,,
925,8243,7442,801,10%,24,295,359,171,65%,60,8.44,59%,Mar 2018,508869,,,
926,9617,8548,1070,11%,26,327,396,373,47%,200,16.96,35%,Mar 2019,508869,,,
927,11247,9656,1591,14%,222,533,620,660,34%,432,32.70,18%,Mar 2020,508869,,,
928,10560,9420,1140,11%,103,449,573,221,38%,137,10.46,29%,Mar 2021,508869,,,
929,14663,12474,2189,15%,368,379,601,1578,30%,1108,73.42,16%,Mar 2022,508869,,,
930,15857,13879,1978,12%,108,380,623,1083,,796,53.18,,TTM,508869,,,
931,14021,13118,904,6%,627,16,56,1459,5%,1386,9.70,30%,Mar 2012,540133,,,
932,20025,19280,745,4%,900,14,41,1591,5%,1515,10.61,32%,Mar 2013,540133,,,
933,21888,20384,1504,7%,129,15,47,1572,1%,1561,10.92,70%,Mar 2014,540133,,,
934,34453,32798,1655,5%,43,17,40,1642,0%,1640,11.46,51%,Mar 2015,540133,,,
935,20849,19008,1842,9%,0,0,0,1842,10%,1650,11.52,73%,Mar 2016,540133,,,
936,37816,36010,1806,5%,130,15,58,1863,10%,1682,11.72,63%,Mar 2017,540133,,,
937,38832,37062,1771,5%,132,20,44,1839,12%,1619,11.28,59%,Mar 2018,540133,,,
938,41463,40922,541,1%,813,23,57,1274,11%,1139,7.93,40%,Mar 2019,540133,,,
939,21061,21558,-497,-2%,1756,0,61,1198,11%,1067,7.43,11%,Mar 2020,540133,,,
940,84079,85679,-1600,-2%,2879,0,60,1219,22%,956,6.66,30%,Mar 2021,540133,,,
941,62305,63563,-1258,-2%,2285,0,67,961,21%,759,5.28,10%,Mar 2022,540133,,,
942,49404,50287,-883,-2%,1968,0,0,1085,25%,813,5.65,11%,Mar 2023,540133,,,
943,2846,2543,303,11%,31,32,47,254,29%,180,1.86,27%,Mar 2012,509480,,,
944,3227,2856,371,12%,31,38,57,308,29%,218,2.25,29%,Mar 2013,509480,,,
945,3732,3300,431,12%,36,47,71,350,29%,249,2.57,31%,Mar 2014,509480,,,
946,4170,3659,511,12%,36,50,92,404,34%,265,2.73,33%,Mar 2015,509480,,,
947,4223,3578,645,15%,40,27,99,559,34%,371,3.82,31%,Mar 2016,509480,,,
948,4552,3833,719,16%,108,16,108,703,33%,474,4.88,36%,Mar 2017,509480,,,
949,5166,4359,807,16%,46,25,124,705,35%,461,4.75,38%,Mar 2018,509480,,,
950,6062,5127,935,15%,60,47,182,765,35%,494,5.09,37%,Mar 2019,509480,,,
951,6366,5313,1053,17%,69,47,191,883,26%,656,6.77,32%,Mar 2020,509480,,,
952,6818,5635,1182,17%,51,44,211,979,26%,720,7.41,38%,Mar 2021,509480,,,
953,8762,7431,1331,15%,68,51,227,1122,26%,833,8.57,36%,Mar 2022,509480,,,
954,10568,9094,1474,14%,52,99,264,1162,26%,860,8.85,36%,Mar 2023,509480,,,
955,9139,8021,1118,12%,240,876,147,335,44%,187,2.87,17%,Mar 2012,532432,,,
956,10378,9287,1091,11%,146,985,178,73,244%,-105,-1.55,-31%,Mar 2013,532432,,,
957,10508,13876,-3368,-32%,681,1323,203,-4213,-7%,-4489,-61.78,0%,Mar 2014,532432,,,
958,9254,9619,-366,-4%,-360,687,223,-1635,-3%,-1687,-23.23,0%,Mar 2015,532432,,,
959,8495,8162,333,4%,648,457,157,366,61%,143,1.90,0%,Mar 2016,532432,,,
960,8818,7826,991,11%,-265,375,189,163,43%,93,1.38,0%,Mar 2017,532432,,,
961,8591,7381,1209,14%,172,278,192,912,28%,652,8.72,0%,Mar 2018,532432,,,
962,9341,7947,1394,15%,70,237,215,1012,32%,684,9.64,0%,Mar 2019,532432,,,
963,9325,7756,1569,17%,89,212,285,1160,47%,621,9.07,0%,Mar 2020,532432,,,
964,8131,7080,1051,13%,-25,188,299,540,33%,362,5.28,0%,Mar 2021,532432,,,
965,9712,8104,1608,17%,-130,88,304,1087,25%,811,11.40,0%,Mar 2022,532432,,,
966,10612,9196,1416,13%,250,104,282,1279,12%,1126,15.62,0%,Mar 2023,532432,,,
967,7435,6977,459,6%,15,88,158,227,42%,132,2.79,48%,Mar 2012,532343,,,
968,7510,7072,438,6%,130,103,176,290,32%,198,4.16,30%,Mar 2013,532343,,,
969,8384,7892,492,6%,44,80,149,307,39%,187,3.92,37%,Mar 2014,532343,,,
970,10256,9650,605,6%,80,62,179,444,28%,328,6.91,28%,Mar 2015,532343,,,
971,11377,10558,819,7%,93,70,262,580,26%,429,9.03,28%,Mar 2016,532343,,,
972,12463,11591,871,7%,163,60,317,658,23%,509,10.76,23%,Mar 2017,532343,,,
973,16340,14769,1571,10%,71,338,374,931,29%,665,13.73,24%,Mar 2018,532343,,,
974,20160,17997,2163,11%,25,663,442,1083,33%,725,14.83,24%,Mar 2019,532343,,,
975,18849,16585,2264,12%,12,855,556,865,25%,647,13.15,27%,Mar 2020,532343,,,
976,19421,17189,2232,11%,36,881,565,822,26%,608,12.51,28%,Mar 2021,532343,,,
977,24355,21601,2755,11%,-5,940,743,1067,31%,731,15.93,24%,Mar 2022,532343,,,
978,31974,27947,4027,13%,136,1368,859,1936,32%,1309,27.97,18%,Mar 2023,532343,,,
979,14780,14552,228,2%,198,347,72,8,45%,4,0.39,0%,Mar 2014,543458,,,
980,22973,22330,643,3%,152,328,119,348,34%,230,20.09,0%,Mar 2017,543458,,,
981,26354,25433,921,4%,88,298,146,566,34%,375,32.79,0%,Mar 2018,543458,,,
982,28802,27703,1100,4%,122,470,182,570,36%,365,31.95,0%,Mar 2019,543458,,,
983,29657,28345,1312,4%,108,569,242,609,35%,395,34.52,0%,Mar 2020,543458,,,
984,37090,35763,1328,4%,104,407,268,757,14%,655,57.27,0%,Mar 2021,543458,,,
985,52361,50635,1726,3%,169,525,285,1084,25%,808,6.22,0%,Mar 2022,543458,,,
986,55262,53646,1616,3%,257,729,319,825,26%,607,4.67,0%,Mar 2023,543458,,,
987,,4014,,,2196,18818,120,2634,24%,2013,15.66,22%,Mar 2012,500116,23389,557,2%
988,,5932,,,3334,19674,128,2675,29%,1902,14.17,25%,Mar 2013,500116,25076,-531,-2%
989,,7226,,,3112,20558,117,1819,36%,1166,7.18,14%,Mar 2014,500116,26608,-1176,-4%
990,,8424,,,4189,22387,141,1401,32%,957,5.87,13%,Mar 2015,500116,28164,-2647,-9%
991,,14339,,,3518,21931,218,-4912,26%,-3574,-17.44,0%,Mar 2016,500116,28058,-8212,-29%
992,,18130,,,4207,22019,362,-8498,40%,-4997,-24.36,0%,Mar 2017,500116,27805,-12344,-44%
993,,20698,,,7248,17376,377,-8157,0%,-8116,-26.37,0%,Mar 2018,500116,23046,-15028,-65%
994,,24118,,,3535,16162,370,-15013,0%,-14970,-19.37,0%,Mar 2019,500116,22102,-18178,-82%
995,,24097,,,4631,13841,394,-12847,0%,-12819,-12.36,0%,Mar 2020,500116,20854,-17084,-82%
996,,11490,,,4865,11408,397,1532,0%,1532,1.41,0%,Mar 2021,500116,19962,-2936,-15%
997,,11178,,,4959,9125,417,2557,0%,2557,2.36,0%,Mar 2022,500116,18319,-1984,-11%
998,,10731,,,4575,9130,0,5305,31%,3728,3.45,0%,Mar 2023,500116,20592,730,4%
999,2195,1807,389,18%,55,39,63,342,21%,270,7.98,25%,Mar 2011,500420,,,
1000,2691,2189,502,19%,-22,39,82,359,20%,286,8.39,25%,Mar 2012,500420,,,
1001,3203,2506,697,22%,1,34,83,582,25%,435,12.79,45%,Mar 2013,500420,,,
1002,4172,3216,955,23%,34,59,87,844,21%,664,19.62,25%,Mar 2014,500420,,,
1003,4636,3616,1020,22%,286,175,191,940,20%,751,22.19,25%,Mar 2015,500420,,,
1004,6687,3954,2733,41%,32,184,238,2343,26%,1733,51.22,34%,Mar 2016,500420,,,
1005,5816,4438,1377,24%,223,206,307,1088,14%,934,27.59,25%,Mar 2017,500420,,,
1006,5950,4601,1349,23%,299,308,409,931,27%,678,20.04,35%,Mar 2018,500420,,,
1007,7673,5690,1983,26%,-300,504,618,562,22%,436,12.89,66%,Mar 2019,500420,,,
1008,7939,5769,2170,27%,121,451,654,1187,14%,1025,30.28,53%,Mar 2020,500420,,,
1009,8005,5524,2480,31%,57,353,658,1526,18%,1252,36.99,47%,Mar 2021,500420,,,
1010,8508,6077,2431,29%,-288,255,662,1226,37%,777,22.97,105%,Mar 2022,500420,,,
1011,9260,6584,2676,29%,-393,283,673,1327,,831,24.55,,TTM,500420,,,
1012,11249,10445,804,7%,63,57,260,550,33%,373,5.82,24%,Mar 2012,500093,,,
1013,12094,11711,383,3%,-21,95,203,64,158%,-37,-0.56,-213%,Mar 2013,500093,,,
1014,13632,13019,612,4%,281,137,262,495,48%,244,3.90,31%,Mar 2014,500093,,,
1015,5800,5511,289,5%,72,105,245,12,-88%,22,0.37,214%,Mar 2015,500093,,,
1016,5269,5181,88,2%,-230,80,172,-394,-17%,-461,-7.33,0%,Mar 2016,500093,,,
1017,5517,5645,-128,-2%,-5,186,143,-463,-6%,-491,-7.83,0%,Mar 2017,500093,,,
1018,8031,7893,138,2%,-73,426,252,-613,-17%,-715,-11.47,0%,Mar 2018,500093,,,
1019,7998,7699,299,4%,-116,432,225,-475,-7%,-507,-8.03,0%,Mar 2019,500093,,,
1020,5110,5079,31,1%,-861,365,211,-1407,5%,-1331,-21.12,0%,Mar 2020,500093,,,
1021,2964,2848,116,4%,1655,206,138,1427,10%,1280,9.68,0%,Mar 2021,500093,,,
1022,5561,4893,669,12%,550,82,101,1035,12%,913,6.33,0%,Mar 2022,500093,,,
1023,6973,5979,993,14%,286,16,94,1169,18%,963,6.30,24%,Mar 2023,500093,,,
1024,8166,6654,1512,19%,320,0,258,1574,29%,1123,357.56,38%,Dec 2011,500530,,,
1025,8659,7310,1350,16%,369,6,367,1346,29%,958,305.20,20%,Dec 2012,500530,,,
1026,8757,7468,1289,15%,353,0,384,1257,30%,885,281.76,20%,Dec 2013,500530,,,
1027,12086,10104,1981,16%,537,14,548,1956,32%,1338,426.03,20%,Mar 2015,500530,,,
1028,9701,7823,1878,19%,623,13,386,2102,27%,1531,487.72,17%,Mar 2016,500530,,,
1029,10435,8473,1963,19%,912,27,456,2391,27%,1741,570.47,29%,Mar 2017,500530,,,
1030,11690,9597,2093,18%,418,3,467,2041,33%,1371,449.14,22%,Mar 2018,500530,,,
1031,12085,9931,2154,18%,600,13,402,2339,32%,1598,541.81,19%,Mar 2019,500530,,,
1032,9842,8358,1483,15%,-105,10,383,985,34%,650,220.32,48%,Mar 2020,500530,,,
1033,9718,8555,1163,12%,-241,14,341,567,15%,482,163.59,70%,Mar 2021,500530,,,
1034,11782,10325,1457,12%,396,29,324,1500,19%,1217,412.70,51%,Mar 2022,500530,,,
1035,14929,13123,1807,12%,473,12,386,1882,24%,1424,482.99,99%,Mar 2023,500530,,,
1036,466,558,-92,-20%,21,6,29,-107,0%,-107,-3070.18,0%,Mar 2018,543320,,,
1037,1313,3556,-2243,-171%,1285,9,43,-1010,0%,-1010,-28574.18,0%,Mar 2019,543320,,,
1038,2605,4909,-2305,-88%,16,13,84,-2386,0%,-2386,-70096.54,0%,Mar 2020,543320,,,
1039,1994,2461,-467,-23%,-200,10,138,-815,-0%,-816,-23123.76,0%,Mar 2021,543320,,,
1040,4192,6043,-1851,-44%,793,12,150,-1220,-0%,-1222,-1.54,0%,Mar 2022,543320,,,
1041,7079,8290,-1210,-17%,681,49,437,-1015,4%,-971,-1.14,0%,Mar 2023,543320,,,
1042,3562,3044,518,15%,93,60,117,434,27%,317,0.72,28%,Mar 2012,517334,,,
1043,4291,3534,757,18%,92,54,145,650,28%,470,1.05,25%,Mar 2013,517334,,,
1044,4512,3667,845,19%,108,42,153,758,29%,535,1.20,41%,Mar 2014,517334,,,
1045,4973,4098,875,18%,86,30,207,724,29%,515,1.15,51%,Mar 2015,517334,,,
1046,5293,4262,1031,19%,171,47,201,953,25%,719,1.61,46%,Mar 2016,517334,,,
1047,6287,5072,1215,19%,168,12,198,1173,29%,827,1.75,34%,Mar 2017,517334,,,
1048,7466,6134,1332,18%,140,43,218,1211,27%,879,1.86,54%,Mar 2018,517334,,,
1049,7581,6308,1273,17%,186,18,219,1222,33%,814,1.72,58%,Mar 2019,517334,,,
1050,3980,3426,555,14%,733,25,231,1031,13%,899,1.90,53%,Mar 2020,517334,,,
1051,3669,3228,441,12%,417,90,198,570,9%,521,1.10,91%,Mar 2021,517334,,,
1052,5345,4736,609,11%,1020,141,204,1284,9%,1164,1.72,25%,Mar 2022,517334,,,
1053,7355,6535,820,11%,466,145,231,909,15%,774,1.14,0%,Mar 2023,517334,,,
1054,,10472,,,4240,23789,302,7171,31%,5052,29.63,15%,Mar 2012,532461,37495,3234,9%
1055,,12456,,,4310,27802,336,6786,27%,5020,28.03,19%,Mar 2013,532461,43071,2812,7%
1056,,16112,,,4710,28220,367,4969,29%,3674,19.98,10%,Mar 2014,532461,44958,626,1%
1057,,18760,,,6175,31343,384,4397,24%,3525,18.33,18%,Mar 2015,532461,48710,-1394,-3%
1058,,27453,,,6100,34331,413,-5293,31%,-3510,-18.79,-2%,Mar 2016,532461,50804,-10980,-22%
1059,,22533,,,9168,32722,430,1540,41%,1239,5.58,0%,Mar 2017,532461,48058,-7197,-15%
1060,,43345,,,8883,33530,581,-19849,37%,-12111,-43.88,0%,Mar 2018,532461,48725,-28151,-58%
1061,,39645,,,7367,34656,584,-15370,35%,-9550,-20.79,0%,Mar 2019,532461,52147,-22153,-42%
1062,,25867,,,9388,36997,614,827,56%,485,0.65,0%,Mar 2020,532461,54918,-7946,-14%
1063,,38601,,,12777,50805,982,4325,38%,2695,2.45,0%,Mar 2021,532461,81935,-7470,-9%
1064,,36026,,,12329,46823,896,4826,19%,3908,3.51,18%,Mar 2022,532461,76242,-6607,-9%
1065,,42406,,,12240,51817,0,4861,37%,3359,3.04,0%,Mar 2023,532461,86845,-7378,-8%
1066,25275,21722,3553,14%,430,12,1107,2864,26%,2102,105.30,62%,Mar 2014,500182,,,
1067,27538,24018,3520,13%,325,12,540,3292,29%,2364,118.42,51%,Mar 2015,500182,,,
1068,28457,24033,4424,16%,421,15,443,4387,29%,3112,157.34,46%,Mar 2016,500182,,,
1069,28610,24025,4585,16%,830,27,502,4885,27%,3546,179.49,47%,Mar 2017,500182,,,
1070,32458,27124,5334,16%,564,31,575,5292,30%,3722,186.29,51%,Mar 2018,500182,,,
1071,33971,28946,5025,15%,741,37,624,5104,32%,3466,172.44,50%,Mar 2019,500182,,,
1072,29254,25184,4070,14%,1434,47,846,4611,21%,3659,182.14,49%,Mar 2020,500182,,,
1073,30959,26902,4058,13%,553,46,715,3849,24%,2936,146.05,72%,Mar 2021,500182,,,
1074,29551,26295,3256,11%,545,53,690,3058,24%,2329,115.95,82%,Mar 2022,500182,,,
1075,34158,30065,4094,12%,572,105,697,3864,28%,2800,140.61,71%,Mar 2023,500182,,,
1076,,6535,,,3105,23159,159,4066,20%,3306,68.58,15%,Mar 2012,532483,30816,1121,4%
1077,,7217,,,3308,26198,191,3771,22%,2995,60.94,19%,Mar 2013,532483,34070,655,2%
1078,,9636,,,4144,30606,230,3242,20%,2672,51.84,19%,Mar 2014,532483,39570,-672,-2%
1079,,10302,,,4733,34133,429,3683,22%,2931,54.81,17%,Mar 2015,532483,43813,-621,-1%
1080,,17785,,,5266,34263,172,-2914,13%,-2535,-43.65,0%,Mar 2016,532483,44039,-8008,-18%
1081,,15691,,,7852,31540,331,1746,29%,1411,22.74,4%,Mar 2017,532483,41457,-5775,-14%
1082,,25582,,,7398,29113,456,-6408,36%,-3873,-53.89,0%,Mar 2018,532483,41345,-13350,-32%
1083,,27202,,,9907,32339,429,-2111,126%,696,7.99,0%,Mar 2019,532483,47951,-11590,-24%
1084,,26809,,,11799,35817,446,-1514,-34%,-1921,-19.28,0%,Mar 2020,532483,49759,-12867,-26%
1085,,43437,,,23086,45182,838,3882,30%,2957,17.55,0%,Mar 2021,532483,70253,-18367,-26%
1086,,41235,,,23643,43035,841,9145,37%,6158,33.76,19%,Mar 2022,532483,70614,-13657,-19%
1087,,43793,,,25325,52990,0,14427,25%,11345,62.04,19%,Mar 2023,532483,85885,-10898,-13%
1088,1608,1467,141,9%,59,100,96,5,-236%,16,0.29,0%,Mar 2017,543220,,,
1089,1729,1616,113,7%,65,99,94,-15,-65%,-25,-0.47,0%,Mar 2018,543220,,,
1090,1691,1535,156,9%,56,101,103,8,102%,-0,-0.06,0%,Mar 2019,543220,,,
1091,1059,965,94,9%,48,83,46,13,-1%,59,1.10,0%,Mar 2020,543220,,,
1092,2508,2101,407,16%,-122,179,174,-69,-67%,-138,-1.42,0%,Mar 2021,543220,,,
1093,3931,2986,946,24%,115,101,221,739,18%,605,6.24,0%,Mar 2022,543220,,,
1094,4563,3322,1241,27%,139,84,232,1064,-4%,1104,11.37,0%,Mar 2023,543220,,,
1095,3444,2894,550,16%,65,212,255,148,82%,41,0.03,"2,471%",Mar 2012,500850,,,
1096,3743,3202,542,14%,-374,171,288,-292,-34%,-389,-4.00,-15%,Mar 2013,500850,,,
1097,4066,3504,562,14%,-497,169,308,-412,-27%,-536,-5.14,0%,Mar 2014,500850,,,
1098,4189,3762,427,10%,-193,176,291,-232,-49%,-347,-3.51,0%,Mar 2015,500850,,,
1099,4023,3411,612,15%,-43,376,285,-91,-99%,-203,-1.75,-13%,Mar 2016,500850,,,
1100,4021,3411,610,15%,44,324,299,31,372%,-46,-0.48,-55%,Mar 2017,500850,,,
1101,4104,3432,671,16%,83,269,301,184,66%,104,0.76,47%,Mar 2018,500850,,,
1102,4512,3682,830,18%,90,190,328,402,39%,296,2.17,21%,Mar 2019,500850,,,
1103,4463,3496,968,22%,173,341,404,396,11%,364,2.68,17%,Mar 2020,500850,,,
1104,1575,1937,-362,-23%,325,403,410,-850,18%,-796,-5.45,-7%,Mar 2021,500850,,,
1105,3056,2651,405,13%,171,428,406,-258,14%,-265,-1.74,-23%,Mar 2022,500850,,,
1106,5810,4005,1805,31%,142,236,416,1295,25%,1053,7.06,14%,Mar 2023,500850,,,
1107,1845,1924,-79,-4%,98,22,41,-44,-7%,-46,-1.39,-47%,Mar 2012,500251,,,
1108,2132,2128,5,0%,58,29,45,-10,-262%,-27,-0.81,-87%,Mar 2013,500251,,,
1109,2333,2343,-10,-0%,91,26,54,1,"1,357%",-19,-0.56,-125%,Mar 2014,500251,,,
1110,2284,2196,88,4%,208,22,75,200,35%,129,3.89,26%,Mar 2015,500251,,,
1111,1686,1596,90,5%,86,48,39,90,39%,55,1.66,54%,Mar 2016,500251,,,
1112,1812,1679,134,7%,81,46,41,128,34%,85,2.55,39%,Mar 2017,500251,,,
1113,2157,1949,208,10%,27,44,46,147,41%,87,2.62,44%,Mar 2018,500251,,,
1114,2630,2390,241,9%,30,51,52,168,44%,95,2.92,45%,Mar 2019,500251,,,
1115,3486,2957,529,15%,147,263,247,165,36%,106,3.46,29%,Mar 2020,500251,,,
1116,2593,2479,114,4%,199,261,257,-205,12%,-181,-4.11,-15%,Mar 2021,500251,,,
1117,4498,3903,595,13%,152,325,311,111,69%,35,2.98,57%,Mar 2022,500251,,,
1118,8242,7128,1114,14%,341,409,494,552,29%,394,12.51,18%,Mar 2023,500251,,,
1119,3918,3141,778,20%,209,18,28,941,26%,694,17.33,0%,Mar 2018,543904,,,
1120,3829,3124,705,18%,64,40,38,691,26%,514,12.83,0%,Mar 2019,543904,,,
1121,4794,3550,1244,26%,94,11,62,1265,24%,958,23.92,32%,Mar 2020,543904,,,
1122,5523,4151,1372,25%,154,8,78,1440,25%,1084,27.07,0%,Mar 2021,543904,,,
1123,7257,5457,1800,25%,163,44,121,1798,26%,1335,33.33,0%,Mar 2022,543904,,,
1124,3549,4391,-842,-24%,498,7,45,-395,-5%,-416,-9.54,0%,Mar 2012,540716,,,
1125,4012,4191,-178,-4%,586,8,49,351,-0%,353,8.07,0%,Mar 2013,540716,,,
1126,4352,4578,-225,-5%,817,9,50,533,3%,520,11.69,0%,Mar 2014,540716,,,
1127,4234,4456,-221,-5%,992,12,54,705,17%,585,13.11,15%,Mar 2015,540716,,,
1128,6033,5269,764,13%,0,0,57,708,28%,507,11.34,26%,Mar 2016,540716,,,
1129,7520,6601,919,12%,-2,0,7,910,23%,702,15.56,22%,Mar 2017,540716,,,
1130,6912,7174,-262,-4%,1569,59,51,1196,28%,862,18.98,17%,Mar 2018,540716,,,
1131,11163,9494,1669,15%,-2,70,0,1598,34%,1049,23.10,26%,Mar 2019,540716,,,
1132,11517,9745,1772,15%,15,0,90,1697,30%,1194,26.27,13%,Mar 2020,540716,,,
1133,12183,10594,1589,13%,495,0,130,1954,25%,1473,32.40,25%,Mar 2021,540716,,,
1134,16026,15010,1016,6%,809,0,141,1684,24%,1271,25.89,35%,Mar 2022,540716,,,
1135,17876,16758,1118,6%,995,0,0,2113,18%,1729,35.21,27%,Mar 2023,540716,,,
1136,7671,6321,1351,18%,85,415,292,729,18%,561,8.02,21%,Mar 2012,512070,,,
1137,9186,7531,1654,18%,72,429,354,944,22%,773,11.67,14%,Mar 2013,512070,,,
1138,10771,8753,2018,19%,30,485,407,1157,19%,957,14.77,18%,Mar 2014,512070,,,
1139,12091,9728,2363,20%,-11,517,425,1410,17%,1187,17.79,19%,Mar 2015,512070,,,
1140,14048,11700,2348,17%,149,704,676,1117,15%,952,14.62,23%,Mar 2016,512070,,,
1141,16312,13346,2966,18%,363,735,672,1922,10%,1733,22.71,20%,Mar 2017,512070,,,
1142,17378,13966,3412,20%,351,783,675,2305,12%,2030,26.51,20%,Mar 2018,512070,,,
1143,21837,18024,3813,17%,-197,963,880,1773,11%,1575,19.52,27%,Mar 2019,512070,,,
1144,35756,28984,6772,19%,-515,1481,2012,2764,21%,2178,23.24,26%,Mar 2020,512070,,,
1145,38694,30342,8352,22%,62,2060,2173,4181,16%,3495,37.58,27%,Mar 2021,512070,,,
1146,46240,36711,9529,21%,91,2295,2359,4966,11%,4437,47.46,21%,Mar 2022,512070,,,
1147,53576,43380,10196,19%,464,2963,2547,5150,14%,4414,47.56,21%,Mar 2023,512070,,,
1148,18209,11410,6799,37%,310,533,1386,5189,23%,4022,42.41,4%,Mar 2012,532286,,,
1149,19807,13701,6106,31%,333,1067,1539,3833,24%,2952,31.13,5%,Mar 2013,532286,,,
1150,19286,13487,5799,30%,349,1807,1829,2512,25%,1896,20.88,7%,Mar 2014,532286,,,
1151,19401,13937,5464,28%,-1399,2875,2733,-1543,6%,-1452,-13.97,0%,Mar 2015,532286,,,
1152,19469,16032,3437,18%,-79,3254,4068,-3964,22%,-3087,-32.42,0%,Mar 2016,532286,,,
1153,21603,16894,4709,22%,-362,3441,3949,-3043,17%,-2538,-24.93,0%,Mar 2017,532286,,,
1154,33286,26817,6469,19%,-584,3866,3883,-1864,13%,-1616,-14.56,0%,Mar 2018,532286,,,
1155,46966,38553,8412,18%,-1470,4264,5480,-2802,14%,-2412,-17.00,0%,Mar 2019,532286,,,
1156,37923,31092,6831,18%,74,3768,3429,-291,-37%,-400,-1.07,0%,Mar 2020,532286,,,
1157,34579,23646,10933,32%,313,2753,2414,6078,30%,4267,35.62,0%,Mar 2021,532286,,,
1158,51166,37089,14076,28%,-401,1888,2097,9690,30%,6766,56.40,5%,Mar 2022,532286,,,
1159,52711,42776,9935,19%,-532,1446,2691,5266,25%,3974,31.11,6%,Mar 2023,532286,,,
