,Share Capital +,Reserves,Borrowings +,Other Liabilities +,Total Liabilities,Fixed Assets +,CWIP,Investments,Other Assets +,Total Assets,quarter(10yrs),ScripCode
0,2979,166467,92447,65298,327191,138814,25363,38596,124418,327191,Mar 2012,500325
1,2936,179119,107219,73083,362357,133487,49952,42848,136070,362357,Mar 2013,500325
2,2940,195747,138761,91395,428843,141417,91494,60602,135330,428843,Mar 2014,500325
3,2943,215556,168251,117736,504486,156458,166462,76451,105115,504486,Mar 2015,500325
4,2948,228608,194714,172727,598997,184910,228697,84015,101375,598997,Mar 2016,500325
5,2959,260750,217475,225618,706802,198526,324837,82899,100540,706802,Mar 2017,500325
6,5922,287584,239843,277924,811273,403885,187022,82862,137504,811273,Mar 2018,500325
7,5926,381186,307714,302804,997630,398374,179463,235635,184158,997630,Mar 2019,500325
8,6339,442827,355133,358716,1163015,532658,109106,276767,244484,1163015,Mar 2020,500325
9,6445,693727,278962,340931,1320065,541258,125953,364828,288026,1320065,Mar 2021,500325
10,6765,772720,319158,399979,1498622,627798,172506,394264,304054,1498622,Mar 2022,500325
11,6766,814387,335134,557219,1713506,899786,117259,336633,359828,1713506,Mar 2023,500325
12,296,29284,127,11551,41157,8662,1446,1350,29698,41157,Mar 2012,532540
13,296,38350,232,13154,51932,9828,1895,1897,38312,51932,Mar 2013,532540
14,196,48999,297,17337,66829,9544,3168,3434,50682,66829,Mar 2014,532540
15,196,50439,358,22325,73318,11638,2766,1662,57252,73318,Mar 2015,532540
16,197,70875,245,16974,88291,11774,1670,22822,52025,88291,Mar 2016,532540
17,197,86017,289,15830,102333,11701,1541,41980,47111,102333,Mar 2017,532540
18,191,84937,247,19751,105126,11973,1278,36008,55867,105126,Mar 2018,532540
19,375,89071,62,24393,113901,12290,963,29330,71318,113901,Mar 2019,532540
20,375,83751,8174,27820,120120,20928,906,26356,71930,120120,Mar 2020,532540
21,370,86063,7795,35764,129992,21021,926,29373,78672,129992,Mar 2021,532540
22,366,88773,7818,43967,140924,21298,1205,30485,87936,140924,Mar 2022,532540
23,366,90058,7688,44747,142859,20515,1234,37163,83947,142859,Mar 2023,532540
24,469,29741,272874,37971,341055,2378,0,96795,241882,341055,Mar 2012,500180
25,476,36167,335588,35492,407723,2773,0,110960,293989,407723,Mar 2013,500180
26,480,43687,416677,42776,503620,3026,0,119571,381023,503620,Mar 2014,500180
27,501,62653,509762,34181,607097,3225,0,149454,454417,607097,Mar 2015,500180
28,506,73798,649587,38321,762212,3667,0,193634,564912,762212,Mar 2016,500180
29,513,91281,741550,59000,892344,4000,0,210777,677567,892344,Mar 2017,500180
30,519,109080,944817,48770,1103186,4008,0,238461,860717,1103186,Mar 2018,500180
31,545,153128,1080235,58898,1292806,4369,0,289446,998991,1292806,Mar 2019,500180
32,548,175810,1333041,71430,1580830,4776,0,389305,1186750,1580830,Mar 2020,500180
33,551,209259,1511418,78279,1799507,5248,0,438823,1355435,1799507,Mar 2021,500180
34,555,246772,1784970,90639,2122934,6432,0,449264,1667238,2122934,Mar 2022,500180
35,,,,,,,,,,,Mar 2023,500180
36,1153,60124,443247,114763,619287,5432,0,239864,373991,619287,Mar 2012,532174
37,1154,67609,487659,118401,674822,5473,0,255667,413682,674822,Mar 2013,532174
38,1155,75275,543055,128278,747762,5507,0,267609,474646,747762,Mar 2014,532174
39,1160,83545,597207,144167,826079,5871,0,274311,545897,826079,Mar 2015,532174
40,1163,92948,671455,153190,918756,8713,0,286044,623999,918756,Mar 2016,532174
41,1165,103467,700874,180219,985725,9338,0,304373,672013,985725,Mar 2017,532174
42,1286,109344,815198,198453,1124281,9465,0,372208,742608,1124281,Mar 2018,532174
43,1289,112964,891641,232899,1238794,9660,0,398201,830933,1238794,Mar 2019,532174
44,1295,121665,1014636,239696,1377292,10409,0,443473,923411,1377292,Mar 2020,532174
45,1383,156204,1103840,312385,1573812,10917,0,536579,1026317,1573812,Mar 2021,532174
46,1390,180663,1252968,317616,1752637,10707,0,567098,1174833,1752637,Mar 2022,532174
47,,,,,,,,,,,Mar 2023,532174
48,216,3465,0,7726,11407,2263,228,2322,6595,11407,Mar 2012,500696
49,216,2649,25,9202,12092,2431,222,2252,7186,12092,Mar 2013,500696
50,216,3321,46,10171,13754,2746,373,2838,7797,13754,Mar 2014,500696
51,216,3811,43,10359,14430,2821,516,3025,8067,14430,Mar 2015,500696
52,216,6357,177,8043,14793,3258,408,2592,8535,14793,Mar 2016,500696
53,216,6528,277,8685,15706,4419,229,3794,7264,15706,Mar 2017,500696
54,216,7065,0,10581,17862,4528,461,2873,10000,17862,Mar 2018,500696
55,216,7651,99,10663,18629,4715,406,2716,10792,18629,Mar 2019,500696
56,216,8013,0,11924,20153,5479,597,1255,12822,20153,Mar 2020,500696
57,235,47439,1009,20057,68740,51443,745,2709,13843,68740,Mar 2021,500696
58,235,48826,1043,20402,70506,51473,1313,3521,14199,70506,Mar 2022,500696
59,235,50071,1219,21562,73087,52747,1132,2813,16395,73087,Mar 2023,500696
60,286,31046,0,7025,38357,5555,590,372,31840,38357,Mar 2012,500209
61,286,37708,0,8281,46275,7139,1140,2116,35880,46275,Mar 2013,500209
62,286,44244,0,12436,56966,8378,961,4331,43296,56966,Mar 2014,500209
63,572,50164,0,15553,66289,11346,776,2270,51897,66289,Mar 2015,500209
64,1144,60600,0,13354,75098,13386,960,1892,58860,75098,Mar 2016,500209
65,1144,67838,0,14166,83148,14179,1365,16423,51181,83148,Mar 2017,500209
66,1088,63835,0,14426,79349,12574,1606,12163,53006,79349,Mar 2018,500209
67,2170,62778,0,19118,84066,15710,1388,11261,55707,84066,Mar 2019,500209
68,2122,63328,4633,21717,91800,23789,954,8792,58265,91800,Mar 2020,500209
69,2124,74227,5325,25835,107511,25505,922,14205,66879,107511,Mar 2021,500209
70,2098,73252,5474,35905,116729,25800,416,20324,70189,116729,Mar 2022,500209
71,2069,73338,8299,40890,124596,29225,288,19478,75605,124596,Mar 2023,500209
72,782,18677,118,10509,30085,10007,2396,5207,12475,30085,Mar 2012,500875
73,790,22368,102,12069,35329,12140,2062,5981,15146,35329,Mar 2013,500875
74,795,26442,242,13369,40848,12921,3117,7284,17526,40848,Mar 2014,500875
75,802,30934,269,13948,45952,15303,2700,6943,21006,45952,Mar 2015,500875
76,805,41875,84,8888,51651,15107,2560,11748,22237,51651,Mar 2016,500875
77,1215,45198,46,9440,55898,15893,3730,17581,18694,55898,Mar 2017,500875
78,1220,51290,36,11695,64241,16524,5508,22053,20156,64241,Mar 2018,500875
79,1226,57915,13,12585,71739,19374,4136,25043,23185,71739,Mar 2019,500875
80,1229,64044,277,11760,77311,21713,3256,28663,23678,77311,Mar 2020,500875
81,1231,59116,271,13143,73761,23298,4011,24871,21580,73761,Mar 2021,500875
82,1232,61223,249,14491,77196,24232,3226,24841,24898,77196,Mar 2022,500875
83,1243,67912,306,16422,85883,25870,2985,29415,27613,85883,Mar 2023,500875
84,671,105559,1572681,150720,1829631,7027,381,460949,1361274,1829631,Mar 2012,500112
85,684,124349,1831126,176355,2132514,8694,676,519343,1603801,2132514,Mar 2013,500112
86,747,146624,2062612,185573,2395556,10223,337,579401,1805595,2395556,Mar 2014,500112
87,747,160641,2297624,240149,2699161,12924,400,673507,2012329,2699161,Mar 2015,500112
88,776,179816,2615257,276472,3072321,15415,786,807375,2248746,3072321,Mar 2016,500112
89,797,216395,2936176,288391,3441760,51189,695,1027281,2362594,3441760,Mar 2017,500112
90,892,229429,3091258,294860,3616439,40301,925,1183794,2391419,3616439,Mar 2018,500112
91,892,233603,3354289,299676,3888460,39941,762,1119270,2728487,3888460,Mar 2019,500112
92,892,250168,3607061,339364,4197486,39608,470,1228284,2929123,4197486,Mar 2020,500112
93,892,274669,4149127,420926,4845615,41600,116,1595100,3208798,4845615,Mar 2021,500112
94,892,304696,4536570,518719,5360878,41032,28,1776490,3543328,5360878,Mar 2022,500112
95,,,,,,,,,,,Mar 2023,500112
96,295,23921,142479,45641,212336,842,7,48639,162849,212336,Mar 2012,500010
97,309,31581,163663,56225,251778,851,32,59492,191403,251778,Mar 2013,500010
98,312,37263,190602,68712,296889,1002,21,72914,222951,296889,Mar 2014,500010
99,315,44757,217357,87078,349507,1470,9,93782,254245,349507,Mar 2015,500010
100,316,50534,249418,97519,397786,1568,19,104721,291478,397786,Mar 2016,500010
101,318,59690,293795,120319,474122,2266,54,132855,338947,474122,Mar 2017,500010
102,335,91488,336416,138320,566560,2349,23,172218,391969,566560,Mar 2018,500010
103,344,111389,386755,162321,660810,2310,24,210704,447771,660810,Mar 2019,500010
104,346,126133,425368,177936,729782,5476,59,243248,481000,729782,Mar 2020,500010
105,361,156045,447011,225814,829230,5312,47,302481,521390,829230,Mar 2021,500010
106,363,179184,507460,279224,966230,12745,39,352484,600962,966230,Mar 2022,500010
107,367,201108,582265,307789,1091529,12708,12,155485,923325,1091529,Mar 2023,500010
108,1899,48712,69023,36265,155900,129168,4414,1836,20482,155900,Mar 2012,532454
109,1899,48423,66736,40912,157970,125674,2992,7710,21594,157970,Mar 2013,532454
110,1999,57757,75896,45840,181492,140614,0,15531,25347,181492,Mar 2014,532454
111,1999,37778,83415,58747,181939,124279,17415,10752,29494,181939,Mar 2015,532454
112,1999,64771,100646,57056,224472,172293,5702,11977,34500,224472,Mar 2016,532454
113,1999,65458,107288,57578,232322,178235,10838,14339,28910,232322,Mar 2017,532454
114,1999,67536,111334,68653,249521,187200,9751,16159,36411,249521,Mar 2018,532454
115,1999,69424,125428,77176,274026,200832,9634,15711,47850,274026,Mar 2019,532454
116,2728,74417,148228,133718,359091,229256,4282,25476,100077,359091,Mar 2020,532454
117,2746,56207,162785,122679,344417,223480,5726,27550,87661,344417,Mar 2021,532454
118,2795,63759,169678,124975,361207,244083,5955,29349,81820,361207,Mar 2022,532454
119,2837,74726,226020,143050,446633,315790,11029,32954,86860,446633,Mar 2023,532454
120,50,4750,26655,1325,32780,252,0,326,32201,32780,Mar 2015,500034
121,54,7271,37025,2624,46973,290,0,1029,45654,46973,Mar 2016,500034
122,109,9491,49250,4881,63731,366,0,4070,59295,63731,Mar 2017,500034
123,115,15733,66557,2393,84798,470,0,3139,81189,84798,Mar 2018,500034
124,115,19582,101588,2948,124233,695,0,8599,114939,124233,Mar 2019,500034
125,120,32208,129806,2257,164391,1321,0,17544,145526,164391,Mar 2020,500034
126,120,36798,131634,2918,171470,1316,51,18397,151707,171470,Mar 2021,500034
127,121,43592,165232,3561,212505,1716,34,12246,198509,212505,Mar 2022,500034
128,121,54251,216690,4166,275229,2373,15,22752,250089,275229,Mar 2023,500034
129,370,12566,65655,13731,92323,615,0,31658,60049,92323,Mar 2012,500247
130,373,14894,85561,15006,115835,620,0,40907,74308,115835,Mar 2013,500247
131,385,18699,85937,17176,122197,1264,0,38791,82142,122197,Mar 2014,500247
132,386,21770,104258,22049,148464,1385,0,45589,101490,148464,Mar 2015,500247
133,917,32447,179679,27761,240804,1761,0,70274,168769,240804,Mar 2016,500247
134,920,37572,205230,32465,276188,1759,0,68462,205967,276188,Mar 2017,500247
135,953,49535,249840,37392,337720,2543,0,90977,244201,337720,Mar 2018,500247
136,1454,56827,291263,46126,395171,2697,0,103487,288987,395171,Mar 2019,500247
137,1457,65680,325977,50559,443173,2675,0,111197,329301,443173,Mar 2020,500247
138,1491,83348,326610,67905,478854,2554,0,156946,319355,478854,Mar 2021,500247
139,1492,95673,365235,84597,546498,2723,0,164529,379245,546498,Mar 2022,500247
140,,,,,,,,,,,Mar 2023,500247
141,100,506,0,2571339,2571946,2403,182,2335631,233729,2571946,Mar 2017,543526
142,100,550,0,2844339,2844989,2574,175,2604269,237972,2844989,Mar 2018,543526
143,100,579,0,3111132,3111811,2643,241,2829867,279059,3111811,Mar 2019,543526
144,100,640,0,3202760,3203500,17138,246,2906128,279988,3203500,Mar 2020,543526
145,100,6261,0,3805395,3811756,17693,148,3506930,286984,3811756,Mar 2021,543526
146,6325,4084,0,4220181,4230590,17744,198,3911654,300993,4230590,Mar 2022,543526
147,6325,39344,0,4504843,4550512,3820,0,4244851,301842,4550512,Mar 2023,543526
148,122,29264,51568,38228,119182,19403,14913,8789,76076,119182,Mar 2012,500510
149,123,33737,63144,45924,142928,30389,11351,8768,92421,142928,Mar 2013,500510
150,185,37526,80846,50324,168881,32397,14179,8109,114197,168881,Mar 2014,500510
151,186,40723,93630,58727,193266,34738,14993,9612,133923,193266,Mar 2015,500510
152,1499,43994,86822,63088,194091,14176,10974,15465,153475,194091,Mar 2016,500510
153,1334,50030,92807,68547,211571,16677,13298,19753,161843,211571,Mar 2017,500510
154,1186,54623,106619,81717,243240,18580,13443,15311,195905,243240,Mar 2018,500510
155,1257,62094,124579,91083,278036,21194,13919,20907,222016,278036,Mar 2019,500510
156,1685,66442,141770,98194,306687,43653,3311,20047,239675,306687,Mar 2020,500510
157,1405,75588,133505,100721,310095,44319,500,39627,225649,310095,Mar 2021,500510
158,497,82127,125292,111310,319010,42737,1250,39603,235420,319010,Mar 2022,500510
159,281,89045,120650,120376,330352,42757,2949,44798,239847,330352,Mar 2023,500510
160,139,9699,2179,6320,18338,6453,578,673,10633,18338,Jun 2012,532281
161,139,13025,1044,8191,22399,6753,494,713,14440,22399,Jun 2013,532281
162,140,19410,1018,9412,29980,7444,531,662,21343,29980,Jun 2014,532281
163,281,23943,648,10372,35245,8275,552,869,25548,35245,Jun 2015,532281
164,282,27109,1090,10859,39341,9716,611,698,28315,39341,Mar 2016,532281
165,285,32664,582,12231,45762,15235,448,1306,28773,45762,Mar 2017,532281
166,278,36108,557,11046,47989,18753,320,2660,26256,47989,Mar 2018,532281
167,271,41095,4195,12788,58349,22888,235,2305,32921,58349,Mar 2019,532281
168,543,50724,7986,23566,82819,37490,400,7066,37863,82819,Mar 2020,532281
169,543,59370,6864,19270,86047,37145,312,6862,41728,86047,Mar 2021,532281
170,543,61371,6343,20664,88921,35077,129,6351,47364,88921,Mar 2022,532281
171,543,64862,4786,23220,93411,34619,40,5495,53257,93411,Mar 2023,532281
172,96,2653,341,2623,5712,1301,617,355,3440,5712,Mar 2012,500820
173,96,3288,251,3149,6784,2441,59,296,3989,6784,Mar 2013,500820
174,96,3943,249,3787,8075,2562,72,1424,4019,8075,Mar 2014,500820
175,96,4646,418,3754,8914,2660,196,1588,4471,8914,Mar 2015,500820
176,96,6429,323,3711,10559,3416,107,2712,4324,10559,Mar 2016,500820
177,96,7508,560,4241,12405,3304,258,2652,6192,12405,Mar 2017,500820
178,96,8314,533,4820,13763,3732,1405,2141,6485,13763,Mar 2018,500820
179,96,9375,1320,5459,16249,6497,210,2569,6974,16249,Mar 2019,500820
180,96,10034,1118,4889,16138,6272,140,2019,7707,16138,Mar 2020,500820
181,96,12710,1093,6456,20355,5859,183,4737,9577,20355,Mar 2021,500820
182,96,13716,1587,7560,22958,5519,426,3248,13765,22958,Mar 2022,500820
183,96,15896,1933,7873,25798,5770,1020,4262,14746,25798,Mar 2023,500820
184,413,22269,254059,8675,285417,2204,80,92921,190211,285417,Mar 2012,532215
185,468,32690,296254,11145,340558,2245,142,113378,224792,340558,Mar 2013,532215
186,470,37926,333280,14674,386350,2346,102,113093,270810,386350,Mar 2014,532215
187,474,44475,406638,15656,467243,2447,105,118527,346164,467243,Mar 2015,532215
188,477,53082,472150,20678,546387,3358,216,131399,411414,546387,Mar 2016,532215
189,479,55901,527437,27644,611462,3518,292,129018,478633,611462,Mar 2017,532215
190,513,63694,611425,28071,703703,3697,352,153037,546618,703703,Mar 2018,532215
191,514,67288,711996,34248,814046,3842,288,174056,635860,814046,Mar 2019,532215
192,564,85776,797337,44194,927872,3912,483,155282,768196,927872,Mar 2020,532215
193,613,102981,850551,46859,1001005,4501,118,225336,771050,1001005,Mar 2021,532215
194,614,117647,1020692,56576,1195529,4753,215,274608,915952,1195529,Mar 2022,532215
195,,,,,,,,,,,Mar 2023,532215
196,110,19363,69479,18008,106960,37735,37221,542,31463,106960,Mar 2012,512599
197,110,21286,69332,21143,111871,48770,29248,323,33529,111871,Mar 2013,512599
198,110,23647,71980,22365,118102,70579,13574,288,33661,118102,Mar 2014,512599
199,110,25618,83571,21420,130718,83834,6733,744,39407,130718,Mar 2015,512599
200,110,13268,19169,9132,41679,10473,7705,805,22696,41679,Mar 2016,512599
201,110,14026,20846,12630,47611,13668,7731,1042,25170,47611,Mar 2017,512599
202,110,14979,17637,23679,56405,10555,5526,1461,38864,56405,Mar 2018,512599
203,110,14646,11243,16537,42536,9020,5765,1511,26240,42536,Mar 2019,512599
204,110,16837,12419,17509,46875,10476,7347,1952,27099,46875,Mar 2020,512599
205,110,17049,16227,18231,51617,10838,8825,5503,26451,51617,Mar 2021,512599
206,110,22147,41604,37726,101586,30123,23544,4292,43627,101586,Mar 2022,512599
207,114,32937,53200,55236,141488,63207,17699,6310,54271,141488,Mar 2023,512599
208,144,15530,1421,6004,23099,7746,943,6545,7866,23099,Mar 2012,532500
209,151,18877,1569,6920,27517,10022,1966,7421,8107,27517,Mar 2013,532500
210,151,21345,2004,7975,31476,11034,2640,10527,7275,31476,Mar 2014,532500
211,151,24167,666,9492,34477,12490,1890,13298,6800,34477,Mar 2015,532500
212,151,30465,231,11879,42726,12530,1007,20676,8513,42726,Mar 2016,532500
213,151,36924,484,14402,51960,13311,1252,29151,8247,51960,Mar 2017,532500
214,151,42408,121,17568,60248,13389,2132,36123,8604,60248,Mar 2018,532500
215,151,46941,160,16717,63969,15437,1607,37504,9421,63969,Mar 2019,532500
216,151,49262,184,14031,63628,15744,1415,37488,8980,63628,Mar 2020,532500
217,151,52350,541,18335,71376,14989,1497,42945,11946,71376,Mar 2021,532500
218,151,55182,426,18896,74656,13747,2936,42035,15937,74656,Mar 2022,532500
219,151,61640,1247,21558,84597,17919,2815,49184,14678,84597,Mar 2023,532500
220,89,1372,6,3243,4710,384,25,2,4299,4710,Mar 2012,500114
221,89,1881,0,3914,5884,464,42,3,5375,5884,Mar 2013,500114
222,89,2434,807,2781,6111,614,33,3,5461,6111,Mar 2014,500114
223,89,2995,100,2684,5868,699,55,3,5111,5868,Mar 2015,500114
224,89,3418,113,2723,6342,771,107,30,5434,6342,Mar 2016,500114
225,89,4144,1882,2293,8408,1189,152,431,6636,8408,Mar 2017,500114
226,89,5001,1691,2740,9521,1474,43,36,7968,9521,Mar 2018,500114
227,89,5981,2393,3247,11710,1567,32,108,10003,11710,Mar 2019,500114
228,89,6580,3562,3313,13544,2633,18,158,10735,13544,Mar 2020,500114
229,89,7408,5638,3309,16444,2523,32,2824,11065,16444,Mar 2021,500114
230,89,9214,7275,4610,21188,2544,85,294,18265,21188,Mar 2022,500114
231,89,11762,9367,5805,27023,3009,133,2515,21366,27023,Mar 2023,500114
232,104,12132,321,3762,16319,3951,345,2213,9810,16319,Mar 2012,524715
233,104,14886,260,5128,20377,5647,563,2412,11756,20377,Mar 2013,524715
234,207,18318,2561,8009,29095,6817,842,2786,18650,29095,Mar 2014,524715
235,207,25431,8996,14089,48723,12682,2039,2716,31286,48723,Mar 2015,524715
236,241,32742,8497,13948,55428,15872,2175,1830,35550,55428,Mar 2016,524715
237,240,36400,9832,14624,61095,17675,2801,1192,39427,61095,Mar 2017,524715
238,240,38074,10385,15598,64297,18853,2465,7143,35837,64297,Mar 2018,524715
239,240,41169,10514,12666,64590,21837,1411,7903,33439,64590,Mar 2019,524715
240,240,45025,8315,14615,68194,22847,1220,10143,33984,68194,Mar 2020,524715
241,240,46223,3869,17291,67622,21553,1567,9612,34890,67622,Mar 2021,524715
242,240,47771,1290,20466,69768,22460,1287,12849,33173,69768,Mar 2022,524715
243,240,55755,6886,17862,80744,28430,963,14830,36520,80744,Mar 2023,524715
244,72,5027,10201,44154,59454,818,18,43506,15113,59454,Mar 2012,532978
245,80,7722,12991,44578,65370,1208,2,43251,20910,65370,Mar 2013,532978
246,80,9232,19507,45565,74383,1262,1,45314,27805,74383,Mar 2014,532978
247,80,11009,26312,50827,88228,1261,3,51367,35598,88228,Mar 2015,532978
248,80,13519,36062,54290,103951,1274,11,53698,48969,103951,Mar 2016,532978
249,80,16071,48282,64181,128614,1645,4,62658,64306,128614,Mar 2017,532978
250,80,20403,65695,75337,161514,1792,28,69428,90266,161514,Mar 2018,532978
251,80,23660,99754,84934,208428,2097,66,81679,124587,208428,Mar 2019,532978
252,80,31222,127212,92791,251304,3216,45,91821,156223,251304,Mar 2020,532978
253,80,35750,128461,115554,279845,3182,129,113654,162879,279845,Mar 2021,532978
254,80,40167,161179,131987,333413,3586,113,119222,210493,333413,Mar 2022,532978
255,159,46248,212265,146837,405509,4465,62,136176,264806,405509,Mar 2023,532978
256,534,148,381,128,1191,779,85,23,304,1191,Mar 2012,540376
257,544,245,526,176,1492,925,118,16,433,1492,Mar 2013,540376
258,547,409,641,211,1808,1172,89,16,532,1808,Mar 2014,540376
259,562,638,904,251,2355,1528,98,15,713,2355,Mar 2015,540376
260,562,959,1192,389,3102,2094,82,29,897,3102,Mar 2016,540376
261,624,3218,1497,480,5819,2578,153,26,3063,5819,Mar 2017,540376
262,624,4045,439,540,5648,3400,147,68,2033,5648,Mar 2018,540376
263,624,4963,700,718,7006,4400,377,17,2212,7006,Mar 2019,540376
264,648,10432,333,663,12076,5948,364,15,5749,12076,Mar 2020,540376
265,648,11536,393,1079,13655,7009,1020,3,5624,13655,Mar 2021,540376
266,648,13030,647,1146,15471,9260,1129,6,5076,15471,Mar 2022,540376
267,648,15430,643,1385,18106,11340,829,202,5734,18106,Mar 2023,540376
268,274,12550,5891,6181,24896,13314,1940,3547,6095,24896,Mar 2012,532538
269,274,14955,7342,7010,29582,15050,3601,4709,6222,29582,Mar 2013,532538
270,274,16908,7332,7671,32185,18100,2186,4862,7037,32185,Mar 2014,532538
271,274,18767,9829,9183,38053,23343,2250,4500,7961,38053,Mar 2015,532538
272,274,21671,10616,8631,41193,25309,1469,5095,9319,41193,Mar 2016,532538
273,275,24117,8474,9343,42209,25904,921,6691,8693,42209,Mar 2017,532538
274,275,26107,19480,11280,57141,39715,1511,5447,10468,57141,Mar 2018,532538
275,275,33476,25337,17438,76525,56645,1153,2921,15806,76525,Mar 2019,532538
276,289,38755,23019,17151,79214,57151,920,5929,15215,79214,Mar 2020,532538
277,289,43886,21719,20282,86176,55412,1687,12178,16900,86176,Mar 2021,532538
278,289,50147,11299,22077,83811,55488,4785,6336,17203,83811,Mar 2022,532538
279,289,54036,11058,26005,91387,59584,4035,7277,20491,91387,Mar 2023,532538
280,492,26526,5896,10318,43231,12436,347,4472,25977,43231,Mar 2012,507685
281,492,26072,6381,10675,43621,9996,407,6765,26454,43621,Mar 2013,507685
282,493,31636,5159,12245,49533,10649,369,6146,32368,49533,Mar 2014,507685
283,494,36598,7891,13367,58350,10837,395,5532,41586,58350,Mar 2015,507685
284,494,45651,12522,12924,71590,17279,381,20915,33016,71590,Mar 2016,507685
285,486,51184,14241,12761,78672,19886,738,29913,28135,78672,Mar 2017,507685
286,905,47022,13901,13563,75391,18127,1378,25797,30090,75391,Mar 2018,507685
287,1207,55216,9947,16217,82586,17465,2142,22887,40093,82586,Mar 2019,507685
288,1143,54179,9724,15954,81000,22062,1881,20032,37024,81000,Mar 2020,507685
289,1096,53805,10451,17213,82566,23040,1853,18775,38898,82566,Mar 2021,507685
290,1096,64307,17593,24280,107276,37990,1602,26154,41531,107276,Mar 2022,507685
291,1098,76570,17467,21999,117134,44757,617,33073,38687,117134,Mar 2023,507685
292,4278,111049,6704,71495,193527,35859,34760,3100,119808,193527,Mar 2011,500312
293,4278,132161,15973,79771,232183,38542,49698,2921,141022,232183,Mar 2012,500312
294,4278,148250,20686,80211,253424,49104,53385,2128,148807,253424,Mar 2013,500312
295,4278,167874,49113,103711,324976,64655,72034,4746,183541,324976,Mar 2014,500312
296,4278,176177,53944,103448,337847,88928,63393,4749,180776,337847,Mar 2015,500312
297,4278,193536,45500,98459,341772,46385,57668,33387,204332,341772,Mar 2016,500312
298,6417,187969,80029,170111,444525,81510,59042,70746,233227,444525,Mar 2017,500312
299,6417,197602,106550,148664,459232,82970,61512,67335,247416,459232,Mar 2018,500312
300,6290,210644,107742,167667,492343,86011,69056,66909,270367,492343,Mar 2019,500312
301,6290,198814,129473,173787,508364,103848,83832,56755,263929,508364,Mar 2020,500312
302,6290,214691,133187,187580,541748,104466,100309,60320,276653,541748,Mar 2021,500312
303,6290,253213,121986,201830,583319,111050,106719,66642,298907,583319,Mar 2022,500312
304,6290,272621,150352,199294,628557,295544,75893,71044,186076,628557,Sep 2022,500312
305,96,1178,971,2157,4402,1576,1372,134,1320,4402,Dec 2011,500790
306,96,1702,1050,2315,5164,3204,344,365,1251,5164,Dec 2012,500790
307,96,2272,1189,2756,6314,3369,295,851,1799,6314,Dec 2013,500790
308,96,2741,20,2963,5820,3177,245,812,1586,5820,Dec 2014,500790
309,96,2721,18,3251,6086,2898,231,1325,1633,6086,Dec 2015,500790
310,96,3186,33,3495,6810,2730,188,1756,2136,6810,Dec 2016,500790
311,96,3324,35,3907,7363,2616,94,1979,2673,7363,Dec 2017,500790
312,96,3577,35,4379,8088,2401,105,2658,2924,8088,Dec 2018,500790
313,96,1822,189,5065,7173,2341,143,1751,2937,7173,Dec 2019,500790
314,96,1923,147,5733,7900,2179,639,1464,3618,7900,Dec 2020,500790
315,96,1850,266,6021,8234,2995,246,774,4219,8234,Dec 2021,500790
316,96,2363,271,6249,8979,3044,358,778,4799,8979,Dec 2022,500790
317,635,32064,47149,62919,142766,44360,15946,8918,73542,142766,Mar 2012,500570
318,638,36999,53716,76977,168330,55512,18454,8765,85600,168330,Mar 2013,500570
319,644,64960,60642,92180,218426,69092,33263,10687,105385,218426,Mar 2014,500570
320,644,55618,73610,107442,237315,88479,28640,15337,104858,237315,Mar 2015,500570
321,679,78273,69360,114872,263184,107232,25919,23767,106266,263184,Mar 2016,500570
322,679,57383,78604,135914,272580,95944,33699,20338,122600,272580,Mar 2017,500570
323,679,94749,88950,142813,327192,121414,40034,20813,144932,327192,Mar 2018,500570
324,679,59500,106175,139349,305703,111234,31884,15771,146814,305703,Mar 2019,500570
325,720,61491,124788,133181,320179,127107,35622,16308,141141,320179,Mar 2020,500570
326,766,54481,142131,144193,341570,138708,20964,24620,157278,341570,Mar 2021,500570
327,766,43795,146449,138051,329061,138855,10251,29380,150575,329061,Mar 2022,500570
328,766,44556,134113,156646,336081,141134,5220,26379,163348,336081,Mar 2023,500570
329,8245,66157,59804,21049,155255,51131,50398,6545,47180,155255,Mar 2012,532555
330,8245,72995,70419,27116,178776,71833,46555,4923,55465,178776,Mar 2013,532555
331,8245,79084,81455,31334,200118,84208,53825,3300,58785,200118,Mar 2014,532555
332,8245,73849,102252,35366,219712,91853,67555,1902,58403,219712,Mar 2015,532555
333,8245,83330,99424,33666,224665,92929,75046,6473,50217,224665,Mar 2016,532555
334,8245,89593,113773,36990,248601,104532,86896,7614,49560,248601,Mar 2017,532555
335,8245,95318,130049,48880,282492,128245,83386,8876,61985,282492,Mar 2018,532555
336,9895,101462,173058,62509,346923,150985,118397,8132,69409,346923,Mar 2019,532555
337,9895,108945,202984,55746,377569,187803,98508,9307,81951,377569,Mar 2020,532555
338,9697,116042,210208,62075,398022,203245,97506,10589,86681,398022,Mar 2021,532555
339,9697,125677,210707,69671,415752,224923,91126,10626,89076,415752,Mar 2022,532555
340,9697,137326,221626,77372,446021,240470,89133,13935,102483,446021,Mar 2023,532555
341,563,16186,19909,17543,53922,33812,2832,2090,15189,53922,Mar 2012,500228
342,563,16781,21346,19102,57513,34717,5898,1750,15148,57513,Mar 2013,500228
343,1067,20871,34762,21704,77640,47046,9400,663,20531,77640,Mar 2014,500228
344,1067,21987,37990,25374,85654,52176,8265,599,24613,85654,Mar 2015,500228
345,301,18665,42204,20737,81907,56140,7271,1195,17302,81907,Mar 2016,500228
346,301,22346,43334,22024,88005,58730,4363,1366,23546,88005,Mar 2017,500228
347,510,27696,39185,24787,91970,57848,5950,1469,26703,91970,Mar 2018,500228
348,321,34494,47376,32626,114797,62644,11889,1894,38370,114797,Mar 2019,500228
349,325,36298,61399,33822,131820,62085,27191,1259,41285,131820,Mar 2020,500228
350,328,45308,66701,34852,147163,64917,32566,7427,42253,147163,Mar 2021,500228
351,330,66996,72208,56980,196485,99880,16905,4940,74760,196485,Mar 2022,500228
352,301,65394,80853,64530,211078,104697,21921,4806,79654,211078,Mar 2023,500228
353,4630,18953,54355,14194,92133,48415,28886,774,14058,92133,Mar 2012,532898
354,4630,21773,69233,17748,113384,62568,35265,586,14964,113384,Mar 2013,532898
355,5232,29466,84220,22562,141480,74252,50069,423,16736,141480,Mar 2014,532898
356,5232,33207,96243,26102,160784,91191,53681,220,15693,160784,Mar 2015,532898
357,5232,38738,108545,26797,179312,115094,45611,919,17688,179312,Mar 2016,532898
358,5232,44634,118988,26809,195662,137678,38264,1165,18555,195662,Mar 2017,532898
359,5232,49194,131503,39425,225354,156198,37669,1224,30264,225354,Mar 2018,532898
360,5232,53857,146376,41916,247380,172740,37631,1296,35713,247380,Mar 2019,532898
361,5232,59464,148270,43706,256671,181112,35177,1431,38951,256671,Mar 2020,532898
362,5232,64704,143232,42539,255708,183726,24838,1486,45659,255708,Mar 2021,532898
363,6975,69272,134696,40008,250950,191773,12854,3788,42536,250950,Mar 2022,532898
364,6975,76039,126661,40620,250296,185468,13741,3489,47597,250296,Mar 2023,532898
365,295,16409,23121,23623,63448,17198,1488,5347,39414,63448,Mar 2012,500520
366,295,19666,28711,27460,76131,18307,1631,6440,49752,76131,Mar 2013,500520
367,295,23012,35167,29415,87889,18381,2191,8082,59234,87889,Mar 2014,500520
368,296,25561,37911,30608,94376,19047,3032,10027,62270,94376,Mar 2015,500520
369,270,26222,41553,31806,99852,20585,2371,11603,65293,99852,Mar 2016,500520
370,271,29467,48762,35296,113835,20989,4279,14662,73905,113835,Mar 2017,500520
371,543,36232,55898,43696,136369,26182,4269,16018,89900,136369,Mar 2018,500520
372,544,39439,70848,51057,161889,28983,4760,18268,109878,161889,Mar 2019,500520
373,554,39415,82092,43655,165716,29689,6856,19210,109960,165716,Mar 2020,500520
374,555,41027,80625,42762,164968,21380,7873,28778,106938,164968,Mar 2021,500520
375,556,46567,77605,47661,172388,26018,6703,30060,109607,172388,Mar 2022,500520
376,557,55809,92247,57279,205892,29886,1223,35272,139511,205892,Mar 2023,500520
377,1274,-71,4347,610,6160,4341,267,26,1525,6160,Mar 2017,541450
378,1564,-223,9864,4503,15709,9120,1725,87,4777,15709,Mar 2018,541450
379,1564,369,11142,1582,14658,10388,743,77,3449,14658,Mar 2019,541450
380,1564,792,14867,1201,18424,12554,1208,477,4185,18424,Mar 2020,541450
381,1564,636,24209,2283,28692,16429,4452,502,7309,28692,Mar 2021,541450
382,1564,1050,52832,3508,58954,28452,19899,574,10029,58954,Mar 2022,541450
383,1584,5720,54223,5834,67361,48336,5291,1149,12585,67361,Mar 2023,541450
384,403,3786,3592,1739,9519,6391,1717,67,1344,9519,Mar 2011,532921
385,403,4412,17565,3536,25914,18428,3638,70,3778,25914,Mar 2012,532921
386,403,5993,11617,3025,21035,11382,2951,222,6480,21035,Mar 2013,532921
387,417,8351,12976,2936,24677,13163,2025,63,9426,24677,Mar 2014,532921
388,417,10351,17773,3544,32082,20527,1276,260,10020,32082,Mar 2015,532921
389,414,13091,22342,2538,38385,20883,1967,545,14990,38385,Mar 2016,532921
390,414,17112,22214,3629,43369,21054,4514,1161,16641,43369,Mar 2017,532921
391,672,20489,22112,4217,47233,22670,4545,1079,18938,47233,Mar 2018,532921
392,680,23958,27446,4493,56311,28121,4483,782,22924,56311,Mar 2019,532921
393,670,25051,29979,6481,61917,32715,3216,1178,24808,61917,Mar 2020,532921
394,679,30035,35583,8557,74582,48291,3697,2236,20358,74582,Mar 2021,532921
395,704,37661,47619,8181,93883,56811,3986,5961,27125,93883,Mar 2022,532921
396,422,42971,45299,11156,99849,65473,5790,3397,25189,99849,Sep 2022,532921
397,6316,34137,1527,65006,106986,13440,2903,1981,88661,106986,Mar 2012,533278
398,6316,42156,1305,61206,110983,13466,3496,2395,91626,110983,Mar 2013,533278
399,6316,36088,178,62356,104938,14784,4316,3775,82063,104938,Mar 2014,533278
400,6316,34037,408,70505,111267,16115,5159,2813,87179,111267,Mar 2015,533278
401,6316,28517,1199,77528,113560,22082,4553,2906,84018,113560,Mar 2016,533278
402,6207,18311,3014,91054,118587,23811,8585,1483,84708,118587,Mar 2017,533278
403,6207,13971,1538,103754,125471,27574,10273,1704,85920,125471,Mar 2018,533278
404,6163,20292,2210,104356,133021,32618,9658,3170,87576,133021,Mar 2019,533278
405,6163,25994,6434,111430,150020,36784,8328,1973,102936,150020,Mar 2020,533278
406,6163,30355,5884,118649,161051,42405,10490,5950,102206,161051,Mar 2021,533278
407,6163,36980,3514,132776,179432,46677,12897,9706,110152,179432,Mar 2022,533278
408,6163,51082,4331,149630,211207,54320,15263,7139,134484,211207,Mar 2023,533278
409,16,1089,269,715,2089,632,108,59,1290,2089,Mar 2012,540005
410,16,1323,234,756,2328,699,142,49,1438,2328,Mar 2013,540005
411,16,1594,110,945,2666,649,57,169,1791,2666,Mar 2014,540005
412,16,2010,218,734,2978,683,25,104,2166,2978,Mar 2015,540005
413,17,2108,55,958,3137,638,20,43,2437,3137,Mar 2016,540005
414,17,3127,0,1273,4417,542,1,941,2934,4417,Mar 2017,540005
415,17,3843,0,1477,5337,681,7,1264,3385,5337,Mar 2018,540005
416,17,4876,0,1770,6664,930,12,1740,3982,6664,Mar 2019,540005
417,17,5387,912,2499,8815,1920,59,2219,4617,8815,Mar 2020,540005
418,18,7286,798,2604,10706,1906,66,3730,5004,10706,Mar 2021,540005
419,18,8797,836,2809,12459,2098,481,3482,6398,12459,Mar 2022,540005
420,30,16562,1541,5363,23496,3769,813,5458,13456,23496,Mar 2023,540005
421,845,26036,0,2603,29485,8513,445,12695,7832,29485,Mar 2012,500188
422,845,31431,0,3190,35465,8484,1082,14540,11360,35465,Mar 2013,500188
423,845,36573,0,4259,41677,9147,1541,22506,8482,41677,Mar 2014,500188
424,845,42508,0,5639,48992,9446,2005,27254,10288,48992,Mar 2015,500188
425,845,36540,0,15810,53195,10385,2428,35221,5161,53195,Mar 2016,500188
426,845,29960,7908,13082,51795,9993,3071,23783,14948,51795,Mar 2017,500188
427,845,35087,0,7000,42932,11302,3220,20222,8188,42932,Mar 2018,500188
428,845,32760,2538,6315,42458,14778,2254,19488,5938,42458,Mar 2019,500188
429,845,39465,611,6054,46975,16469,2489,20329,7688,46975,Mar 2020,500188
430,845,31468,7201,6213,45727,16808,1922,12957,14040,45727,Mar 2021,500188
431,845,33437,2844,7545,44671,17396,2075,15052,10148,44671,Mar 2022,500188
432,845,12097,11881,10631,35454,17620,2107,10107,5620,35454,Mar 2023,500188
433,994,41645,59897,44278,146791,59287,20196,4021,63286,146791,Mar 2012,500470
434,993,33201,68507,44197,146876,68002,14277,3258,61340,146876,Mar 2013,500470
435,991,39561,81609,49463,171604,74907,26822,5093,64781,171604,Mar 2014,500470
436,971,30378,80701,47059,159109,68100,28678,3455,58876,159109,Mar 2015,500470
437,970,42762,81987,51165,176884,72200,35996,10714,57974,176884,Mar 2016,500470
438,970,36849,83014,51614,172447,92007,15784,12457,52200,172447,Mar 2017,500470
439,1165,59726,92127,55724,208722,96105,16614,17899,78103,208722,Mar 2018,500470
440,1158,67780,100803,63045,232773,124442,18641,5738,83952,232773,Mar 2019,500470
441,1145,72431,116328,59245,249149,134551,19497,6285,88816,249149,Mar 2020,500470
442,1198,73041,88501,81169,243909,135775,19007,10682,78445,243909,Mar 2021,500470
443,1221,113222,75561,92417,282422,133288,22046,13140,113948,282422,Mar 2022,500470
444,1221,101861,84893,100047,288022,147527,30308,8410,101777,288022,Mar 2023,500470
445,51,1270,321,722,2364,618,394,98,1255,2364,Mar 2012,500331
446,51,1600,111,853,2616,646,428,294,1248,2616,Mar 2013,500331
447,51,1901,46,930,2928,729,458,260,1481,2928,Mar 2014,500331
448,51,2219,58,986,3315,978,462,370,1505,3315,Mar 2015,500331
449,51,2587,80,996,3714,1137,158,706,1713,3714,Mar 2016,500331
450,51,3420,98,1202,4770,1275,148,1443,1904,4770,Mar 2017,500331
451,51,3523,125,1500,5199,1342,228,1246,2383,5199,Mar 2018,500331
452,51,4097,113,1643,5904,1448,242,1548,2666,5904,Mar 2019,500331
453,51,4405,288,1779,6523,1807,259,1186,3270,6523,Mar 2020,500331
454,51,5542,331,2890,8814,4418,294,516,3586,8814,Mar 2021,500331
455,51,6353,416,2675,9494,4703,225,459,4107,9494,Mar 2022,500331
456,51,7161,391,2922,10525,4914,406,881,4324,10525,Mar 2023,500331
457,289,5792,150,4894,11126,1920,42,4473,4692,11126,Mar 2012,532977
458,289,7776,116,4461,12642,2355,294,6059,3934,12642,Mar 2013,532977
459,289,9878,59,5081,15308,2660,144,8448,4056,15308,Mar 2014,532977
460,289,10806,112,4758,15966,2448,255,8985,4277,15966,Mar 2015,532977
461,289,13731,118,3102,17240,2026,52,11067,4095,17240,Mar 2016,532977
462,289,17567,120,3661,21638,2002,42,15477,4117,21638,Mar 2017,532977
463,289,20136,121,4595,25141,1878,56,18895,4312,25141,Mar 2018,532977
464,289,22944,125,5476,28834,1764,48,20603,6420,28834,Mar 2019,532977
465,289,21373,126,4722,26510,1699,60,19914,4837,26510,Mar 2020,532977
466,289,26984,121,6207,33602,1668,16,24687,7232,33602,Mar 2021,532977
467,289,29570,123,5129,35111,1836,77,26634,6564,35111,Mar 2022,532977
468,283,29079,124,5651,35136,2842,85,26183,6026,35136,Mar 2023,532977
469,2428,57945,80015,79438,219827,64586,15450,17588,122203,219827,Mar 2012,530965
470,2428,60609,89671,89170,241878,66707,27240,17351,130580,241878,Mar 2013,530965
471,2428,65485,94916,103124,265953,69724,38061,15895,142273,265953,Mar 2014,530965
472,2428,66404,64893,100158,233883,72844,40378,16069,104592,233883,Mar 2015,530965
473,2370,87610,58552,83184,231715,95761,26219,31185,78551,231715,Mar 2016,530965
474,4739,97357,63271,108352,273719,112031,16778,43687,101222,273719,Mar 2017,530965
475,9479,104395,65650,116336,295860,119937,19130,44806,111987,295860,Mar 2018,530965
476,9181,103288,96765,126128,335363,127223,28281,44112,135746,335363,Mar 2019,530965
477,9181,86217,129790,104773,329962,141594,32845,35571,119952,329962,Mar 2020,530965
478,9181,102657,116649,126658,355145,151287,36291,44717,122851,355145,Mar 2021,530965
479,9181,124354,132020,145327,410882,154420,47469,52352,156641,410882,Mar 2022,530965
480,13772,125949,148977,153065,441762,183631,47550,52190,158391,441762,Mar 2023,530965
481,68,3748,0,6357,10173,1129,220,40,8784,10173,Sep 2011,500550
482,70,3892,0,6684,10645,1412,85,41,9106,10645,Sep 2012,500550
483,71,3959,0,5814,9844,1379,89,43,8333,9844,Sep 2013,500550
484,71,4304,0,5915,10290,1356,41,8,8886,10290,Sep 2014,500550
485,71,5055,0,5401,10528,1361,32,169,8966,10528,Sep 2015,500550
486,71,6750,0,5133,11954,1196,79,165,10515,11954,Sep 2016,500550
487,71,7634,0,5418,13123,1334,143,55,11591,13123,Sep 2017,500550
488,71,8234,0,5944,14249,1351,62,55,12780,14249,Sep 2018,500550
489,71,8972,0,6167,15210,1190,58,55,13907,15210,Sep 2019,500550
490,71,9403,206,5986,15666,1165,88,55,14358,15666,Sep 2020,500550
491,71,10272,196,6842,17382,1112,30,2212,14028,17382,Sep 2021,500550
492,71,11525,160,7757,19512,1024,49,2220,16219,19512,Sep 2022,500550
493,71,12002,184,7624,19881,1044,47,2220,16570,19881,Mar 2023,500550
494,1995,-658,0,40581,41918,252,29,40404,1232,41918,Mar 2013,540777
495,1995,-67,0,50347,52275,279,10,50527,1458,52275,Mar 2014,540777
496,1995,546,0,66767,69309,346,6,67024,1932,69309,Mar 2015,540777
497,1995,1108,0,73441,76544,335,12,74144,2053,76544,Mar 2016,540777
498,1998,1828,0,91270,95097,337,16,91723,3020,95097,Mar 2017,540777
499,2012,2693,0,105778,110483,336,5,106590,3551,110483,Mar 2018,540777
500,2017,3625,0,124378,130020,324,10,124958,4729,130020,Mar 2019,540777
501,2019,4788,0,125417,132224,322,8,127256,4637,132224,Mar 2020,540777
502,2021,6619,600,170415,179655,585,14,173564,5493,179655,Mar 2021,540777
503,2113,13501,600,214521,230734,6605,20,216551,7559,230734,Mar 2022,540777
504,2149,10841,950,233932,247872,382,0,238843,8647,247872,Mar 2023,540777
505,1000,1156,0,46085,48240,263,2,44778,3198,48240,Mar 2012,540719
506,1000,1736,0,50978,53714,283,3,50047,3382,53714,Mar 2013,540719
507,1000,2356,0,57284,60640,304,4,56275,4058,60640,Mar 2014,540719
508,1000,3056,0,70064,74121,292,7,69385,4437,74121,Mar 2015,540719
509,1000,3733,0,78696,83429,301,146,77843,5139,83429,Mar 2016,540719
510,1000,4552,0,96687,102240,507,31,95830,5871,102240,Mar 2017,540719
511,1000,5528,0,115193,121720,511,70,114436,6703,121720,Mar 2018,540719
512,1000,6576,0,139157,146734,563,32,139325,6814,146734,Mar 2019,540719
513,1000,7743,0,156837,165580,568,13,158813,6186,165580,Mar 2020,540719
514,1000,9400,0,216430,226830,564,1,218756,7509,226830,Mar 2021,540719
515,1000,10622,0,261715,273337,524,3,264832,7978,273337,Mar 2022,540719
516,1001,12017,0,301669,314686,522,0,304334,9830,314686,Mar 2023,540719
517,2139,25097,25066,12887,63389,20339,8993,1127,32931,63389,Mar 2012,532868
518,2139,25389,24801,14117,64647,19849,7834,1334,35630,64647,Mar 2013,532868
519,2155,27039,22334,14796,64525,18835,5979,891,38820,64525,Mar 2014,532868
520,356,27013,24495,14398,66262,19619,5901,623,40119,66262,Mar 2015,532868
521,357,23712,25264,12396,61729,3943,1779,21310,34697,61729,Mar 2016,532868
522,357,24216,29202,10179,63954,24640,153,1209,37952,63954,Mar 2017,532868
523,357,34204,17491,8533,60585,8082,137,20832,31533,60585,Mar 2018,532868
524,441,32385,17222,16434,66483,6322,103,21005,39053,66483,Mar 2019,532868
525,495,33952,8103,13341,55890,5187,89,18566,32049,55890,Mar 2020,532868
526,595,34849,6785,11358,53488,4856,95,19746,28791,53488,Mar 2021,532868
527,495,35867,4182,10623,51167,4862,81,19779,26444,51167,Mar 2022,532868
528,495,37192,3334,12906,53928,4785,61,19481,29600,53928,Mar 2023,532868
529,134,16935,7038,12466,36531,17549,2461,7876,8645,36531,Mar 2012,500300
530,92,19565,9550,14916,44123,20561,6084,8011,9467,44123,Mar 2013,500300
531,92,21523,9681,16441,47736,25209,4045,7611,10872,47736,Mar 2014,500300
532,92,23048,11930,18963,54033,31828,2755,7255,12194,54033,Mar 2015,500300
533,93,27336,12505,19642,59576,34271,1788,10601,12916,59576,Mar 2016,500300
534,93,31294,9213,22147,62747,34786,1297,14200,12464,62747,Mar 2017,500300
535,188,57230,67014,83523,207899,69257,2290,65995,70356,207899,Mar 2018,500300
536,201,57888,84418,98689,241127,87129,2766,62747,88484,241127,Mar 2019,500300
537,143,56501,84766,102783,244181,87736,3904,66337,86204,244181,Mar 2020,500300
538,143,65362,79067,122788,267349,85023,5769,88017,88540,267349,Mar 2021,500300
539,143,75567,74733,138718,289149,88996,6615,96766,96771,289149,Mar 2022,500300
540,132,78610,103039,155424,337205,94944,7730,74850,159681,337205,Mar 2023,500300
541,24,385,604,829,1842,624,111,249,858,1842,Mar 2012,500825
542,24,534,380,946,1883,737,147,108,891,1883,Mar 2013,500825
543,24,774,150,1159,2107,848,107,198,954,2107,Mar 2014,500825
544,24,1221,145,1403,2793,844,48,518,1383,2793,Mar 2015,500825
545,24,2068,131,1271,3494,950,90,788,1665,3494,Mar 2016,500825
546,24,2672,125,1288,4109,1160,30,487,2432,4109,Mar 2017,500825
547,24,3382,201,1581,5188,1346,203,1079,2560,5188,Mar 2018,500825
548,24,4229,156,1829,6238,1688,101,1476,2972,6238,Mar 2019,500825
549,24,4379,1538,1889,7830,1878,40,2893,3019,7830,Mar 2020,500825
550,24,3524,2122,2331,8000,1793,117,2781,3310,8000,Mar 2021,500825
551,24,2534,2481,2475,7515,1753,536,1762,3463,7515,Mar 2022,500825
552,24,3510,2997,2821,9353,2655,105,3324,3268,9353,Mar 2023,500825
553,87,15031,3741,1542,20401,3307,837,14167,2090,20401,Mar 2012,500295
554,87,17388,4839,723,23037,4136,723,16059,2119,23037,Mar 2013,500295
555,296,72712,80566,60545,214120,87205,43128,37910,45877,214120,Mar 2014,500295
556,296,53579,77752,58654,190281,70108,38748,39606,41819,190281,Mar 2015,500295
557,296,43743,67778,80163,191980,61591,38461,53386,38542,191980,Mar 2016,500295
558,372,60128,71569,64952,196946,75631,27557,46962,46796,196946,Mar 2017,500295
559,372,62940,58159,58896,180367,78455,32055,28700,41157,180367,Mar 2018,500295
560,372,61925,66226,70045,198568,86327,24959,33065,54217,198568,Mar 2019,500295
561,374,54263,59185,66917,180737,86127,18585,24753,51272,180737,Mar 2020,500295
562,374,61906,57667,63551,183496,88002,16314,16660,62520,183496,Mar 2021,500295
563,374,65011,53581,75201,194165,89498,15879,17291,71497,194165,Mar 2022,500295
564,372,39051,66628,90305,196356,97839,17434,13150,67933,196356,Mar 2023,500295
565,128,3923,1127,1758,6935,682,167,3588,2498,6935,Mar 2012,532755
566,128,5298,1380,2178,8984,1245,34,4099,3607,8984,Mar 2013,532755
567,234,8948,363,6394,15940,2594,266,1472,11607,15940,Mar 2014,532755
568,480,11768,700,6899,19848,4033,568,2103,13145,19848,Mar 2015,532755
569,436,14155,1091,6843,22525,4309,629,1297,16289,22525,Mar 2016,532755
570,439,15998,1366,8254,26057,6460,373,2396,16828,26057,Mar 2017,532755
571,442,18401,2397,9192,30431,7622,240,4841,17728,30431,Mar 2018,532755
572,444,19841,1996,11166,33446,7061,276,7342,18766,33446,Mar 2019,532755
573,436,21377,3670,11834,37318,8872,50,5848,22548,37318,Mar 2020,532755
574,437,24428,2901,11836,39602,9018,118,10238,20228,39602,Mar 2021,532755
575,439,26447,2618,14911,44416,14784,165,4884,24583,44416,Mar 2022,532755
576,440,27484,2740,15489,46153,14968,84,3388,27714,46153,Mar 2023,532755
577,27,145,1940,460,2553,1713,189,0,651,2553,Dec 2012,540180
578,134,82,2332,439,2986,2375,27,1,583,2986,Dec 2013,540180
579,334,9,2415,733,3292,2355,25,304,608,3292,Dec 2014,540180
580,584,91,2077,2130,4431,3496,38,3,894,4431,Dec 2015,540180
581,182,1511,2215,915,4824,3716,96,7,1006,4824,Dec 2016,540180
582,183,1587,2654,852,5276,3981,145,8,1141,5276,Dec 2017,540180
583,183,1816,2808,1192,5998,4387,352,11,1247,5998,Dec 2018,540180
584,289,3040,3417,1630,8376,6479,64,0,1833,8376,Dec 2019,540180
585,289,3235,3216,1707,8447,6409,67,0,1972,8447,Dec 2020,540180
586,433,3647,3387,2113,9579,6311,497,0,2772,9579,Dec 2021,540180
587,650,4453,3884,2632,11618,6932,607,0,4079,11618,Dec 2022,540180
588,34,2770,1877,1317,5998,3692,38,0,2269,5998,Mar 2012,532424
589,34,3279,2456,1926,7695,4496,141,121,2937,7695,Mar 2013,532424
590,34,3741,2373,2171,8320,5121,167,136,2895,8320,Mar 2014,532424
591,34,4277,2717,2097,9125,5551,225,186,3164,9125,Mar 2015,532424
592,34,4233,2891,2521,9679,5931,44,190,3514,9679,Mar 2016,532424
593,34,5268,4001,3637,12940,8083,97,934,3826,12940,Mar 2017,532424
594,68,6190,3508,4098,13864,8315,84,997,4468,13864,Mar 2018,532424
595,102,7165,3382,3445,14094,8670,52,516,4855,14094,Mar 2019,532424
596,102,7796,3575,3407,14880,9231,57,672,4920,14880,Mar 2020,532424
597,102,9337,1864,2941,14244,8905,57,679,4602,14244,Mar 2021,532424
598,102,11454,1704,2822,16082,9219,116,1015,5731,16082,Mar 2022,532424
599,102,13692,1130,2575,17499,9937,42,3029,4491,17499,Mar 2023,532424
600,0,0,0,0,0,0,0,0,0,0,Mar 2014,539254
601,1090,-7,9701,708,11492,10573,10,0,909,11492,Mar 2015,539254
602,1100,1572,8585,489,11746,10060,258,20,1407,11746,Mar 2016,539254
603,1100,1847,8975,890,12811,9853,1343,105,1510,12811,Mar 2017,539254
604,1100,4957,10428,781,17265,9291,2353,0,5621,17265,Mar 2018,539254
605,1100,6943,20137,4379,32558,24412,694,336,7117,32558,Mar 2019,539254
606,1100,7399,24246,6966,39711,24924,2212,313,12262,39711,Mar 2020,539254
607,1100,7819,27095,7219,43234,26987,5255,442,10550,43234,Mar 2021,539254
608,1100,8813,29902,7650,47464,30272,5060,561,11572,47464,Mar 2022,539254
609,1115,9520,33600,7328,51564,31300,5404,527,14333,51564,Sep 2022,539254
610,120,11218,5,43961,55305,1938,70,527,52769,55305,Mar 2012,541154
611,120,13258,5,44146,57529,2008,103,707,54710,57529,Mar 2013,541154
612,482,14533,684,48180,63878,2088,185,707,60898,63878,Mar 2014,541154
613,482,16304,5,47252,64042,7191,216,745,55890,64042,Mar 2015,541154
614,362,10658,80,45420,56519,6925,1025,886,47682,56519,Mar 2016,541154
615,362,12175,1022,38149,51708,7350,1389,981,41988,51708,Mar 2017,541154
616,334,9151,905,38044,48434,7566,1458,989,38421,48434,Mar 2018,541154
617,334,11741,4157,35238,51470,7454,1499,902,41615,51470,Mar 2019,541154
618,334,12865,5927,35008,54135,7351,2040,940,43803,54135,Mar 2020,541154
619,334,15034,53,37601,53022,7158,1948,1055,42861,53022,Mar 2021,541154
620,334,18930,49,40871,60183,6758,2472,1294,49659,60183,Mar 2022,541154
621,334,23172,2,43609,67117,8075,636,1385,57021,67117,Mar 2023,541154
622,27,1466,43,2257,3793,504,352,513,2424,3793,Dec 2011,505200
623,27,1728,23,2694,4471,992,504,638,2337,4471,Dec 2012,505200
624,27,2028,84,3197,5337,1656,464,825,2391,5337,Dec 2013,505200
625,27,2489,58,3829,6403,2309,419,1078,2597,6403,Dec 2014,505200
626,27,3626,23,1263,4939,790,94,3388,667,4939,Mar 2016,505200
627,27,5318,112,1552,7009,873,374,4987,775,7009,Mar 2017,505200
628,27,7003,151,2341,9522,1502,333,5581,2106,9522,Mar 2018,505200
629,27,8891,187,2281,11387,1875,450,4923,4140,11387,Mar 2019,505200
630,27,9954,249,2220,12450,2378,312,5749,4011,12450,Mar 2020,505200
631,27,11411,219,2901,14559,2433,314,3902,7909,14559,Mar 2021,505200
632,27,12581,108,3485,16201,2424,505,7721,5551,16201,Mar 2022,505200
633,27,14963,288,3919,19198,3084,78,12321,3715,19198,Mar 2023,505200
634,2180,3862,38600,6741,51384,15804,26721,19,8839,51384,Mar 2012,533096
635,2393,1900,41795,8599,54688,29089,18976,22,6600,54688,Mar 2013,533096
636,2872,3671,44150,8045,58739,46365,3660,115,8599,58739,Mar 2014,533096
637,2872,2853,44742,8008,58474,45080,191,357,12846,58474,Mar 2015,533096
638,3334,4134,52729,15597,75794,56941,88,0,18765,75794,Mar 2016,533096
639,3857,-857,52484,16027,71511,54391,125,164,16831,71511,Mar 2017,533096
640,3857,-2968,52835,15804,69528,52137,120,0,17271,69528,Mar 2018,533096
641,3857,3855,46980,13293,67985,50419,350,3,17213,67985,Mar 2019,533096
642,3933,2624,55123,13422,75025,55846,2347,3,16830,75025,Mar 2020,533096
643,3945,9256,52430,13263,78806,52851,6439,20,19495,78806,Mar 2021,533096
644,4258,14600,48744,14780,81981,53274,10270,183,18254,81981,Mar 2022,533096
645,3857,26019,42350,13596,85821,51451,12880,654,20836,85821,Mar 2023,533096
646,468,4274,51044,1811,57596,614,43,14572,42367,57596,Mar 2012,532187
647,523,7107,63576,2100,73307,741,16,19654,52896,73307,Mar 2013,532187
648,526,8517,75264,2719,87026,991,25,21563,64447,87026,Mar 2014,532187
649,529,10115,94752,6390,111787,1120,38,22878,87751,111787,Mar 2015,532187
650,595,17101,117996,7205,142897,1218,37,34054,107587,142897,Mar 2016,532187
651,598,20048,149026,8976,178648,1307,28,36702,140611,178648,Mar 2017,532187
652,600,23241,189928,7856,221626,1313,25,50077,170211,221626,Mar 2018,532187
653,603,26083,242189,8944,277819,1688,22,59266,216843,277819,Mar 2019,532187
654,694,34013,262793,9558,307058,1742,78,59980,245257,307058,Mar 2020,532187
655,773,42592,307528,12080,362973,1734,75,69695,291469,362973,Mar 2021,532187
656,775,46923,341005,13273,401975,1754,95,70971,329155,401975,Mar 2022,532187
657,,,,,,,,,,,Mar 2023,532187
658,412,28104,416214,12670,457400,2428,0,86697,368275,457400,Mar 2012,532134
659,423,32859,509192,16914,559387,2550,0,125617,431220,559387,Mar 2013,532134
660,431,37416,616973,21284,676104,2849,0,122113,551142,676104,Mar 2014,532134
661,444,41574,665483,26465,733966,2978,0,124739,606248,733966,Mar 2015,532134
662,462,42041,620536,28134,691173,6359,0,128894,555920,691173,Mar 2016,532134
663,462,42605,648499,27649,719216,5930,0,140716,572570,719216,Mar 2017,532134
664,530,46036,672311,28919,747796,5532,0,175137,567126,747796,Mar 2018,532134
665,530,54466,734456,30217,819670,7368,0,195716,616586,819670,Mar 2019,532134
666,925,75179,1068981,54850,1199935,9268,0,289727,900941,1199935,Mar 2020,532134
667,1036,81354,1067173,53104,1202667,8438,2,281859,912367,1202667,Mar 2021,532134
668,1036,90833,1185331,62922,1340121,11098,1,347587,981435,1340121,Mar 2022,532134
669,,,,,,,,,,,Mar 2023,532134
670,174,1543,1068,1415,4200,1641,27,483,2050,4200,Mar 2012,500096
671,174,1921,1151,1462,4709,1582,93,929,2105,4709,Mar 2013,500096
672,174,2482,708,1948,5312,1767,22,1076,2447,5312,Mar 2014,500096
673,176,3178,734,2019,6106,1877,50,1813,2365,6106,Mar 2015,500096
674,176,3995,805,1956,6932,1667,45,2691,2529,6932,Mar 2016,500096
675,176,4671,975,1910,7732,1958,42,3240,2492,7732,Mar 2017,500096
676,176,5530,938,2058,8702,2028,42,3805,2827,8702,Mar 2018,500096
677,177,5455,699,2106,8437,1969,64,3359,3045,8437,Mar 2019,500096
678,177,6429,522,2209,9337,2253,147,2800,4137,9337,Mar 2020,500096
679,177,7487,509,2661,10833,2243,147,4160,4283,10833,Mar 2021,500096
680,177,8205,1030,2872,12284,2308,168,6220,3589,12284,Mar 2022,500096
681,177,8796,1174,3507,13654,3579,175,6265,3635,13654,Mar 2023,500096
682,191,31179,41016,29016,101402,35300,22798,10551,32753,101402,Mar 2012,500440
683,191,34597,56951,28850,120590,37929,33834,12601,36226,120590,Mar 2013,500440
684,206,40398,64756,32621,137982,61163,23059,12961,40798,137982,Mar 2014,500440
685,207,38122,68468,34950,141746,71959,14111,12346,43330,141746,Mar 2015,500440
686,205,40402,67552,32986,141146,85648,4214,12463,38821,141146,Mar 2016,500440
687,223,45836,63817,36268,146144,84687,1814,15157,44486,146144,Mar 2017,500440
688,223,54629,52074,40088,147014,85088,2063,10781,49081,147014,Mar 2018,500440
689,222,57279,52415,42056,151972,85860,4097,9012,53003,151972,Mar 2019,500440
690,222,58095,68399,41902,168618,89195,7721,9411,62291,168618,Mar 2020,500440
691,222,66311,67206,55083,188822,100269,10202,17133,61218,188822,Mar 2021,500440
692,222,77969,64486,79178,221855,106874,4945,14119,95917,221855,Mar 2022,500440
693,222,94584,65926,64085,224817,110986,7340,14116,92375,224817,Mar 2023,500440
694,27,2105,55,570,2757,738,182,477,1359,2757,Mar 2012,532488
695,27,2474,33,605,3139,909,303,408,1519,3139,Mar 2013,532488
696,27,2937,18,729,3710,1222,144,502,1842,3710,Mar 2014,532488
697,27,3469,27,883,4405,1309,218,733,2145,4405,Mar 2015,532488
698,53,4240,42,562,4898,1439,264,803,2392,4898,Mar 2016,532488
699,53,5304,36,762,6155,1559,444,1631,2521,6155,Mar 2017,532488
700,53,5872,63,797,6785,1996,120,1889,2780,6785,Mar 2018,532488
701,53,6904,106,973,8036,2088,492,1946,3511,8036,Mar 2019,532488
702,53,7257,39,1183,8531,2782,920,971,3858,8531,Mar 2020,532488
703,53,9242,5,1471,10771,3704,711,0,6356,10771,Mar 2021,532488
704,53,11675,4,1628,13360,4325,470,72,8493,13360,Mar 2022,532488
705,53,12714,3,1668,14439,4723,212,77,9427,14439,Mar 2023,532488
706,34,348,1016,2419,3814,886,0,523,2404,3814,Mar 2012,539448
707,34,498,1800,3682,6011,1764,7,1138,3101,6011,Mar 2013,539448
708,34,373,3346,5351,9102,3956,0,1272,3874,9102,Mar 2014,539448
709,34,386,3926,6446,10789,4876,0,517,5396,10789,Mar 2015,539448
710,360,2363,3245,6662,12630,4747,32,986,6864,12630,Mar 2016,539448
711,361,3418,2596,8834,15210,3794,25,3713,7677,15210,Mar 2017,539448
712,384,6693,2453,11599,21129,4579,32,6344,10174,21129,Mar 2018,539448
713,384,6560,2429,15638,25012,5662,24,6517,12809,25012,Mar 2019,539448
714,385,5478,22719,13467,42048,16778,140,9499,15631,42048,Mar 2020,539448
715,385,-314,29860,13044,42974,18815,72,7290,16797,42974,Mar 2021,539448
716,385,-6421,36878,15018,45860,21282,125,8033,16420,45860,Mar 2022,539448
717,386,-6689,44854,20492,59043,27671,0,11514,19858,59043,Mar 2023,539448
718,110,759,1345,442,2803,897,102,180,1624,2803,Mar 2018,542066
719,110,992,394,552,2048,980,190,176,701,2048,Mar 2019,542066
720,110,1361,428,577,2476,1198,342,282,655,2476,Mar 2020,542066
721,110,1824,529,741,3204,1379,696,417,711,3204,Mar 2021,542066
722,110,2306,1035,964,4415,1733,1171,634,878,4415,Mar 2022,542066
723,110,2831,1422,1282,5645,2337,1616,682,1010,5645,Mar 2023,542066
724,35,2699,2164,986,5884,1521,97,2535,1731,5884,Jun 2012,500387
725,35,3809,1288,1028,6160,1782,133,2203,2042,6160,Jun 2013,500387
726,35,4676,1200,1418,7329,2194,758,2244,2132,7329,Jun 2014,500387
727,35,5242,917,1805,7998,3004,511,1663,2820,7998,Jun 2015,500387
728,35,6811,881,1737,9463,3050,264,3030,3118,9463,Mar 2016,500387
729,35,7663,1293,2175,11166,2599,710,4043,3814,11166,Mar 2017,500387
730,35,8862,3403,2842,15142,3589,1427,5434,4691,15142,Mar 2018,500387
731,35,9563,2798,2798,15193,4476,1121,4444,5153,15193,Mar 2019,500387
732,36,12900,3144,3257,19338,4319,962,8915,5141,19338,Mar 2020,500387
733,36,15214,2156,3633,21039,4192,971,11051,4826,21039,Mar 2021,500387
734,36,17235,2209,3935,23415,5321,973,11546,5575,23415,Mar 2022,500387
735,36,18252,2811,4719,25819,5333,2320,11651,6515,25819,Mar 2023,500387
736,133,1271,11444,649,13497,56,0,10,13430,13497,Mar 2012,511243
737,143,1809,15269,1007,18228,73,0,172,17984,18228,Mar 2013,511243
738,143,2144,18075,1182,21544,74,0,39,21431,21544,Mar 2014,511243
739,644,2531,19450,1743,23868,69,0,25,23775,23868,Mar 2015,511243
740,156,3514,22546,1673,27889,120,0,16,27753,27889,Mar 2016,511243
741,156,4142,24071,2230,30598,150,0,182,30266,30598,Mar 2017,511243
742,156,4969,38330,711,44167,170,4,23,43970,44167,Mar 2018,511243
743,156,6052,50567,715,57490,167,14,42,57267,57490,Mar 2019,511243
744,164,8036,55005,853,64058,283,11,33,63732,64058,Mar 2020,511243
745,164,9436,63730,1314,74644,228,10,1583,72823,74644,Mar 2021,511243
746,164,11605,69174,1536,82478,259,37,2055,80127,82478,Mar 2022,511243
747,164,14182,97358,1923,113627,427,36,3562,109602,113627,Mar 2023,511243
748,785,-332,2803,231,3488,1,0,0,3487,3488,Mar 2013,543066
749,785,-39,3498,491,4735,1,0,0,4734,4735,Mar 2014,543066
750,785,181,4699,593,6257,2,0,0,6256,6257,Mar 2015,543066
751,785,370,5928,797,7880,2,0,0,7878,7880,Mar 2016,543066
752,785,664,8268,1048,10765,24,0,0,10741,10765,Mar 2017,543066
753,785,1568,11413,1920,15686,242,35,0,15409,15686,Mar 2018,543066
754,837,2751,13549,3009,20146,196,20,1,19928,20146,Mar 2019,543066
755,939,4402,17573,2393,25307,311,24,1,24971,25307,Mar 2020,543066
756,941,5362,17895,2816,27013,308,10,958,25737,27013,Mar 2021,543066
757,943,6810,22982,3913,34648,439,14,1297,32898,34648,Mar 2022,543066
758,946,8884,31110,4606,45546,568,6,2140,42832,45546,Mar 2023,543066
759,307,7758,69,3443,11576,6266,488,806,4017,11576,Dec 2011,500425
760,308,8489,60,3487,12345,5951,524,1581,4289,12345,Dec 2012,500425
761,309,9153,48,3446,12956,6147,698,1714,4399,12956,Dec 2013,500425
762,310,9760,34,3774,13878,6310,692,2097,4780,13878,Dec 2014,500425
763,310,9961,35,3827,14133,6170,416,2149,5398,14133,Dec 2015,500425
764,397,19424,29,12974,32824,21410,582,175,10657,32824,Dec 2016,500425
765,397,20275,24,14813,35509,20898,667,153,13791,35509,Dec 2017,500425
766,397,21973,40,14981,37391,20636,1008,133,15613,37391,Dec 2018,500425
767,397,23681,41,16059,40178,20701,1554,150,17773,40178,Dec 2019,500425
768,397,22360,471,16490,39718,20486,2422,167,16643,39718,Dec 2020,500425
769,397,24957,477,19374,45204,22254,2196,198,20556,45204,Dec 2021,500425
770,397,25130,475,19026,45028,22618,2774,206,19430,45028,Jun 2022,500425
771,42,2492,0,3760,6295,1168,74,51,5001,6295,Dec 2011,500002
772,42,2556,328,3544,6470,1207,117,52,5093,6470,Dec 2012,500002
773,42,2635,620,3752,7050,1392,47,17,5594,7050,Dec 2013,500002
774,42,2770,371,3639,6822,1400,32,16,5374,6822,Dec 2014,500002
775,42,2966,600,3800,7409,1298,44,16,6050,7409,Dec 2015,500002
776,42,3244,600,3844,7731,1255,68,16,6392,7731,Dec 2016,500002
777,42,3565,608,4673,8888,1219,116,271,7282,8888,Dec 2017,500002
778,42,3965,7,5063,9077,893,83,0,8101,9077,Dec 2018,500002
779,42,3478,14,4167,7701,742,59,0,6900,7701,Dec 2019,500002
780,42,3564,58,3926,7590,783,75,0,6733,7590,Dec 2020,500002
781,42,4003,37,3991,8073,817,77,0,7179,8073,Dec 2021,500002
782,42,4897,33,4346,9318,899,69,493,7857,9318,Dec 2022,500002
783,62,893,1027,2193,4175,1391,66,0,2718,4175,Mar 2012,517354
784,62,1380,982,2034,4458,1500,25,0,2933,4458,Mar 2013,517354
785,62,1604,1054,2613,5332,1600,44,0,3688,5332,Mar 2014,517354
786,62,1756,424,2546,4788,1541,38,0,3209,4788,Mar 2015,517354
787,62,2965,134,1225,4387,1224,20,189,2954,4387,Mar 2016,517354
788,62,3214,208,1683,5168,1300,12,162,3694,5168,Mar 2017,517354
789,63,3667,115,2763,6608,2819,24,0,3765,6608,Mar 2018,517354
790,63,4135,94,2856,7148,2904,233,0,4012,7148,Mar 2019,517354
791,63,4249,72,2690,7073,3350,86,0,3638,7073,Mar 2020,517354
792,63,5114,521,3155,8852,3290,90,306,5166,8852,Mar 2021,517354
793,63,5940,438,4083,10523,3434,57,426,6606,10523,Mar 2022,517354
794,63,6563,223,4309,11157,3624,163,201,7170,11157,Mar 2023,517354
795,80,5822,1,9138,15041,530,147,0,14364,15041,Mar 2012,500049
796,80,6407,1,8367,14855,600,328,0,13926,14855,Mar 2013,500049
797,80,7140,0,7760,14980,695,458,0,13828,14980,Mar 2014,500049
798,80,8037,25,7587,15729,1073,140,0,14516,15729,Mar 2015,500049
799,240,9006,28,9330,18605,1232,430,462,16481,18605,Mar 2016,500049
800,223,7512,64,9800,17600,1501,743,491,14865,17600,Mar 2017,500049
801,244,7772,80,10868,18965,1839,940,937,15248,18965,Mar 2018,500049
802,244,8968,34,11575,20821,2298,849,964,16710,20821,Mar 2019,500049
803,244,9828,8,14271,24351,2713,828,1110,19700,24351,Mar 2020,500049
804,244,10816,3,18430,29492,2652,883,1306,24651,29492,Mar 2021,500049
805,244,12042,53,21574,33912,2675,1006,1572,28659,33912,Mar 2022,500049
806,731,13131,0,21630,35491,3457,361,201,31473,35491,Mar 2023,500049
807,362,15518,30153,31781,77814,24988,4534,7891,40401,77814,Mar 2012,500547
808,723,16052,33157,29696,79628,24721,7463,7470,39974,79628,Mar 2013,500547
809,723,18703,33152,35882,88460,27580,9372,6985,44523,88460,Mar 2014,500547
810,723,21825,25492,38281,86322,29109,15787,7712,33714,86322,Mar 2015,500547
811,656,27138,23388,35241,86422,25358,17459,9401,34203,86422,Mar 2016,500547
812,1311,29508,35725,42541,109086,33684,16834,21327,37241,109086,Mar 2017,500547
813,1967,34652,37659,46078,120356,45539,9875,23725,41217,120356,Mar 2018,500547
814,1967,36798,44839,53322,136926,49315,13654,24907,49050,136926,Mar 2019,500547
815,1967,34565,65476,48852,150860,60175,17757,27029,45900,150860,Mar 2020,500547
816,2093,51462,54532,52891,160978,64098,17037,26768,53075,160978,Mar 2021,500547
817,2129,49776,64534,71089,187529,83901,15433,23616,64578,187529,Mar 2022,500547
818,2129,51393,69376,65210,188109,97279,5645,26778,58406,188109,Mar 2023,500547
819,111,8569,0,455,9135,384,160,7706,885,9135,Mar 2012,500490
820,111,10234,0,430,10775,532,0,9577,666,10775,Mar 2013,500490
821,111,11888,0,449,12448,532,0,11325,592,12448,Mar 2014,500490
822,111,13282,0,500,13893,544,0,13078,271,13893,Mar 2015,500490
823,111,15182,0,178,15472,544,0,13276,1651,15472,Mar 2016,500490
824,111,17707,0,71,17889,222,0,17364,302,17889,Mar 2017,500490
825,111,25090,0,68,25269,215,0,24575,478,25269,Mar 2018,500490
826,111,26841,0,56,27008,193,0,26257,558,27008,Mar 2019,500490
827,111,27652,168,4797,32729,374,0,32068,287,32729,Mar 2020,500490
828,111,37056,136,8186,45490,342,0,44914,234,45490,Mar 2021,500490
829,111,42731,114,10632,53588,310,0,52964,314,53588,Mar 2022,500490
830,111,44071,93,8913,53188,278,0,52555,355,53188,Mar 2023,500490
831,161,7478,29,1682,9350,3215,371,1269,4494,9350,Mar 2012,500087
832,161,8858,967,1672,11658,3610,378,2532,5138,11658,Mar 2013,500087
833,161,9890,1248,2102,13400,6496,442,709,5753,13400,Mar 2014,500087
834,161,10641,1703,3166,15670,6830,581,640,7620,15670,Mar 2015,500087
835,161,11356,5202,4331,21049,9368,2061,759,8862,21049,Mar 2016,500087
836,161,12383,4113,4213,20869,9492,1683,973,8721,20869,Mar 2017,500087
837,161,14068,4098,4346,22673,9950,981,1259,10483,22673,Mar 2018,500087
838,161,14851,4316,4433,23762,9608,676,2554,10923,23762,Mar 2019,500087
839,161,15602,2816,4843,23423,9683,825,1471,11444,23423,Mar 2020,500087
840,161,18165,2014,4514,24855,9516,969,2710,11661,24855,Mar 2021,500087
841,161,20680,1056,4960,26857,9683,766,2551,13857,26857,Mar 2022,500087
842,161,23246,803,5252,29463,9565,689,3662,15547,29463,Mar 2023,500087
843,85,4904,3234,3082,11305,3412,708,208,6977,11305,Mar 2012,500124
844,85,6284,3682,3329,13380,4051,565,197,8567,13380,Mar 2013,500124
845,85,7780,4477,3563,15906,4641,639,1067,9559,15906,Mar 2014,500124
846,85,9768,4314,4290,18457,5377,529,2248,10303,18457,Mar 2015,500124
847,85,12484,3352,4408,20330,6563,772,3833,9162,20330,Mar 2016,500124
848,83,12179,4918,4474,21654,6931,3324,2110,9290,21654,Mar 2017,500124
849,83,12489,5071,4706,22349,6968,3470,2298,9612,22349,Mar 2018,500124
850,83,13941,3838,4557,22418,7191,2934,2587,9707,22418,Mar 2019,500124
851,83,15516,2210,5414,23223,6850,1535,2678,12160,23223,Mar 2020,500124
852,83,17558,3031,5915,26588,8206,1565,2212,14605,26588,Mar 2021,500124
853,83,19129,3384,7149,29746,8122,1293,2616,17715,29746,Mar 2022,500124
854,83,23203,1347,7652,32285,9274,975,4986,17050,32285,Mar 2023,500124
855,58,1793,1228,888,3968,2078,417,141,1332,3968,Mar 2012,503806
856,58,1910,1704,902,4575,2340,565,151,1518,4575,Mar 2013,503806
857,58,2008,2175,1227,5469,3551,112,37,1769,5469,Mar 2014,503806
858,58,2238,2435,1152,5883,3922,104,94,1762,5883,Mar 2015,503806
859,58,2705,2515,1146,6424,4113,117,165,2029,6424,Mar 2016,503806
860,58,3124,2396,1389,6968,4405,259,196,2109,6968,Mar 2017,503806
861,58,3506,3142,1657,8363,5122,559,122,2561,8363,Mar 2018,503806
862,58,4071,3730,2028,9888,5609,754,101,3424,9888,Mar 2019,503806
863,58,4875,4135,1795,10862,6368,1393,203,2899,10862,Mar 2020,503806
864,60,6796,3469,2586,12911,7827,772,417,3895,12911,Mar 2021,503806
865,297,8268,3655,3544,15765,8425,1672,321,5347,15765,Mar 2022,503806
866,297,10030,4478,3950,18755,10050,2406,494,5805,18755,Mar 2023,503806
867,62,4504,916,2797,8279,4244,49,567,3420,8279,Mar 2012,500800
868,62,4748,1389,2595,8794,4434,91,578,3691,8794,Mar 2013,500800
869,62,5787,1438,2625,9911,5181,60,611,4060,9911,Mar 2014,500800
870,62,5431,1324,2641,9458,4922,47,622,3867,9458,Mar 2015,500800
871,63,6184,1354,2294,9895,4662,39,1366,3828,9895,Mar 2016,500800
872,63,6202,787,2499,9551,4573,63,1451,3465,9551,Mar 2017,500800
873,63,6968,1068,2362,10461,4798,135,1161,4366,10461,Mar 2018,500800
874,63,7269,1141,2408,10881,4913,424,1188,4355,10881,Mar 2019,500800
875,92,13723,1586,3072,18473,11656,95,1323,5399,18473,Mar 2020,500800
876,92,14442,1634,4050,20218,12023,113,806,7276,20218,Mar 2021,500800
877,92,15050,1412,4521,21075,12599,247,797,7431,21075,Mar 2022,500800
878,93,16184,1600,4886,22762,13070,295,1433,7965,22762,Mar 2023,500800
879,1268,23646,11506,11479,47899,19863,14705,1183,12148,47899,Mar 2012,532155
880,1268,27526,16472,14542,59809,24303,18376,1254,15876,59809,Mar 2013,532155
881,1268,31188,18537,15872,66865,25995,18490,1282,21099,66865,Mar 2014,532155
882,1268,32754,18291,17355,69669,32143,13806,1272,22448,69669,Mar 2015,532155
883,1268,35135,9052,13608,59063,29946,3688,9844,15584,59063,Mar 2016,532155
884,1691,37614,6553,12433,58291,28302,4126,10125,15737,58291,Mar 2017,532155
885,2255,39424,3876,15798,61353,28860,5938,10452,16102,61353,Mar 2018,532155
886,2255,43749,2224,20199,68426,31475,9738,10722,16493,68426,Mar 2019,532155
887,4510,44758,6912,18754,74934,37121,11666,9893,16253,74934,Mar 2020,532155
888,4440,48742,7873,19975,81030,40188,13400,13058,14385,81030,Mar 2021,532155
889,4440,59674,9216,23254,96584,43718,15490,16408,20968,96584,Mar 2022,532155
890,6575,58352,17816,25037,107781,49697,16646,17248,24189,107781,Mar 2023,532155
891,61,1082,785,689,2617,857,40,296,1424,2617,Mar 2012,531642
892,64,1917,872,854,3707,1670,148,152,1738,3707,Mar 2013,531642
893,64,1296,680,925,2965,888,4,311,1762,2965,Mar 2014,531642
894,64,1760,428,873,3125,1076,3,284,1763,3125,Mar 2015,531642
895,129,1888,331,1010,3358,1050,37,544,1727,3358,Mar 2016,531642
896,129,2197,239,1059,3623,1085,11,608,1919,3623,Mar 2017,531642
897,129,2414,312,1217,4072,1110,27,543,2392,4072,Mar 2018,531642
898,129,2846,352,1569,4896,1300,45,450,3101,4896,Mar 2019,531642
899,129,2894,338,1603,4964,1396,58,733,2777,4964,Mar 2020,531642
900,129,3111,511,1675,5426,1612,24,854,2936,5426,Mar 2021,531642
901,129,3219,479,1850,5677,1760,39,828,3050,5677,Mar 2022,531642
902,129,3670,608,2539,6946,2246,67,1096,3537,6946,Mar 2023,531642
903,237,12437,33860,15070,61604,27653,12659,3423,17868,61604,Mar 2012,500400
904,237,12098,37882,17038,67257,41353,2358,3120,20426,67257,Mar 2013,500400
905,237,12164,40173,18810,71383,43394,3389,3019,21582,71383,Mar 2014,500400
906,270,14048,40607,20260,75185,44726,3323,3445,23692,75185,Mar 2015,500400
907,270,11363,38849,19575,70057,36414,1345,11785,20513,70057,Mar 2016,500400
908,270,12944,48815,20799,82829,46595,2178,11873,22184,82829,Mar 2017,500400
909,516,16129,48344,17148,81892,44656,1653,12429,23154,81892,Mar 2018,500400
910,270,18035,48506,17262,84073,44305,2576,13542,23651,84073,Mar 2019,500400
911,270,19296,51936,18172,89674,47666,1612,14535,25861,89674,Mar 2020,500400
912,320,22003,46708,29625,98655,52179,3270,13149,30056,98655,Mar 2021,500400
913,320,22122,51195,38913,112550,57389,4635,14160,36365,112550,Mar 2022,500400
914,320,28468,52923,46639,128349,61747,5376,16670,44556,128349,Mar 2023,500400
915,62,1768,957,815,3602,1530,361,502,1210,3602,Mar 2011,508869
916,67,2401,817,698,3983,2011,209,564,1198,3983,Mar 2012,508869
917,70,2677,1213,854,4814,2341,403,527,1543,4814,Mar 2013,508869
918,70,2907,1344,1029,5350,2681,491,322,1855,5350,Mar 2014,508869
919,70,3102,1992,1296,6459,3244,533,311,2372,6459,Mar 2015,508869
920,70,3262,2834,1195,7360,3997,562,352,2448,7360,Mar 2016,508869
921,70,3244,3125,1665,8103,4591,347,406,2759,8103,Mar 2017,508869
922,70,3182,3427,1917,8596,4773,712,352,2759,8596,Mar 2018,508869
923,70,3264,3673,2159,9166,4982,822,462,2901,9166,Mar 2019,508869
924,70,3270,3596,4354,11289,7432,236,434,3187,11289,Mar 2020,508869
925,72,4531,4160,2629,11392,6778,234,1343,3037,11392,Mar 2021,508869
926,72,5551,4068,3493,13184,8269,46,780,4090,13184,Mar 2022,508869
927,72,5921,3998,3984,13975,8256,548,631,4540,13975,Sep 2022,508869
928,1429,1553,0,68642,71623,176,4,70398,1045,71623,Mar 2012,540133
929,1429,2532,0,71260,75220,165,7,73716,1332,75220,Mar 2013,540133
930,1429,2954,0,77090,81474,197,5,80101,1171,81474,Mar 2014,540133
931,1432,3833,0,95951,101215,209,6,99491,1509,101215,Mar 2015,540133
932,1432,3891,1029,98413,104765,212,7,103024,1522,104765,Mar 2016,540133
933,1435,4971,0,118335,124741,207,7,121581,2946,124741,Mar 2017,540133
934,1436,5138,0,135245,141819,404,18,138537,2859,141819,Mar 2018,540133
935,1436,5435,0,156215,163086,463,13,159003,3607,163086,Mar 2019,540133
936,1436,5524,0,149071,156031,932,20,150776,4303,156031,Mar 2020,540133
937,1436,10667,1200,203917,217220,436,22,212202,4560,217220,Mar 2021,540133
938,1437,10548,1200,231252,244437,433,54,238101,5848,244437,Mar 2022,540133
939,1439,8651,1200,244562,255851,596,0,248216,7039,255851,Mar 2023,540133
940,69,722,418,578,1788,509,73,4,1202,1788,Mar 2012,509480
941,69,884,550,683,2186,599,172,11,1404,2186,Mar 2013,509480
942,69,1051,624,851,2595,864,133,91,1507,2595,Mar 2014,509480
943,69,1191,610,846,2716,931,100,134,1550,2716,Mar 2015,509480
944,69,1493,354,960,2877,963,51,348,1515,2877,Mar 2016,509480
945,97,1804,406,1132,3440,1136,62,472,1769,3440,Mar 2017,509480
946,97,2097,422,1326,3943,1267,97,333,2245,3943,Mar 2018,509480
947,97,2347,753,1360,4557,1583,170,395,2409,4557,Mar 2019,509480
948,97,2563,767,1472,4900,1916,178,315,2490,4900,Mar 2020,509480
949,97,3280,634,1907,5918,2044,107,356,3411,5918,Mar 2021,509480
950,97,3830,1014,2271,7211,2187,606,234,4185,7211,Mar 2022,509480
951,97,4397,1189,2284,7967,3332,110,183,4342,7967,Mar 2023,509480
952,126,4536,8164,3031,15857,7881,108,236,7632,15857,Mar 2012,532432
953,126,4661,8242,3453,16483,7869,131,218,8265,16483,Mar 2013,532432
954,145,2887,8307,3518,14858,5700,110,238,8810,14858,Mar 2014,532432
955,145,514,4987,2242,7889,1921,114,216,5637,7889,Mar 2015,532432
956,145,1489,4242,2452,8329,1887,282,77,6084,8329,Mar 2016,532432
957,145,1640,4144,2967,8896,1917,199,0,6780,8896,Mar 2017,532432
958,145,2274,3421,3086,8926,1791,102,0,7033,8926,Mar 2018,532432
959,145,2945,2883,3135,9109,1841,118,25,7124,9109,Mar 2019,532432
960,145,3583,2570,2546,8844,1956,121,22,6745,8844,Mar 2020,532432
961,145,3974,1037,3354,8511,1893,97,0,6521,8511,Mar 2021,532432
962,145,4808,605,3304,8863,1855,96,222,6690,8863,Mar 2022,532432
963,146,5854,183,3579,9762,1550,67,286,7859,9762,Mar 2023,532432
964,48,675,1304,1290,3317,1472,186,318,1340,3317,Mar 2012,532343
965,48,851,1068,1415,3381,1593,36,348,1404,3381,Mar 2013,532343
966,48,1113,728,1743,3632,1517,48,439,1628,3632,Mar 2014,532343
967,48,1277,1119,2126,4570,1637,93,539,2301,4570,Mar 2015,532343
968,48,1771,1091,2236,5146,2038,47,943,2118,5146,Mar 2016,532343
969,48,2169,1311,2601,6128,2362,64,1155,2547,6128,Mar 2017,532343
970,48,2630,6928,3586,13190,3094,313,421,9362,13190,Mar 2018,532343
971,48,3123,9298,4228,16696,3367,745,440,12145,16696,Mar 2019,532343
972,48,3235,11591,4399,19272,3811,1006,371,14085,19272,Mar 2020,532343
973,48,3779,12179,5859,21865,4221,1041,468,16135,21865,Mar 2021,532343
974,48,4352,15827,6638,26865,5975,552,605,19734,26865,Mar 2022,532343
975,48,5457,13312,16416,35233,6176,316,967,27774,35233,Mar 2023,532343
976,109,666,1948,2521,5244,1377,43,136,3688,5244,Mar 2014,543458
977,114,1166,2622,3465,7367,1950,70,52,5294,7367,Mar 2017,543458
978,114,1540,2244,5750,9649,2273,443,53,6880,9649,Mar 2018,543458
979,114,1905,1829,7541,11390,2954,570,54,7812,11390,Mar 2019,543458
980,114,2298,2300,6914,11627,3759,325,55,7488,11627,Mar 2020,543458
981,114,2952,3051,6958,13076,3702,531,106,8736,13076,Mar 2021,543458
982,130,7248,2626,10247,20251,4146,363,286,15456,20251,Mar 2022,543458
983,130,7858,2259,9372,19619,4377,323,288,14631,19619,Mar 2023,543458
984,1278,18113,263722,7063,290176,3017,26,82829,204304,290176,Mar 2012,500116
985,1333,19869,292699,8765,322666,2928,18,98433,221288,322666,Mar 2013,500116
986,1604,22028,295719,9599,328950,2978,22,103419,222531,328950,Mar 2014,500116
987,1604,22771,321355,10314,356044,3026,54,97347,255617,356044,Mar 2015,500116
988,2059,26000,335679,11537,375275,7041,481,92810,274943,375275,Mar 2016,500116
989,2059,21204,324580,14646,362488,6893,541,93075,261980,362488,Mar 2017,500116
990,3084,18824,310962,18039,350909,6350,502,91848,252208,350909,Mar 2018,500116
991,7736,30610,272478,10287,321111,7842,468,93328,219474,321111,Mar 2019,500116
992,10381,24455,258963,6901,300699,7719,488,81996,210496,300699,Mar 2020,500116
993,10752,26876,246568,14457,298653,7402,471,81471,209309,298653,Mar 2021,500116
994,10752,31819,247195,12590,302356,9587,400,83475,208894,302356,Mar 2022,500116
995,,,,,,,,,,,Mar 2023,500116
996,42,980,572,941,2536,636,180,146,1574,2536,Mar 2011,500420
997,42,1152,579,1275,3048,797,119,124,2008,3048,Mar 2012,500420
998,42,1380,693,1638,3753,820,285,60,2587,3753,Mar 2013,500420
999,85,1818,1132,1988,5022,875,534,186,3427,5022,Mar 2014,500420
1000,85,2406,2740,2589,7820,2833,678,298,4011,7820,Mar 2015,500420
1001,85,3409,2352,3040,8886,2859,1042,780,4206,8886,Mar 2016,500420
1002,85,4266,2510,2740,9601,3688,519,804,4589,9601,Mar 2017,500420
1003,85,4538,6462,3159,14243,7855,647,492,5249,14243,Mar 2018,500420
1004,85,4640,6038,3351,14113,7748,617,353,5395,14113,Mar 2019,500420
1005,85,4739,5784,3402,14010,7533,712,2,5763,14010,Mar 2020,500420
1006,85,5753,4874,3363,14075,7065,889,181,5940,14075,Mar 2021,500420
1007,85,5868,4070,2884,12906,6423,630,226,5628,12906,Mar 2022,500420
1008,169,5922,4083,3045,13219,6499,609,505,5606,13219,Sep 2022,500420
1009,128,3483,1044,3975,8630,2148,110,786,5586,8630,Mar 2012,500093
1010,128,3433,2029,4415,10006,2835,231,791,6149,10006,Mar 2013,500093
1011,125,3519,2396,4788,10828,3241,218,299,7070,10828,Mar 2014,500093
1012,125,4172,2092,5370,11760,4127,104,442,7088,11760,Mar 2015,500093
1013,125,4464,1528,4831,10949,2588,90,231,8040,10949,Mar 2016,500093
1014,125,3977,1502,4557,10161,1705,61,209,8186,10161,Mar 2017,500093
1015,125,2757,3041,4887,10811,2364,85,279,8083,10811,Mar 2018,500093
1016,125,2005,3297,4883,10311,2050,91,130,8040,10311,Mar 2019,500093
1017,125,-2081,2757,3816,4617,1489,28,2,3098,4617,Mar 2020,500093
1018,268,-389,1484,3035,4397,1146,20,2,3229,4397,Mar 2021,500093
1019,288,697,367,2869,4222,1081,35,41,3064,4222,Mar 2022,500093
1020,305,1485,16,2822,4629,982,27,1,3619,4629,Mar 2023,500093
1021,31,4697,307,2096,7131,592,321,1635,4584,7131,Dec 2011,500530
1022,31,5542,230,2098,7902,863,408,1529,5102,7902,Dec 2012,500530
1023,31,6263,183,2414,8891,938,440,2202,5311,8891,Dec 2013,500530
1024,31,7316,111,2973,10431,968,276,2890,6298,10431,Mar 2015,500530
1025,31,9504,50,2848,12433,1149,151,4628,6505,12433,Mar 2016,500530
1026,30,8769,0,3000,11800,1514,129,3927,6231,11800,Mar 2017,500530
1027,30,9951,0,3946,13927,1318,313,5240,7056,13927,Mar 2018,500530
1028,30,9097,0,3583,12710,1176,644,4054,6836,12710,Mar 2019,500530
1029,30,9240,74,3977,13320,1342,487,4042,7450,13320,Mar 2020,500530
1030,30,9793,54,4898,14774,1241,488,5157,7888,14774,Mar 2021,500530
1031,30,10658,73,4650,15410,1212,605,5528,8066,15410,Mar 2022,500530
1032,30,10983,53,5194,16259,1731,366,5023,9140,16259,Mar 2023,500530
1033,174,1036,12,327,1374,190,1,829,354,1374,Mar 2018,543320
1034,244,2356,104,953,3413,389,1,2145,879,3413,Mar 2019,543320
1035,252,457,73,2370,2900,1591,1,324,985,2900,Mar 2020,543320
1036,455,7644,72,987,8704,1539,0,2205,4959,8704,Mar 2021,543320
1037,764,15741,70,751,17327,1404,1,4718,11204,17327,Mar 2022,543320
1038,836,18623,507,1632,21599,6343,8,6765,8484,21599,Mar 2023,543320
1039,39,1246,940,802,3027,1218,126,370,1313,3027,Mar 2012,517334
1040,59,1565,927,889,3440,1420,86,513,1422,3440,Mar 2013,517334
1041,88,1817,758,1001,3664,1434,52,582,1596,3664,Mar 2014,517334
1042,88,2014,534,1103,3739,1462,40,732,1505,3739,Mar 2015,517334
1043,132,2322,485,955,3894,1409,65,769,1650,3894,Mar 2016,517334
1044,140,5662,1294,1182,8278,1442,53,4498,2285,8278,Mar 2017,517334
1045,210,5970,1155,1475,8810,1547,92,4654,2517,8810,Mar 2018,517334
1046,316,6122,1136,1469,9043,1796,91,4603,2553,9043,Mar 2019,517334
1047,316,5929,1512,1446,9203,1928,90,4682,2502,9203,Mar 2020,517334
1048,316,6427,4852,1948,13543,1759,28,5586,6169,13543,Mar 2021,517334
1049,452,30479,5416,1407,37755,1768,54,30387,5546,37755,Mar 2022,517334
1050,678,30763,5767,1532,38739,2023,66,31032,5618,38739,Mar 2023,517334
1051,339,28865,427054,14188,470445,3217,0,125820,341408,470445,Mar 2012,532461
1052,353,34116,446090,16089,496648,3422,0,134734,358491,496648,Mar 2013,532461
1053,362,37731,520237,16490,574820,3490,0,149225,422105,574820,Mar 2014,532461
1054,371,41669,574450,19522,636011,3656,0,156762,475594,636011,Mar 2015,532461
1055,393,41412,652056,18932,712793,5308,0,165126,542358,712793,Mar 2016,532461
1056,426,42990,672987,16909,733311,6298,0,191527,535486,733311,Mar 2017,532461
1057,552,40965,713769,22242,777528,6371,0,204419,566738,777528,Mar 2018,532461
1058,921,45164,728702,15333,790120,6246,0,210578,573295,790120,Mar 2019,532461
1059,1348,62529,772767,14814,851457,7262,0,253782,590413,851457,Mar 2020,532461
1060,2096,90439,1166015,21176,1279725,11049,0,404369,864307,1279725,Mar 2021,532461
1061,2202,95380,1213606,28113,1339301,10696,0,388586,940019,1339301,Mar 2022,532461
1062,,,,,,,,,,,Mar 2023,532461
1063,40,5583,284,4215,10122,2247,855,4106,2914,10122,Mar 2014,500182
1064,40,6500,100,4014,10654,2952,719,3118,3864,10654,Mar 2015,500182
1065,40,8794,232,3829,12896,3784,653,4501,3958,12896,Mar 2016,500182
1066,40,10276,261,4736,15312,4599,581,6066,4066,15312,Mar 2017,500182
1067,40,11932,228,5197,17397,4961,355,7669,4411,17397,Mar 2018,500182
1068,40,13080,312,5072,18504,4952,573,6114,6865,18504,Mar 2019,500182
1069,40,14366,453,4815,19674,6473,391,8359,4451,19674,Mar 2020,500182
1070,40,15376,584,7096,23096,6380,495,10582,5639,23096,Mar 2021,500182
1071,40,15807,605,6027,22478,6194,517,10528,5240,22478,Mar 2022,500182
1072,40,16616,568,6694,23917,6491,122,10891,6413,23917,Mar 2023,500182
1073,443,22600,342508,13531,379083,2885,3,106497,269699,379083,Mar 2012,532483
1074,443,24733,376040,18108,419324,2883,1,127534,288907,419324,Mar 2013,532483
1075,461,29715,447913,23000,501090,6661,1,135445,358982,501090,Mar 2014,532483
1076,475,32017,499488,26578,558558,6969,1,152122,399466,558558,Mar 2015,532483
1077,543,31867,506712,24603,563725,7206,0,152470,404049,563725,Mar 2016,532483
1078,597,34088,534858,26615,596159,7185,0,162073,426901,596159,Mar 2017,532483
1079,733,36164,563756,30781,631435,8335,0,157444,465657,631435,Mar 2018,532483
1080,753,36936,640166,33928,711783,8433,0,168678,534672,711783,Mar 2019,532483
1081,1030,40176,668170,32064,741440,8323,0,192645,540472,741440,Mar 2020,532483
1082,1647,60763,1060998,56132,1179540,11269,2,286191,882077,1179540,Mar 2021,532483
1083,1814,68147,1132626,55076,1257664,11447,2,311347,934867,1257664,Mar 2022,532483
1084,,,,,,,,,,,Mar 2023,532483
1085,537,655,874,1080,3146,2244,46,0,856,3146,Mar 2017,543220
1086,537,627,981,1157,3302,2227,38,0,1036,3302,Mar 2018,543220
1087,537,426,1003,1389,3355,2192,87,1,1075,3355,Mar 2019,543220
1088,537,2016,875,546,3974,851,28,2182,913,3974,Mar 2020,543220
1089,966,4673,1101,1803,8543,6536,27,1,1980,8543,Mar 2021,543220
1090,970,5313,913,1993,9189,7018,151,1,2020,9189,Mar 2022,543220
1091,971,6439,689,2003,10102,7085,207,1,2810,10102,Mar 2023,543220
1092,76,2894,3803,2457,9230,5706,351,1904,1269,9230,Mar 2012,500850
1093,81,2899,3818,2494,9291,5896,422,1563,1411,9291,Mar 2013,500850
1094,81,2556,4252,2626,9514,6215,554,1427,1318,9514,Mar 2014,500850
1095,81,2146,5074,2582,9884,6299,306,1587,1692,9884,Mar 2015,500850
1096,99,2481,4526,2691,9797,6762,290,1515,1231,9797,Mar 2016,500850
1097,99,2419,3383,2698,8599,5815,223,1244,1317,8599,Mar 2017,500850
1098,119,4062,2427,2706,9314,6163,197,1511,1443,9314,Mar 2018,500850
1099,119,4229,2326,2840,9514,6422,116,1335,1641,9514,Mar 2019,500850
1100,119,4238,4501,2584,11442,8059,244,1427,1712,11442,Mar 2020,500850
1101,119,3530,5518,2268,11435,8438,165,1483,1349,11435,Mar 2021,500850
1102,142,6920,3888,2052,13002,8415,194,1967,2426,13002,Mar 2022,500850
1103,142,7840,3139,2548,13669,8826,324,1891,2627,13669,Mar 2023,500850
1104,39,1125,301,561,2014,746,73,225,970,2014,Mar 2012,500251
1105,40,1198,336,642,2209,843,106,317,943,2209,Mar 2013,500251
1106,33,958,332,614,1936,720,138,300,778,1936,Mar 2014,500251
1107,33,1389,267,518,2207,668,92,740,706,2207,Mar 2015,500251
1108,33,1431,400,292,2157,477,55,1067,558,2157,Mar 2016,500251
1109,33,1514,392,283,2222,549,5,1080,588,2222,Mar 2017,500251
1110,33,1562,391,349,2336,613,10,1023,691,2336,Mar 2018,500251
1111,33,1613,494,418,2559,662,87,883,927,2559,Mar 2019,500251
1112,36,2352,300,2819,5507,2738,23,1515,1230,5507,Mar 2020,500251
1113,36,2277,300,3111,5724,3054,108,1487,1075,5724,Mar 2021,500251
1114,36,2328,4725,637,7726,4687,105,1284,1651,7726,Mar 2022,500251
1115,36,2560,4464,1022,8082,4527,102,1110,2343,8082,Mar 2023,500251
1116,437,1022,0,9067,10525,393,7,6034,4092,10525,Mar 2012,540716
1117,437,1433,0,10767,12637,390,10,7800,4436,12637,Mar 2013,540716
1118,445,1949,0,12350,14744,373,17,9290,5064,14744,Mar 2014,540716
1119,447,2439,0,11760,14646,381,9,10200,4056,14646,Mar 2015,540716
1120,448,2789,0,12440,15676,510,10,11426,3730,15676,Mar 2016,540716
1121,451,3450,485,18965,23351,516,11,14806,8018,23351,Mar 2017,540716
1122,454,4087,485,24723,29750,368,38,18193,11151,29750,Mar 2018,540716
1123,454,4946,485,27517,33403,1965,17,20714,10707,33403,Mar 2019,540716
1124,454,5680,485,30423,37042,664,12,26327,10039,37042,Mar 2020,540716
1125,455,7144,485,31214,39298,717,14,30788,7779,39298,Mar 2021,540716
1126,491,8702,255,41401,50848,941,11,38412,11485,50848,Mar 2022,540716
1127,491,9952,35,44608,55086,564,0,43180,11342,55086,Mar 2023,540716
1128,92,4081,3389,2713,10275,3223,306,795,5952,10275,Mar 2012,512070
1129,89,4557,4203,3487,12336,3489,378,1025,7444,12336,Mar 2013,512070
1130,86,5162,3349,4162,12759,3821,228,737,7973,12759,Mar 2014,512070
1131,86,5775,3281,5143,14284,4031,583,764,8906,14284,Mar 2015,512070
1132,86,5803,5258,5722,16869,3862,484,335,12188,16869,Mar 2016,512070
1133,183,7214,6361,6536,20212,4071,792,378,14971,20212,Mar 2017,512070
1134,102,9067,6638,7148,22955,4437,1319,1034,16165,22955,Mar 2018,512070
1135,102,14613,29139,18581,62435,32149,1855,708,27723,62435,Mar 2019,512070
1136,153,19129,29388,19758,68428,35321,2073,558,30476,68428,Mar 2020,512070
1137,153,20734,24519,23359,68765,34765,2117,618,31265,68765,Mar 2021,512070
1138,153,24508,26746,29196,80603,36193,2501,1922,39987,80603,Mar 2022,512070
1139,150,29694,23939,34794,88577,40334,1197,1624,45422,88577,Mar 2023,512070
1140,93,18018,17091,9806,45008,16586,13652,378,14392,45008,Mar 2012,532286
1141,93,21159,24618,11202,57073,19429,19230,809,17605,57073,Mar 2013,532286
1142,91,22519,36368,9935,68913,34989,17811,342,15771,68913,Mar 2014,532286
1143,91,20951,45501,8994,75537,46643,9073,1785,18035,75537,Mar 2015,532286
1144,91,32345,46797,13166,92398,65038,11827,392,15142,92398,Mar 2016,532286
1145,92,29959,45850,14674,90575,65932,9716,368,14559,90575,Mar 2017,532286
1146,97,30283,42962,15889,89230,68450,4978,146,15657,89230,Mar 2018,532286
1147,97,31983,39559,17362,89001,69039,4027,150,15784,89001,Mar 2019,532286
1148,102,32035,36824,20780,89742,69381,3126,181,17055,89742,Mar 2020,532286
1149,102,31713,29910,16116,77840,54349,1712,1156,20624,77840,Mar 2021,532286
1150,101,35524,13502,27517,76644,45488,2538,470,28147,76644,Mar 2022,532286
1151,100,38606,13046,17674,69427,44306,7106,907,17108,69427,Mar 2023,532286
