,Cash from Operating ActivityÂ +,Cash from Investing ActivityÂ +,Cash from Financing ActivityÂ +,Net Cash Flow,quarter(10yrs),ScripCode
0,24483,-6301,-7590,10592,Mar 2012,500325
1,36918,-27601,408,9725,Mar 2013,500325
2,43261,-73070,13713,-16096,Mar 2014,500325
3,34374,-64706,8444,-21888,Mar 2015,500325
4,38134,-36186,-3210,-1262,Mar 2016,500325
5,49550,-66201,8617,-8034,Mar 2017,500325
6,71459,-68192,-2001,1266,Mar 2018,500325
7,42346,-94507,55906,3745,Mar 2019,500325
8,94877,-72497,-2541,19839,Mar 2020,500325
9,26958,-142385,101904,-13523,Mar 2021,500325
10,110654,-109162,17289,18781,Mar 2022,500325
11,115032,-91235,10455,34252,Mar 2023,500325
12,7127,-2727,-3955,445,Mar 2012,532540
13,11615,-6038,-5729,-152,Mar 2013,532540
14,14751,-9452,-5673,-374,Mar 2014,532540
15,19369,-1807,-17168,394,Mar 2015,532540
16,19109,-5010,-9666,4433,Mar 2016,532540
17,25223,-16895,-11026,-2698,Mar 2017,532540
18,25067,3104,-26885,1286,Mar 2018,532540
19,28593,1645,-27897,2341,Mar 2019,532540
20,32369,8968,-39915,1422,Mar 2020,532540
21,38802,-7956,-32634,-1788,Mar 2021,532540
22,39949,-738,-33581,5630,Mar 2022,532540
23,41965,548,-47878,-5365,Mar 2023,532540
24,-19381,-662,11380,-8663,Mar 2012,500180
25,-5847,-902,13105,6356,Mar 2013,500180
26,4211,-1099,9270,12382,Mar 2014,500180
27,-21281,-800,18694,-3387,Mar 2015,500180
28,-34435,-837,37815,2542,Mar 2016,500180
29,17282,-1146,-5893,10242,Mar 2017,500180
30,17214,-842,57378,73750,Mar 2018,500180
31,-62872,-1503,23131,-41244,Mar 2019,500180
32,-16869,-1403,24394,6122,Mar 2020,500180
33,42476,-1823,-7321,33332,Mar 2021,500180
34,-11960,-2051,48124,34113,Mar 2022,500180
35,20814,-3424,23941,41330,Mar 2023,500180
36,-6405,-21263,29439,1771,Mar 2012,532174
37,17494,-18563,9283,8215,Mar 2013,532174
38,6765,-15750,7872,-1113,Mar 2014,532174
39,-12273,-13175,24827,-621,Mar 2015,532174
40,23645,-12060,5814,17399,Mar 2016,532174
41,52636,-1711,-35470,15455,Mar 2017,532174
42,19383,-50551,39676,8508,Mar 2018,532174
43,48671,-30282,-19997,-1608,Mar 2019,532174
44,79565,-42095,2992,40462,Mar 2020,532174
45,138015,-63631,-54667,19718,Mar 2021,532174
46,58111,-40007,17451,35555,Mar 2022,532174
47,-3771,-68005,24791,-46986,Mar 2023,532174
48,2932,-514,-1726,692,Mar 2012,500696
49,3605,63,-4147,-480,Mar 2013,500696
50,3818,-475,-2960,383,Mar 2014,500696
51,3292,138,-3462,-33,Mar 2015,500696
52,4171,-282,-3864,25,Mar 2016,500696
53,5185,-1173,-4214,-202,Mar 2017,500696
54,6059,-1063,-4975,21,Mar 2018,500696
55,5800,-438,-5390,-28,Mar 2019,500696
56,7623,1791,-6819,2595,Mar 2020,500696
57,9163,-1228,-9309,-1374,Mar 2021,500696
58,9048,-1728,-8015,-695,Mar 2022,500696
59,9991,-1494,-8953,-456,Mar 2023,500696
60,6394,-147,-2322,3925,Mar 2012,500209
61,7373,-2922,-3210,1241,Mar 2013,500209
62,9825,-2563,-3144,4118,Mar 2014,500209
63,8353,999,-4935,4417,Mar 2015,500209
64,10028,-885,-6813,2330,Mar 2016,500209
65,11531,-14664,-6939,-10072,Mar 2017,500209
66,13218,4533,-20505,-2754,Mar 2018,500209
67,14841,-632,-14512,-303,Mar 2019,500209
68,17003,-331,-17591,-919,Mar 2020,500209
69,23224,-7373,-9786,6065,Mar 2021,500209
70,23885,-6485,-24642,-7242,Mar 2022,500209
71,22467,-1071,-26695,-5299,Mar 2023,500209
72,6256,-2694,-3305,257,Mar 2012,500875
73,7102,-3881,-3310,-90,Mar 2013,500875
74,7344,-3254,-4122,-32,Mar 2014,500875
75,9843,-5275,-4661,-93,Mar 2015,500875
76,9799,-3921,-5613,266,Mar 2016,500875
77,10627,-3251,-7301,75,Mar 2017,500875
78,13169,-7114,-6221,-166,Mar 2018,500875
79,12583,-5546,-6869,169,Mar 2019,500875
80,14690,-6174,-8181,334,Mar 2020,500875
81,12527,5740,-18634,-367,Mar 2021,500875
82,15776,-2238,-13580,-43,Mar 2022,500875
83,18878,-5732,-13006,139,Mar 2023,500875
84,-30114,169,2209,-27737,Mar 2012,500112
85,24332,-2271,-4424,17637,Mar 2013,500112
86,19142,-791,3583,21934,Mar 2014,500112
87,26297,-3424,-1553,21320,Mar 2015,500112
88,14477,-2747,4348,16078,Mar 2016,500112
89,77406,-4572,-4196,68638,Mar 2017,500112
90,-96508,13053,5547,-77908,Mar 2018,500112
91,29556,220,448,30223,Mar 2019,500112
92,23929,-555,5430,28803,Mar 2020,500112
93,89919,-3670,7143,93392,Mar 2021,500112
94,57695,-2652,-3845,51198,Mar 2022,500112
95,-86014,-4041,6386,-83668,Mar 2023,500112
96,-17534,-6275,23194,-615,Mar 2012,500010
97,-11969,-10212,23174,992,Mar 2013,500010
98,-10735,-12983,25719,2000,Mar 2014,500010
99,-9118,-18552,24820,-2850,Mar 2015,500010
100,-19710,-9309,29111,92,Mar 2016,500010
101,-14173,-27236,43127,1718,Mar 2017,500010
102,-57928,-7954,63344,-2538,Mar 2018,500010
103,-44301,-10316,54986,369,Mar 2019,500010
104,-26801,-9874,38690,2015,Mar 2020,500010
105,-27276,-6958,31665,-2570,Mar 2021,500010
106,-44028,-19887,63541,-374,Mar 2022,500010
107,-47328,-21524,69321,469,Mar 2023,500010
108,22593,-18380,-4011,203,Mar 2012,532454
109,22608,-18676,-4566,-634,Mar 2013,532454
110,26233,-25181,2774,3826,Mar 2014,532454
111,28059,-22301,-9672,-3914,Mar 2015,532454
112,27942,-14091,-11946,1905,Mar 2016,532454
113,28280,-30680,-351,-2752,Mar 2017,532454
114,29854,-27940,1920,3835,Mar 2018,532454
115,20070,-28286,9464,1248,Mar 2019,532454
116,18129,-29598,19144,7675,Mar 2020,532454
117,48205,-27286,-24910,-3991,Mar 2021,532454
118,55017,-41478,-15203,-1664,Mar 2022,532454
119,65325,-39080,-24470,1775,Mar 2023,532454
120,-7064,-360,6867,-557,Mar 2015,500034
121,-9870,-687,11656,1100,Mar 2016,500034
122,-10439,-3047,12513,-972,Mar 2017,500034
123,-20566,1075,19503,13,Mar 2018,500034
124,-29062,-5379,34449,9,Mar 2019,500034
125,-24412,-8758,34167,998,Mar 2020,500034
126,-807,-429,1741,505,Mar 2021,500034
127,-37029,6347,32240,1558,Mar 2022,500034
128,-42140,5949,50675,14483,Mar 2023,500034
129,-1192,-5456,7229,582,Mar 2012,500247
130,2878,-9035,7099,942,Mar 2013,500247
131,9068,-1130,-5814,2125,Mar 2014,500247
132,2302,-4467,2426,260,Mar 2015,500247
133,5025,-2353,2024,4696,Mar 2016,500247
134,13222,-5289,6055,13989,Mar 2017,500247
135,-10392,-5475,14679,-1188,Mar 2018,500247
136,1822,-3323,8365,6864,Mar 2019,500247
137,46619,-13068,-735,32815,Mar 2020,500247
138,4881,-11172,-10072,-16363,Mar 2021,500247
139,8418,-11018,7549,4949,Mar 2022,500247
140,-1242,-10550,1883,-9910,Mar 2023,500247
141,70555,-78249,-2497,-10191,Mar 2017,543526
142,67931,-75610,-2370,-10049,Mar 2018,543526
143,19849,1895,-2252,19492,Mar 2019,543526
144,74769,-85722,-2608,-13562,Mar 2020,543526
145,55723,-54013,0,1710,Mar 2021,543526
146,-3135,10377,0,7241,Mar 2022,543526
147,59718,-58196,-949,573,Mar 2023,543526
148,-6227,-5864,11968,-123,Mar 2012,500510
149,-4355,-6922,11429,152,Mar 2013,500510
150,-7143,-5510,13136,483,Mar 2014,500510
151,-1365,-4778,7903,1759,Mar 2015,500510
152,-3240,-4627,7253,-613,Mar 2016,500510
153,6655,-9796,2896,-245,Mar 2017,500510
154,-10031,3914,9370,3254,Mar 2018,500510
155,-4756,-11023,15440,-338,Mar 2019,500510
156,6694,-8408,6372,4658,Mar 2020,500510
157,23074,-5750,-15274,2049,Mar 2021,500510
158,19164,-3585,-15181,397,Mar 2022,500510
159,22777,-8312,-11572,2893,Mar 2023,500510
160,2418,-1026,-1239,153,Jun 2012,532281
161,4492,-2361,-2086,44,Jun 2013,532281
162,6457,-4842,-1308,307,Jun 2014,532281
163,5539,-2088,-3140,311,Jun 2015,532281
164,3823,-2208,-2237,-623,Mar 2016,532281
165,8995,-3890,-4517,588,Mar 2017,532281
166,8328,-2236,-5714,378,Mar 2018,532281
167,8971,-3256,-1471,4244,Mar 2019,532281
168,13359,-12332,-3168,-2141,Mar 2020,532281
169,19618,-5665,-11192,2761,Mar 2021,532281
170,16900,1597,-14508,3989,Mar 2022,532281
171,18009,-3931,-15881,-1803,Mar 2023,532281
172,710,-386,-327,-2,Mar 2012,500820
173,1187,-463,-601,123,Mar 2013,500820
174,1402,-586,-626,190,Mar 2014,500820
175,1188,-465,-576,147,Mar 2015,500820
176,2243,-866,-849,528,Mar 2016,500820
177,1527,-681,-756,90,Mar 2017,500820
178,2113,-1556,-1379,-822,Mar 2018,500820
179,2470,-918,-1117,434,Mar 2019,500820
180,3038,-518,-2871,-351,Mar 2020,500820
181,3683,-541,-650,2492,Mar 2021,500820
182,986,-317,-1808,-1138,Mar 2022,500820
183,4193,-1275,-2140,779,Mar 2023,500820
184,-9904,-4840,7270,-7474,Mar 2012,532215
185,2573,-10939,14931,6566,Mar 2013,532215
186,14464,-14166,7785,8082,Mar 2014,532215
187,-15162,-7972,31045,7910,Mar 2015,532215
188,-34495,9211,22495,-2789,Mar 2016,532215
189,32209,-12458,-2487,17263,Mar 2017,532215
190,-38390,-10007,41342,-7055,Mar 2018,532215
191,37125,-18674,5643,24094,Mar 2019,532215
192,30416,-9485,8865,29795,Mar 2020,532215
193,12633,-54288,7279,-34375,Mar 2021,532215
194,28137,-27112,47894,48919,Mar 2022,532215
195,22075,-32694,6641,-3979,Mar 2023,532215
196,645,-34827,34872,690,Mar 2012,512599
197,7666,-14790,7199,75,Mar 2013,512599
198,8228,-8007,-1109,-888,Mar 2014,512599
199,8532,-11465,3445,512,Mar 2015,512599
200,5112,-1825,-3448,-161,Mar 2016,512599
201,774,-1460,716,30,Mar 2017,512599
202,2942,-7649,5120,413,Mar 2018,512599
203,3236,2487,-6158,-436,Mar 2019,512599
204,2454,-1082,-221,1151,Mar 2020,512599
205,4043,-8611,3109,-1459,Mar 2021,512599
206,1385,-17041,15901,246,Mar 2022,512599
207,17626,-16860,-1198,-431,Mar 2023,512599
208,2655,-3181,610,84,Mar 2012,532500
209,4059,-3119,-979,-39,Mar 2013,532500
210,4995,-4997,-74,-76,Mar 2014,532500
211,6449,-4491,-2004,-45,Mar 2015,532500
212,8482,-7230,-1237,16,Mar 2016,532500
213,10282,-9173,-1129,-20,Mar 2017,532500
214,11788,-8302,-3436,50,Mar 2018,532500
215,6601,-3540,-2948,113,Mar 2019,532500
216,3496,-557,-3104,-165,Mar 2020,532500
217,8856,-7291,-1545,20,Mar 2021,532500
218,1840,-239,-1607,-6,Mar 2022,532500
219,9251,-8036,-1213,2,Mar 2023,532500
220,163,-70,-235,-142,Mar 2012,500114
221,553,-142,-236,176,Mar 2013,500114
222,-555,-271,497,-329,Mar 2014,500114
223,503,-118,-1005,-620,Mar 2015,500114
224,576,-159,-505,-88,Mar 2016,500114
225,1712,-953,-166,594,Mar 2017,500114
226,-51,98,-252,-206,Mar 2018,500114
227,1243,-797,-489,-43,Mar 2019,500114
228,-348,235,-242,-355,Mar 2020,500114
229,4139,-2799,-1234,106,Mar 2021,500114
230,-724,1165,-403,38,Mar 2022,500114
231,1370,-1811,457,16,Mar 2023,500114
232,2234,-748,-544,942,Mar 2012,524715
233,3357,-2375,-665,316,Mar 2013,524715
234,3959,-2176,507,2290,Mar 2014,524715
235,5616,-1502,-1187,2927,Mar 2015,524715
236,6686,-3949,-1889,848,Mar 2016,524715
237,7082,-4186,-2285,611,Mar 2017,524715
238,3907,-3104,-1539,-736,Mar 2018,524715
239,2196,-310,-2731,-844,Mar 2019,524715
240,6555,-2225,-5715,-1386,Mar 2020,524715
241,6170,407,-5980,596,Mar 2021,524715
242,8985,-5556,-5193,-1765,Mar 2022,524715
243,,,,,Mar 2023,524715
244,-3849,-887,3803,-933,Mar 2012,532978
245,-6922,2953,4592,623,Mar 2013,532978
246,-9807,3764,6521,478,Mar 2014,532978
247,-10731,3709,6839,-183,Mar 2015,532978
248,-9795,-886,11602,921,Mar 2016,532978
249,-10922,151,12513,1742,Mar 2017,532978
250,-19580,-922,19590,-911,Mar 2018,532978
251,-27076,-6903,34535,555,Mar 2019,532978
252,-23369,-9948,34479,1162,Mar 2020,532978
253,4547,-3684,1687,2551,Mar 2021,532978
254,-33670,1445,32326,101,Mar 2022,532978
255,-39480,-13945,51016,-2409,Mar 2023,532978
256,65,-129,93,30,Mar 2012,540376
257,127,-231,118,14,Mar 2013,540376
258,198,-270,65,-7,Mar 2014,540376
259,222,-474,234,-17,Mar 2015,540376
260,433,-633,196,-3,Mar 2016,540376
261,455,-2482,2025,-1,Mar 2017,540376
262,730,464,-1159,34,Mar 2018,540376
263,807,-958,209,57,Mar 2019,540376
264,1280,-4657,3357,-19,Mar 2020,540376
265,1375,-1110,-180,86,Mar 2021,540376
266,1372,-1289,-179,-96,Mar 2022,540376
267,2630,-2313,-205,112,Mar 2023,540376
268,3427,-3050,-353,24,Mar 2012,532538
269,3618,-4362,715,-30,Mar 2013,532538
270,3455,-2342,-949,164,Mar 2014,532538
271,4190,-2144,-2110,-63,Mar 2015,532538
272,4526,-3673,-844,8,Mar 2016,532538
273,5005,-2501,-2535,-31,Mar 2017,532538
274,3888,1866,-5735,18,Mar 2018,532538
275,5956,1165,-6757,364,Mar 2019,532538
276,8972,-4192,-5076,-295,Mar 2020,532538
277,12500,-8856,-4356,-712,Mar 2021,532538
278,9283,2257,-12498,-958,Mar 2022,532538
279,9069,-7187,-1631,250,Mar 2023,532538
280,4009,-638,-1719,1652,Mar 2012,507685
281,6394,-4536,-1140,717,Mar 2013,507685
282,6790,-284,-3570,2936,Mar 2014,507685
283,7840,-2537,-830,4474,Mar 2015,507685
284,7887,-13761,-159,-6032,Mar 2016,507685
285,9277,-11770,-2275,-4767,Mar 2017,507685
286,8423,3595,-12998,-979,Mar 2018,507685
287,11632,5065,-4937,11760,Mar 2019,507685
288,10064,3593,-15100,-1442,Mar 2020,507685
289,14755,685,-12884,2556,Mar 2021,507685
290,11080,-22321,4659,-6583,Mar 2022,507685
291,13060,-8406,-6088,-1434,Mar 2023,507685
292,49085,-32120,-11670,5295,Mar 2011,500312
293,46129,-38375,102,7856,Mar 2012,500312
294,39874,-41220,-6927,-8273,Mar 2013,500312
295,53270,-63633,15225,4862,Mar 2014,500312
296,33950,-30058,-10641,-6749,Mar 2015,500312
297,46292,-38256,-8972,-935,Mar 2016,500312
298,45780,-43815,-1867,99,Mar 2017,500312
299,56792,-66798,9909,-97,Mar 2018,500312
300,61458,-37132,-23324,1001,Mar 2019,500312
301,70593,-53159,-16726,708,Mar 2020,500312
302,47185,-39141,-8239,-195,Mar 2021,500312
303,78000,-40345,-35979,1676,Mar 2022,500312
304,1158,-1528,323,-47,Dec 2011,500790
305,1693,-941,-513,239,Dec 2012,500790
306,1796,-441,-580,775,Dec 2013,500790
307,1644,-432,-1635,-423,Dec 2014,500790
308,1098,-70,-498,529,Dec 2015,500790
309,1466,-126,-666,674,Dec 2016,500790
310,1818,-131,-997,691,Dec 2017,500790
311,2052,-52,-1317,683,Dec 2018,500790
312,2295,83,-3602,-1223,Dec 2019,500790
313,2454,-321,-1956,177,Dec 2020,500790
314,2236,-1920,-2020,-1704,Dec 2021,500790
315,2737,-392,-2123,223,Dec 2022,500790
316,18384,-19464,6567,5488,Mar 2012,500570
317,22163,-22969,-1692,-2499,Mar 2013,500570
318,36151,-27991,-3883,4277,Mar 2014,500570
319,35531,-36232,5201,4500,Mar 2015,500570
320,37900,-36694,-3795,-2589,Mar 2016,500570
321,30199,-39571,6205,-3167,Mar 2017,500570
322,23857,-25139,2012,730,Mar 2018,500570
323,18891,-20878,8830,6843,Mar 2019,500570
324,26633,-33115,3390,-3092,Mar 2020,500570
325,29001,-25672,9904,13232,Mar 2021,500570
326,14283,-4444,-3380,6459,Mar 2022,500570
327,35388,-16804,-26243,-7659,Mar 2023,500570
328,11397,-9583,-1583,231,Mar 2012,532555
329,16508,-16845,988,651,Mar 2013,532555
330,16531,-15509,-2709,-1687,Mar 2014,532555
331,14889,-15977,-1474,-2563,Mar 2015,532555
332,24125,-19162,-3899,1064,Mar 2016,532555
333,20167,-24480,3138,-1176,Mar 2017,532555
334,19670,-20678,1028,19,Mar 2018,532555
335,18686,-24063,4927,-451,Mar 2019,532555
336,23890,-29628,6004,266,Mar 2020,532555
337,32444,-21034,-11049,360,Mar 2021,532555
338,41788,-22838,-19172,-222,Mar 2022,532555
339,40052,-26107,-14154,-210,Mar 2023,532555
340,3512,-4101,698,110,Mar 2012,500228
341,5844,-5433,-791,-380,Mar 2013,500228
342,2594,-5618,3300,276,Mar 2014,500228
343,7876,-7372,-169,334,Mar 2015,500228
344,6897,-3857,-3151,-111,Mar 2016,500228
345,7888,-5094,-2710,84,Mar 2017,500228
346,12379,-4529,-8185,-335,Mar 2018,500228
347,14633,-11387,1753,4999,Mar 2019,500228
348,12785,-19589,5189,-1615,Mar 2020,500228
349,18831,-9410,-1444,7977,Mar 2021,500228
350,26270,-14748,-14657,-3135,Mar 2022,500228
351,23323,-10711,-5977,6635,Mar 2023,500228
352,8582,-18495,8218,-1695,Mar 2012,532898
353,11690,-22084,9962,-432,Mar 2013,532898
354,15223,-26639,13712,2295,Mar 2014,532898
355,15800,-24185,6399,-1986,Mar 2015,532898
356,15008,-21576,5621,-948,Mar 2016,532898
357,21575,-23836,3959,1698,Mar 2017,532898
358,22710,-25701,1285,-1707,Mar 2018,532898
359,23271,-18727,-2431,2113,Mar 2019,532898
360,30739,-10733,-18806,1199,Mar 2020,532898
361,29403,-9244,-20521,-362,Mar 2021,532898
362,26124,753,-28967,-2091,Mar 2022,532898
363,,,,,Mar 2023,532898
364,61,-2968,4256,1349,Mar 2012,500520
365,-922,-2903,4508,684,Mar 2013,500520
366,-244,-4524,5577,810,Mar 2014,500520
367,1055,-4357,1669,-1633,Mar 2015,500520
368,2385,-5506,2967,-154,Mar 2016,500520
369,183,-5875,6108,416,Mar 2017,500520
370,682,-5467,6314,1529,Mar 2018,500520
371,-4347,-7174,13194,1672,Mar 2019,500520
372,-1457,-6870,6933,-1394,Mar 2020,500520
373,17909,-19686,406,-1370,Mar 2021,500520
374,9248,-3252,-5883,113,Mar 2022,500520
375,,,,,Mar 2023,500520
376,28,-1511,1559,76,Mar 2017,541450
377,649,-4428,3942,162,Mar 2018,541450
378,1625,-2666,1045,3,Mar 2019,541450
379,1965,-3743,2161,383,Mar 2020,541450
380,1601,-9137,7083,-453,Mar 2021,541450
381,3060,-18663,15986,383,Mar 2022,541450
382,7265,-3857,-2973,435,Mar 2023,541450
383,1209,-970,-528,-289,Mar 2011,532921
384,1200,-13876,12976,300,Mar 2012,532921
385,1379,-5136,4138,381,Mar 2013,532921
386,1132,-2510,772,-606,Mar 2014,532921
387,3057,-2485,-237,335,Mar 2015,532921
388,2381,-4153,2170,398,Mar 2016,532921
389,4063,-2629,-1325,109,Mar 2017,532921
390,5608,-3846,-1889,-127,Mar 2018,532921
391,6029,-4368,2313,3975,Mar 2019,532921
392,7402,-749,-4256,2397,Mar 2020,532921
393,7556,-14064,3514,-2994,Mar 2021,532921
394,9800,-7423,2042,4419,Mar 2022,532921
395,19888,-10410,-7382,2095,Mar 2012,533278
396,9109,-1833,-7852,-575,Mar 2013,533278
397,14525,8580,-25350,-2246,Mar 2014,533278
398,14382,894,-15026,250,Mar 2015,533278
399,13154,8154,-19587,1721,Mar 2016,533278
400,16461,455,-17598,-682,Mar 2017,533278
401,21115,-7747,-13564,-196,Mar 2018,533278
402,16356,-7896,-10885,-2426,Mar 2019,533278
403,4977,1033,-4791,1219,Mar 2020,533278
404,10592,182,-8453,2321,Mar 2021,533278
405,41088,-26481,-13441,1165,Mar 2022,533278
406,35686,-23423,-13661,-1398,Mar 2023,533278
407,336,-97,-253,-14,Mar 2012,540005
408,608,-224,-396,-13,Mar 2013,540005
409,628,180,-769,40,Mar 2014,540005
410,642,-103,-497,42,Mar 2015,540005
411,858,-40,-817,2,Mar 2016,540005
412,1170,-961,-33,176,Mar 2017,540005
413,844,-452,-408,-16,Mar 2018,540005
414,1395,-749,-594,52,Mar 2019,540005
415,1644,-643,-890,110,Mar 2020,540005
416,2400,-1657,-509,234,Mar 2021,540005
417,1652,-971,-1046,-364,Mar 2022,540005
418,3095,-331,-1932,832,Mar 2023,540005
419,4492,-3499,-1242,-248,Mar 2012,500188
420,4785,-3269,-1255,261,Mar 2013,500188
421,5471,-3955,-1577,-62,Mar 2014,500188
422,5531,-3807,-1902,-178,Mar 2015,500188
423,6451,-3236,-3214,1,Mar 2016,500188
424,7588,12007,-11266,8329,Mar 2017,500188
425,9800,2396,-18612,-6416,Mar 2018,500188
426,8781,-1092,-9630,-1941,Mar 2019,500188
427,6621,-2648,-2098,1875,Mar 2020,500188
428,10567,-2435,-9697,-1565,Mar 2021,500188
429,12691,846,-12258,1279,Mar 2022,500188
430,15133,6558,-23224,-1533,Mar 2023,500188
431,12018,-3705,-8462,-149,Mar 2012,500470
432,14035,-13099,-1780,-844,Mar 2013,500470
433,13146,-15378,1015,-1218,Mar 2014,500470
434,11880,-9021,-2617,241,Mar 2015,500470
435,11455,-8794,-4729,-2068,Mar 2016,500470
436,10824,-9490,-2579,-1245,Mar 2017,500470
437,8023,-11730,6640,2933,Mar 2018,500470
438,25336,-29176,-673,-4513,Mar 2019,500470
439,20169,-14012,-1695,4462,Mar 2020,500470
440,44327,-9437,-37090,-2200,Mar 2021,500470
441,44381,-10905,-23401,10075,Mar 2022,500470
442,21683,-18680,-6981,-3977,Mar 2023,500470
443,367,-239,-135,-7,Mar 2012,500331
444,472,-144,-339,-12,Mar 2013,500331
445,394,-99,-242,54,Mar 2014,500331
446,552,-436,-165,-49,Mar 2015,500331
447,907,-491,-371,45,Mar 2016,500331
448,794,-879,41,-45,Mar 2017,500331
449,796,39,-790,46,Mar 2018,500331
450,845,-513,-361,-29,Mar 2019,500331
451,1280,103,-849,533,Mar 2020,500331
452,1392,-1688,-76,-372,Mar 2021,500331
453,955,-558,-468,-71,Mar 2022,500331
454,1558,-899,-656,2,Mar 2023,500331
455,3246,-850,-1462,934,Mar 2012,532977
456,2218,-1394,-1445,-621,Mar 2013,532977
457,3502,-2072,-1496,-66,Mar 2014,532977
458,2114,-380,-1644,90,Mar 2015,532977
459,3690,-68,-3384,238,Mar 2016,532977
460,3267,-3610,-190,-532,Mar 2017,532977
461,4328,-1954,-1885,488,Mar 2018,532977
462,2487,-273,-2074,140,Mar 2019,532977
463,3850,1766,-6247,-630,Mar 2020,532977
464,3120,-2869,-20,231,Mar 2021,532977
465,4197,276,-4056,417,Mar 2022,532977
466,5277,1200,-7181,-704,Mar 2023,532977
467,-763,-13056,13103,-716,Mar 2012,530965
468,9340,-9294,352,398,Mar 2013,530965
469,24195,-18594,-3116,2485,Mar 2014,530965
470,46092,-10215,-38283,-2406,Mar 2015,530965
471,25624,-13610,-11890,124,Mar 2016,530965
472,28216,-17684,-10937,-405,Mar 2017,530965
473,29115,-17119,-12007,-11,Mar 2018,530965
474,12747,-22569,10436,614,Mar 2019,530965
475,7146,-29101,22456,502,Mar 2020,530965
476,49650,-22935,-27369,-653,Mar 2021,530965
477,24570,-21178,-2997,395,Mar 2022,530965
478,29644,-28030,-1794,-180,Mar 2023,530965
479,11,282,-196,96,Sep 2011,500550
480,43,30,-259,-186,Sep 2012,500550
481,102,0,-474,-373,Sep 2013,500550
482,608,130,-220,517,Sep 2014,500550
483,618,625,-268,975,Sep 2015,500550
484,508,240,-1612,-864,Sep 2016,500550
485,554,1313,-260,1607,Sep 2017,500550
486,42,-156,-305,-420,Sep 2018,500550
487,1212,-1034,-311,-133,Sep 2019,500550
488,676,829,-385,1121,Sep 2020,500550
489,1334,-2507,-320,-1494,Sep 2021,500550
490,928,20,-383,565,Sep 2022,500550
491,,,,,Mar 2013,540777
492,,,,,Mar 2014,540777
493,4459,-3514,-168,777,Mar 2015,540777
494,5687,-3962,-212,1513,Mar 2016,540777
495,6230,-5177,-236,817,Mar 2017,540777
496,6739,-4421,-196,2122,Mar 2018,540777
497,9868,-10182,-337,-651,Mar 2019,540777
498,7388,-7789,38,-364,Mar 2020,540777
499,9703,-8952,678,1429,Mar 2021,540777
500,5943,-1580,-238,4125,Mar 2022,540777
501,6883,-10087,1985,-1220,Mar 2023,540777
502,6468,-4968,0,1500,Mar 2012,540719
503,1130,-227,-58,845,Mar 2013,540719
504,166,-708,-58,-600,Mar 2014,540719
505,2711,-178,-117,2416,Mar 2015,540719
506,5778,-7204,-144,-1570,Mar 2016,540719
507,8525,-9032,-144,-651,Mar 2017,540719
508,10395,-8910,-221,1264,Mar 2018,540719
509,13473,-13552,-241,-321,Mar 2019,540719
510,19299,-16986,-198,2114,Mar 2020,540719
511,23878,-19203,3,4677,Mar 2021,540719
512,21852,-21611,-231,10,Mar 2022,540719
513,28656,-30203,-415,-1962,Mar 2023,540719
514,2520,-24,-2438,58,Mar 2012,532868
515,2009,1995,-3951,52,Mar 2013,532868
516,1468,3924,-4532,860,Mar 2014,532868
517,2037,98,-1547,588,Mar 2015,532868
518,2957,-818,-1929,210,Mar 2016,532868
519,-898,872,787,761,Mar 2017,532868
520,270,-2102,-232,-2064,Mar 2018,532868
521,2043,3,875,2921,Mar 2019,532868
522,356,6508,-9522,-2658,Mar 2020,532868
523,1460,150,-2184,-573,Mar 2021,532868
524,2832,267,-3828,-729,Mar 2022,532868
525,2375,-463,-2013,-101,Mar 2023,532868
526,4350,-3629,-679,42,Mar 2012,500300
527,4242,-5687,1348,-97,Mar 2013,500300
528,3549,-2336,-1046,168,Mar 2014,500300
529,4594,-2359,-2278,-42,Mar 2015,500300
530,5868,-4515,-1365,-11,Mar 2016,500300
531,7288,-3509,-3799,-20,Mar 2017,500300
532,-4140,1546,3449,856,Mar 2018,500300
533,-1659,-2212,4158,287,Mar 2019,500300
534,16620,-11364,-3418,1838,Mar 2020,500300
535,15075,-7146,-8003,-75,Mar 2021,500300
536,7038,-1053,-6733,-748,Mar 2022,500300
537,,,,,Mar 2023,500300
538,246,-65,-168,13,Mar 2012,500825
539,320,28,-378,-30,Mar 2013,500825
540,671,-246,-357,68,Mar 2014,500825
541,584,-450,-181,-47,Mar 2015,500825
542,959,-705,-246,8,Mar 2016,500825
543,441,-150,-295,-4,Mar 2017,500825
544,1249,-957,-232,60,Mar 2018,500825
545,1156,-852,-353,-49,Mar 2019,500825
546,1485,-1526,58,17,Mar 2020,500825
547,1876,433,-2242,66,Mar 2021,500825
548,1300,914,-2246,-32,Mar 2022,500825
549,2526,-1517,-1028,-19,Mar 2023,500825
550,2215,-4724,1726,-784,Mar 2012,500295
551,22,-311,238,-51,Mar 2013,500295
552,15601,-2890,-5052,7659,Mar 2014,500295
553,17805,-4133,-13956,-284,Mar 2015,500295
554,20377,-7868,-11303,1206,Mar 2016,500295
555,18083,2681,-12425,8339,Mar 2017,500295
556,17366,15480,-39255,-6409,Mar 2018,500295
557,23754,-10594,-10242,2918,Mar 2019,500295
558,19300,-5925,-15547,-2172,Mar 2020,500295
559,23980,-6678,-17565,-263,Mar 2021,500295
560,34963,-2243,-28903,3817,Mar 2022,500295
561,33065,-693,-34142,-1770,Mar 2023,500295
562,712,-420,-317,-26,Mar 2012,532755
563,855,-622,65,298,Mar 2013,532755
564,1596,291,-972,915,Mar 2014,532755
565,2448,-1865,-829,-246,Mar 2015,532755
566,3137,-1453,-496,1188,Mar 2016,532755
567,4071,-2893,-1571,-392,Mar 2017,532755
568,3554,-3319,-269,-35,Mar 2018,532755
569,4432,-2104,-2251,77,Mar 2019,532755
570,4358,1081,-4466,974,Mar 2020,532755
571,8094,-5433,-2987,-326,Mar 2021,532755
572,5285,480,-4667,1098,Mar 2022,532755
573,5572,-278,-5078,215,Mar 2023,532755
574,280,-507,229,3,Dec 2012,540180
575,297,-574,274,-2,Dec 2013,540180
576,431,-500,58,-11,Dec 2014,540180
577,555,-300,-236,19,Dec 2015,540180
578,826,-1048,230,8,Dec 2016,540180
579,620,-746,159,32,Dec 2017,540180
580,1000,-937,-84,-22,Dec 2018,540180
581,1308,-2320,1107,95,Dec 2019,540180
582,1012,-472,-574,-33,Dec 2020,540180
583,1231,-1008,-178,46,Dec 2021,540180
584,1790,-1769,-18,4,Dec 2022,540180
585,1099,-856,-7,235,Mar 2012,532424
586,820,-865,282,237,Mar 2013,532424
587,1116,-494,-620,1,Mar 2014,532424
588,1027,-1236,-12,-221,Mar 2015,532424
589,847,-622,-202,23,Mar 2016,532424
590,1860,-2243,665,282,Mar 2017,532424
591,1723,-336,-1384,3,Mar 2018,532424
592,1729,274,-2039,-36,Mar 2019,532424
593,1588,-552,-1295,-259,Mar 2020,532424
594,2030,-292,-1816,-79,Mar 2021,532424
595,1451,-844,-380,227,Mar 2022,532424
596,2151,-1758,-794,-402,Mar 2023,532424
597,0,0,0,0,Mar 2014,539254
598,-35,-1864,1902,3,Mar 2015,539254
599,1544,-816,-722,6,Mar 2016,539254
600,2189,-1730,-455,4,Mar 2017,539254
601,2198,-3192,1589,596,Mar 2018,539254
602,2591,-3050,38,-421,Mar 2019,539254
603,5437,-5643,1250,1045,Mar 2020,539254
604,3784,-4009,-745,-969,Mar 2021,539254
605,4097,-3936,-235,-75,Mar 2022,539254
606,,,,,Mar 2012,541154
607,,,,,Mar 2013,541154
608,,,,,Mar 2014,541154
609,,,,,Mar 2015,541154
610,,,,,Mar 2016,541154
611,-423,3021,-164,2433,Mar 2017,541154
612,-734,594,-2540,-2680,Mar 2018,541154
613,-7694,5292,2321,-80,Mar 2019,541154
614,1537,-1334,64,266,Mar 2020,541154
615,15124,-1190,-7070,6864,Mar 2021,541154
616,10040,-12763,-1349,-4072,Mar 2022,541154
617,8836,-5734,-1731,1370,Mar 2023,541154
618,405,-338,-114,-47,Dec 2011,505200
619,496,-773,-111,-388,Dec 2012,505200
620,716,-790,-47,-121,Dec 2013,505200
621,1047,-1214,-162,-329,Dec 2014,505200
622,1463,-1001,-466,-4,Mar 2016,505200
623,1708,-1744,25,-10,Mar 2017,505200
624,2482,-2145,-262,75,Mar 2018,505200
625,1575,-660,-292,623,Mar 2019,505200
626,1694,-1508,-858,-673,Mar 2020,505200
627,1691,-1625,-15,51,Mar 2021,505200
628,1527,-983,-593,-50,Mar 2022,505200
629,2847,-2422,-417,8,Mar 2023,505200
630,964,-13474,12356,-154,Mar 2012,533096
631,3001,-4064,861,-203,Mar 2013,533096
632,3238,-4700,1631,169,Mar 2014,533096
633,5824,-4737,-1144,-58,Mar 2015,533096
634,5257,-2692,-2713,-148,Mar 2016,533096
635,4725,-1212,-3539,-26,Mar 2017,533096
636,5101,-520,-4600,-19,Mar 2018,533096
637,5610,-984,-4663,-37,Mar 2019,533096
638,5598,-2304,-2377,917,Mar 2020,533096
639,7014,-2188,-5655,-828,Mar 2021,533096
640,10233,774,-10338,669,Mar 2022,533096
641,8431,1544,-10408,-434,Mar 2023,533096
642,-840,-141,2496,1515,Mar 2012,532187
643,-486,-174,1969,1309,Mar 2013,532187
644,-4106,-174,4200,-79,Mar 2014,532187
645,-1421,-276,5707,4010,Mar 2015,532187
646,-2927,-258,2517,-667,Mar 2016,532187
647,11569,-285,-2768,8516,Mar 2017,532187
648,-20700,-217,15505,-5412,Mar 2018,532187
649,-6389,-633,8590,1568,Mar 2019,532187
650,-12039,526,12733,1220,Mar 2020,532187
651,44646,-226,-4096,40324,Mar 2021,532187
652,16600,-351,-4302,11947,Mar 2022,532187
653,-12438,-520,1115,-11843,Mar 2023,532187
654,14637,-416,165,14387,Mar 2012,532134
655,23196,-514,-790,21892,Mar 2013,532134
656,42233,-730,5151,46654,Mar 2014,532134
657,17838,-556,-6,17276,Mar 2015,532134
658,-10011,-4005,-616,-14632,Mar 2016,532134
659,17865,-551,-198,17116,Mar 2017,532134
660,-59692,-414,3413,-56692,Mar 2018,532134
661,-1449,-2537,4449,462,Mar 2019,532134
662,18531,-139,14729,33120,Mar 2020,532134
663,-887,-471,-986,-2344,Mar 2021,532134
664,6532,-3645,-1319,1567,Mar 2022,532134
665,-21271,-1096,-5488,-27855,Mar 2023,532134
666,597,-260,-198,138,Mar 2012,500096
667,870,-622,-234,13,Mar 2013,500096
668,1098,-104,-804,190,Mar 2014,500096
669,1047,-876,-417,-245,Mar 2015,500096
670,1187,-730,-374,82,Mar 2016,500096
671,1227,-807,-339,81,Mar 2017,500096
672,1092,-541,-577,-27,Mar 2018,500096
673,1499,338,-1888,-51,Mar 2019,500096
674,1614,-517,-1043,54,Mar 2020,500096
675,2115,-1404,-613,97,Mar 2021,500096
676,1802,-1273,-490,38,Mar 2022,500096
677,1488,-587,-1035,-133,Mar 2023,500096
678,7547,-13220,6237,564,Mar 2012,500440
679,2977,-13801,10278,-545,Mar 2013,500440
680,7956,-8095,1493,1353,Mar 2014,500440
681,7143,-3873,-2437,833,Mar 2015,500440
682,11688,-3220,-8862,-394,Mar 2016,500440
683,12687,-2876,-5552,4259,Mar 2017,500440
684,10898,5333,-16412,-181,Mar 2018,500440
685,11977,-5456,-5466,1055,Mar 2019,500440
686,12745,-7227,6656,12174,Mar 2020,500440
687,17232,-25280,-4882,-12930,Mar 2021,500440
688,16838,-6773,-6765,3300,Mar 2022,500440
689,19208,-8121,-10345,742,Mar 2023,500440
690,338,-204,-131,3,Mar 2012,532488
691,480,-255,-231,-5,Mar 2013,532488
692,557,-305,-248,3,Mar 2014,532488
693,826,-521,-303,3,Mar 2015,532488
694,1038,-406,-631,0,Mar 2016,532488
695,1150,-1140,2,13,Mar 2017,532488
696,776,-478,-314,-17,Mar 2018,532488
697,954,-685,-246,23,Mar 2019,532488
698,1216,-83,-1091,41,Mar 2020,532488
699,1947,75,-35,1987,Mar 2021,532488
700,1912,-2195,-532,-816,Mar 2022,532488
701,2460,-2708,-797,-1045,Mar 2023,532488
702,896,-47,-638,212,Mar 2012,539448
703,1741,-1890,36,-113,Mar 2013,539448
704,1595,-2914,1285,-34,Mar 2014,539448
705,2384,-940,-1308,136,Mar 2015,539448
706,3116,-1337,-1220,559,Mar 2016,539448
707,3782,-3033,-1401,-652,Mar 2017,539448
708,3903,-4152,766,518,Mar 2018,539448
709,3160,-2526,-592,42,Mar 2019,539448
710,6943,-4573,-2407,-37,Mar 2020,539448
711,-1620,3228,-1775,-168,Mar 2021,539448
712,2064,1527,-3088,503,Mar 2022,539448
713,12703,-4055,-8432,216,Mar 2023,539448
714,277,-988,779,68,Mar 2018,542066
715,356,791,-1077,70,Mar 2019,542066
716,492,-461,-102,-71,Mar 2020,542066
717,654,-770,39,-78,Mar 2021,542066
718,736,-1137,422,21,Mar 2022,542066
719,853,-1167,295,-19,Mar 2023,542066
720,1601,-1677,68,-8,Jun 2012,500387
721,1260,-270,-982,8,Jun 2013,500387
722,1401,-1234,-156,11,Jun 2014,500387
723,1239,-990,-259,-10,Jun 2015,500387
724,1566,-1265,-271,31,Mar 2016,500387
725,2202,-2048,-167,-13,Mar 2017,500387
726,1879,-3595,1726,10,Mar 2018,500387
727,2060,-813,-1265,-18,Mar 2019,500387
728,3751,-5373,1591,-31,Mar 2020,500387
729,4094,-2868,-1215,11,Mar 2021,500387
730,2723,-1865,-858,-1,Mar 2022,500387
731,2704,-2409,-315,-20,Mar 2023,500387
732,-3574,55,3602,83,Mar 2012,511243
733,-3754,5,4067,317,Mar 2013,511243
734,-2447,-83,2749,219,Mar 2014,511243
735,-2264,-40,1819,-485,Mar 2015,511243
736,-2809,-137,3031,85,Mar 2016,511243
737,-1468,-222,1692,2,Mar 2017,511243
738,-7926,-60,8009,22,Mar 2018,511243
739,-9317,-11,12191,2862,Mar 2019,511243
740,-2075,-54,2452,323,Mar 2020,511243
741,-8848,-1746,8707,-1888,Mar 2021,511243
742,-5571,1640,5150,1218,Mar 2022,511243
743,-27105,-2148,27466,-1787,Mar 2023,511243
744,,,,,Mar 2013,543066
745,-398,1,475,78,Mar 2014,543066
746,-879,1,1008,130,Mar 2015,543066
747,-1158,1,1141,-17,Mar 2016,543066
748,-2235,-1,2244,9,Mar 2017,543066
749,-2891,128,2953,190,Mar 2018,543066
750,-2327,-76,2824,422,Mar 2019,543066
751,-4063,-77,3923,-218,Mar 2020,543066
752,692,-997,432,127,Mar 2021,543066
753,-4391,-538,5045,115,Mar 2022,543066
754,-6671,-921,7824,232,Mar 2023,543066
755,1532,-445,-473,614,Dec 2011,500425
756,1860,-388,-509,962,Dec 2012,500425
757,1267,-496,-672,99,Dec 2013,500425
758,1675,-456,-721,498,Dec 2014,500425
759,1557,-83,-900,574,Dec 2015,500425
760,2810,-4165,-958,-2312,Dec 2016,500425
761,3416,-738,-1015,1663,Dec 2017,500425
762,1703,-765,-719,220,Dec 2018,500425
763,4739,-1191,-629,2919,Dec 2019,500425
764,4832,-1317,-3956,-441,Dec 2020,500425
765,5309,-2007,-516,2786,Dec 2021,500425
766,,,,,Mar 2023,500425
767,118,-361,-80,-323,Dec 2011,500002
768,-50,-340,211,-179,Dec 2012,500002
769,330,-209,119,240,Dec 2013,500002
770,479,-148,-422,-91,Dec 2014,500002
771,382,-76,42,347,Dec 2015,500002
772,863,-68,-179,615,Dec 2016,500002
773,792,-318,-171,302,Dec 2017,500002
774,625,151,-794,-17,Dec 2018,500002
775,667,-398,-147,123,Dec 2019,500002
776,318,443,-152,609,Dec 2020,500002
777,650,-2008,-127,-1485,Dec 2021,500002
778,742,1826,-140,2428,Dec 2022,500002
779,452,-105,-247,100,Mar 2012,517354
780,638,-144,-252,242,Mar 2013,517354
781,868,-376,-310,183,Mar 2014,517354
782,963,-485,-754,-277,Mar 2015,517354
783,513,-121,-621,-229,Mar 2016,517354
784,767,-220,-98,450,Mar 2017,517354
785,1100,-946,-409,-255,Mar 2018,517354
786,501,185,-318,368,Mar 2019,517354
787,827,-548,-716,-437,Mar 2020,517354
788,660,-763,190,87,Mar 2021,517354
789,1728,-759,-547,421,Mar 2022,517354
790,565,35,-907,-307,Mar 2023,517354
791,179,-953,-239,-1014,Mar 2012,500049
792,-1539,1753,-158,56,Mar 2013,500049
793,-569,759,-213,-23,Mar 2014,500049
794,1434,-839,-209,386,Mar 2015,500049
795,2260,-1470,-318,472,Mar 2016,500049
796,-61,3115,-2857,197,Mar 2017,500049
797,-687,-6,-1202,-1895,Mar 2018,500049
798,1514,-896,-663,-45,Mar 2019,500049
799,2570,-649,-1061,861,Mar 2020,500049
800,5093,-2595,-1076,1422,Mar 2021,500049
801,4207,-4872,-1078,-1742,Mar 2022,500049
802,,,,,Mar 2023,500049
803,1907,-2276,-4379,-4748,Mar 2012,500547
804,5926,-3604,-846,1476,Mar 2013,500547
805,9588,-6881,-3736,-1029,Mar 2014,500547
806,20742,-10536,-9792,414,Mar 2015,500547
807,11119,-9233,-1332,555,Mar 2016,500547
808,9041,-15274,4804,-1429,Mar 2017,500547
809,11068,-7066,-4218,-215,Mar 2018,500547
810,10157,-10451,207,-87,Mar 2019,500547
811,7881,-11135,3583,329,Mar 2020,500547
812,23455,-2474,-13981,7000,Mar 2021,500547
813,20336,-8138,-17672,-5474,Mar 2022,500547
814,12466,-7806,-4402,257,Mar 2023,500547
815,421,78,-455,45,Mar 2012,500490
816,473,-369,-332,-228,Mar 2013,500490
817,872,-519,-326,27,Mar 2014,500490
818,796,-464,-391,-59,Mar 2015,500490
819,1147,1019,-761,1406,Mar 2016,500490
820,-923,-372,-110,-1406,Mar 2017,500490
821,1631,-1123,-434,74,Mar 2018,500490
822,628,-163,-536,-72,Mar 2019,500490
823,1920,-800,-1028,92,Mar 2020,500490
824,272,-308,-37,-73,Mar 2021,500490
825,1610,-151,-1460,-1,Mar 2022,500490
826,1728,-137,-1587,4,Mar 2023,500490
827,1713,-965,-753,-6,Mar 2012,500087
828,1398,-2063,718,53,Mar 2013,500087
829,1563,-1265,-266,33,Mar 2014,500087
830,1173,-950,165,388,Mar 2015,500087
831,1741,-4533,3104,312,Mar 2016,500087
832,2382,-1304,-1326,-248,Mar 2017,500087
833,1463,-834,-385,243,Mar 2018,500087
834,1691,-1688,-349,-345,Mar 2019,500087
835,3068,114,-2949,234,Mar 2020,500087
836,3755,-2374,-1240,141,Mar 2021,500087
837,3326,-1858,-1600,-132,Mar 2022,500087
838,3238,-2389,-958,-109,Mar 2023,500087
839,1613,-971,389,1031,Mar 2012,500124
840,1378,-1437,-157,-216,Mar 2013,500124
841,1970,-1604,-24,342,Mar 2014,500124
842,2524,-2370,-433,-280,Mar 2015,500124
843,3263,-1610,-1700,-47,Mar 2016,500124
844,2144,-1890,-369,-114,Mar 2017,500124
845,1803,-1483,-444,-124,Mar 2018,500124
846,2870,-769,-2133,-31,Mar 2019,500124
847,2984,-495,-2516,-27,Mar 2020,500124
848,3570,-2255,-30,1286,Mar 2021,500124
849,2811,-2565,-242,3,Mar 2022,500124
850,5888,-4137,-2686,-936,Mar 2023,500124
851,665,-563,-53,48,Mar 2012,503806
852,423,-672,300,50,Mar 2013,503806
853,347,-657,205,-106,Mar 2014,503806
854,542,-500,-18,24,Mar 2015,503806
855,1090,-667,-182,241,Mar 2016,503806
856,645,-613,-284,-252,Mar 2017,503806
857,678,-1174,495,-1,Mar 2018,503806
858,896,-1039,246,103,Mar 2019,503806
859,1304,-1179,-199,-73,Mar 2020,503806
860,1772,-1499,-251,22,Mar 2021,503806
861,2106,-1586,-207,312,Mar 2022,503806
862,2902,-2961,220,160,Mar 2023,503806
863,279,156,-438,-3,Mar 2012,500800
864,173,24,186,383,Mar 2013,500800
865,422,-1,-363,57,Mar 2014,500800
866,418,-207,-392,-182,Mar 2015,500800
867,116,145,-282,-21,Mar 2016,500800
868,741,145,-816,70,Mar 2017,500800
869,356,-31,-30,294,Mar 2018,500800
870,210,53,-224,39,Mar 2019,500800
871,1082,-622,-308,152,Mar 2020,500800
872,1656,-346,-426,884,Mar 2021,500800
873,1516,-1317,-995,-796,Mar 2022,500800
874,1461,-834,-714,-87,Mar 2023,500800
875,5111,-9443,3194,-1138,Mar 2012,532155
876,6603,-8626,3642,1618,Mar 2013,532155
877,4615,-4466,-3,146,Mar 2014,532155
878,4214,-2809,-3058,-1653,Mar 2015,532155
879,3960,-904,-3028,29,Mar 2016,532155
880,6024,-334,-5275,415,Mar 2017,532155
881,8769,-2660,-5252,858,Mar 2018,532155
882,7984,-5701,-3364,-1081,Mar 2019,532155
883,8345,-8299,281,328,Mar 2020,532155
884,8993,-4640,-3471,882,Mar 2021,532155
885,9629,-5699,-3916,13,Mar 2022,532155
886,3205,-7640,2972,-1463,Mar 2023,532155
887,397,-352,-119,-74,Mar 2012,531642
888,432,-830,442,44,Mar 2013,531642
889,660,-202,-339,119,Mar 2014,531642
890,665,-186,-625,-147,Mar 2015,531642
891,818,-203,-601,14,Mar 2016,531642
892,649,-125,-574,-51,Mar 2017,531642
893,516,59,-567,8,Mar 2018,531642
894,1062,-367,-698,-3,Mar 2019,531642
895,1214,-22,-1147,45,Mar 2020,531642
896,2007,-933,-1058,16,Mar 2021,531642
897,1016,441,-1290,167,Mar 2022,531642
898,1419,-929,-560,-70,Mar 2023,531642
899,1147,-5963,5798,981,Mar 2012,500400
900,3286,-4026,-593,-1333,Mar 2013,500400
901,6483,-3609,-3265,-392,Mar 2014,500400
902,5981,-3865,-2239,-123,Mar 2015,500400
903,7415,-1805,-6183,-574,Mar 2016,500400
904,7014,-7373,937,579,Mar 2017,500400
905,6364,-1512,-4726,126,Mar 2018,500400
906,4574,-272,-5184,-883,Mar 2019,500400
907,7375,-493,-5110,1773,Mar 2020,500400
908,8345,993,-7603,1736,Mar 2021,500400
909,6693,-6250,-1183,-741,Mar 2022,500400
910,7159,-7375,1341,1125,Mar 2023,500400
911,259,-441,47,-136,Mar 2011,508869
912,387,-468,135,54,Mar 2012,508869
913,443,-733,373,83,Mar 2013,508869
914,373,-356,-63,-46,Mar 2014,508869
915,470,-759,392,103,Mar 2015,508869
916,597,-888,330,39,Mar 2016,508869
917,623,-1152,477,-52,Mar 2017,508869
918,537,-405,-108,24,Mar 2018,508869
919,905,-711,-215,-20,Mar 2019,508869
920,1293,-289,-910,94,Mar 2020,508869
921,1265,-880,-340,44,Mar 2021,508869
922,1628,-678,-793,158,Mar 2022,508869
923,2829,-813,-362,1654,Mar 2012,540133
924,-2641,1564,-514,-1591,Mar 2013,540133
925,-2382,6012,-1091,2539,Mar 2014,540133
926,523,-1822,-966,-2264,Mar 2015,540133
927,3634,27,-1442,2219,Mar 2016,540133
928,4130,-696,-994,2439,Mar 2017,540133
929,5690,-5389,-1188,-887,Mar 2018,540133
930,11377,-7559,-843,2975,Mar 2019,540133
931,8596,-10797,-405,-2606,Mar 2020,540133
932,7314,-5084,1205,3434,Mar 2021,540133
933,1831,-816,-319,696,Mar 2022,540133
934,90,-1145,-112,-1168,Mar 2023,540133
935,176,-71,-48,57,Mar 2012,509480
936,120,-203,128,45,Mar 2013,509480
937,310,-301,-52,-43,Mar 2014,509480
938,414,-184,-198,32,Mar 2015,509480
939,595,-259,-368,-32,Mar 2016,509480
940,394,-308,-82,4,Mar 2017,509480
941,422,-183,-200,38,Mar 2018,509480
942,611,-379,-259,-27,Mar 2019,509480
943,725,-223,-479,22,Mar 2020,509480
944,796,-457,-282,57,Mar 2021,509480
945,566,-521,-78,-33,Mar 2022,509480
946,976,-600,-363,13,Mar 2023,509480
947,756,-1070,22,-292,Mar 2012,532432
948,1969,-1121,-992,-145,Mar 2013,532432
949,-552,-252,1235,431,Mar 2014,532432
950,-196,3855,-4002,-343,Mar 2015,532432
951,283,733,-1155,-139,Mar 2016,532432
952,647,-227,-475,-56,Mar 2017,532432
953,925,104,-966,63,Mar 2018,532432
954,948,-66,-808,74,Mar 2019,532432
955,783,-194,-740,-150,Mar 2020,532432
956,1818,-99,-1707,12,Mar 2021,532432
957,977,-313,-688,-23,Mar 2022,532432
958,615,-53,-501,61,Mar 2023,532432
959,487,-507,-36,-56,Mar 2012,532343
960,464,-120,-402,-58,Mar 2013,532343
961,470,-235,-216,19,Mar 2014,532343
962,83,-415,261,-71,Mar 2015,532343
963,936,-605,-319,12,Mar 2016,532343
964,689,-709,-59,-79,Mar 2017,532343
965,354,-1095,897,156,Mar 2018,532343
966,-918,-1104,2210,188,Mar 2019,532343
967,373,-1090,1619,902,Mar 2020,532343
968,1151,-882,264,532,Mar 2021,532343
969,-1560,-1486,2918,-128,Mar 2022,532343
970,-4405,-1308,6118,406,Mar 2023,532343
971,,,,,Mar 2014,543458
972,-64,-396,459,-1,Mar 2017,543458
973,1601,-916,-645,39,Mar 2018,543458
974,1680,-935,-742,2,Mar 2019,543458
975,793,-518,-7,268,Mar 2020,543458
976,741,-499,-531,-289,Mar 2021,543458
977,1154,-3848,2716,22,Mar 2022,543458
978,514,599,-919,194,Mar 2023,543458
979,-3245,-177,556,-2865,Mar 2012,500116
980,-299,-123,329,-92,Mar 2013,500116
981,-1998,-223,1110,-1111,Mar 2014,500116
982,-1991,-272,-61,-2323,Mar 2015,500116
983,-567,-715,2927,1645,Mar 2016,500116
984,8000,-464,1889,9424,Mar 2017,500116
985,-12514,720,12843,1049,Mar 2018,500116
986,-34215,116,21622,-12477,Mar 2019,500116
987,208,-296,9279,9191,Mar 2020,500116
988,10214,-59,-5342,4813,Mar 2021,500116
989,-3932,-192,-4383,-8508,Mar 2022,500116
990,-2601,-294,-3565,-6460,Mar 2023,500116
991,395,-233,-68,94,Mar 2011,500420
992,486,-137,-193,156,Mar 2012,500420
993,153,-247,20,-73,Mar 2013,500420
994,599,-418,86,268,Mar 2014,500420
995,810,-2113,1212,-90,Mar 2015,500420
996,2742,-869,-1435,437,Mar 2016,500420
997,1009,-798,-193,18,Mar 2017,500420
998,894,-4677,3417,-366,Mar 2018,500420
999,1798,-246,-1314,238,Mar 2019,500420
1000,1393,229,-1549,73,Mar 2020,500420
1001,2005,-444,-1651,-89,Mar 2021,500420
1002,1803,-196,-1781,-174,Mar 2022,500420
1003,413,-462,248,199,Mar 2012,500093
1004,425,-1138,799,86,Mar 2013,500093
1005,320,-98,10,232,Mar 2014,500093
1006,-672,429,157,-87,Mar 2015,500093
1007,-61,432,-222,149,Mar 2016,500093
1008,-540,497,50,7,Mar 2017,500093
1009,380,-1031,514,-138,Mar 2018,500093
1010,811,-745,-213,-147,Mar 2019,500093
1011,692,-178,-528,-14,Mar 2020,500093
1012,-242,-51,590,297,Mar 2021,500093
1013,485,227,-800,-89,Mar 2022,500093
1014,947,-21,-612,315,Mar 2023,500093
1015,445,197,-426,216,Dec 2011,500530
1016,871,-824,-156,-108,Dec 2012,500530
1017,1057,-846,-238,-27,Dec 2013,500530
1018,1396,-1183,-237,-24,Mar 2015,500530
1019,1318,-995,-356,-33,Mar 2016,500530
1020,1457,1246,-2670,33,Mar 2017,500530
1021,1729,-1170,-325,234,Mar 2018,500530
1022,593,1766,-2531,-172,Mar 2019,500530
1023,1336,-873,-399,64,Mar 2020,500530
1024,835,-463,-338,34,Mar 2021,500530
1025,271,-34,-383,-146,Mar 2022,500530
1026,1214,262,-1239,236,Mar 2023,500530
1027,,,,,Mar 2018,543320
1028,,,,,Mar 2019,543320
1029,-2144,1740,359,-45,Mar 2020,543320
1030,-1018,-5245,6402,139,Mar 2021,543320
1031,-693,-7971,8750,86,Mar 2022,543320
1032,,,,,Mar 2023,543320
1033,429,-339,-106,-16,Mar 2012,517334
1034,600,-354,-200,45,Mar 2013,517334
1035,669,-305,-412,-48,Mar 2014,517334
1036,821,-158,-535,128,Mar 2015,517334
1037,678,-19,-790,-131,Mar 2016,517334
1038,713,-3869,3327,171,Mar 2017,517334
1039,839,-259,-664,-84,Mar 2018,517334
1040,942,-271,-640,32,Mar 2019,517334
1041,1036,-47,-893,97,Mar 2020,517334
1042,340,-3696,3413,57,Mar 2021,517334
1043,368,909,-939,338,Mar 2022,517334
1044,,,,,Mar 2023,517334
1045,-25,-397,451,29,Mar 2012,532461
1046,-692,-600,-694,-1987,Mar 2013,532461
1047,16906,-302,2129,18733,Mar 2014,532461
1048,4814,-872,7451,11393,Mar 2015,532461
1049,14167,-1352,5975,18790,Mar 2016,532461
1050,21938,159,-9767,12330,Mar 2017,532461
1051,-1742,392,7460,6109,Mar 2018,532461
1052,-33532,-629,13969,-20192,Mar 2019,532461
1053,-12793,-338,13591,460,Mar 2020,532461
1054,30950,-787,5415,35579,Mar 2021,532461
1055,19932,-1104,2032,20859,Mar 2022,532461
1056,22592,-732,1275,23135,Mar 2023,532461
1057,2963,-1616,-1414,-66,Mar 2014,500182
1058,2186,31,-2131,86,Mar 2015,500182
1059,3722,-2300,-1475,-53,Mar 2016,500182
1060,4007,-1972,-2036,-1,Mar 2017,500182
1061,4017,-1858,-2102,57,Mar 2018,500182
1062,1032,1298,-2252,78,Mar 2019,500182
1063,5518,-2819,-2602,97,Mar 2020,500182
1064,4110,-2289,-1852,-31,Mar 2021,500182
1065,2104,-222,-1975,-94,Mar 2022,500182
1066,2614,-421,-2147,45,Mar 2023,500182
1067,-660,-308,-1556,-2525,Mar 2012,532483
1068,8010,-435,-1043,6532,Mar 2013,532483
1069,14244,-380,-3771,10092,Mar 2014,532483
1070,6344,-1104,-1464,3776,Mar 2015,532483
1071,9346,-443,-806,8096,Mar 2016,532483
1072,2575,-476,124,2224,Mar 2017,532483
1073,-11120,-487,2865,-8743,Mar 2018,532483
1074,18237,-745,-1185,16307,Mar 2019,532483
1075,-5289,-445,7792,2059,Mar 2020,532483
1076,59118,-1116,290,58291,Mar 2021,532483
1077,919,-1429,4035,3525,Mar 2022,532483
1078,-39978,-1238,445,-40770,Mar 2023,532483
1079,156,-104,-48,4,Mar 2017,543220
1080,166,-124,-48,-6,Mar 2018,543220
1081,89,-17,-74,-2,Mar 2019,543220
1082,77,-2641,2353,-210,Mar 2020,543220
1083,118,206,191,516,Mar 2021,543220
1084,748,-772,-294,-317,Mar 2022,543220
1085,1209,-1187,-289,-266,Mar 2023,543220
1086,547,455,-1052,-50,Mar 2012,500850
1087,502,-345,-117,39,Mar 2013,500850
1088,539,-297,-212,30,Mar 2014,500850
1089,495,-726,491,260,Mar 2015,500850
1090,619,341,-1196,-237,Mar 2016,500850
1091,535,848,-1381,1,Mar 2017,500850
1092,492,-521,96,67,Mar 2018,500850
1093,711,-387,-343,-19,Mar 2019,500850
1094,823,-497,-265,62,Mar 2020,500850
1095,-319,-118,280,-157,Mar 2021,500850
1096,672,-1641,1659,689,Mar 2022,500850
1097,1619,-145,-1528,-53,Mar 2023,500850
1098,-90,-137,207,-20,Mar 2012,500251
1099,31,-276,147,-97,Mar 2013,500251
1100,-46,-48,-50,-145,Mar 2014,500251
1101,-10,-306,310,-6,Mar 2015,500251
1102,109,-98,-13,-2,Mar 2016,500251
1103,102,-44,-51,7,Mar 2017,500251
1104,77,-4,-74,-1,Mar 2018,500251
1105,21,-37,37,21,Mar 2019,500251
1106,361,-809,452,5,Mar 2020,500251
1107,285,18,-283,20,Mar 2021,500251
1108,58,56,-108,6,Mar 2022,500251
1109,595,-103,-491,1,Mar 2023,500251
1110,1028,-1205,4,-174,Mar 2012,540716
1111,984,-962,102,124,Mar 2013,540716
1112,595,-706,4,-108,Mar 2014,540716
1113,-98,171,-93,-20,Mar 2015,540716
1114,511,-310,-148,53,Mar 2016,540716
1115,1628,-1990,361,-1,Mar 2017,540716
1116,2390,-1896,-96,398,Mar 2018,540716
1117,2976,-2856,-310,-190,Mar 2019,540716
1118,3433,-3382,-420,-369,Mar 2020,540716
1119,1774,-1367,-212,195,Mar 2021,540716
1120,809,135,-879,65,Mar 2022,540716
1121,2290,-1685,-695,-90,Mar 2023,540716
1122,162,-680,-178,-696,Mar 2012,512070
1123,1699,-765,-72,862,Mar 2013,512070
1124,1441,-427,-1680,-667,Mar 2014,512070
1125,1409,-463,-991,-45,Mar 2015,512070
1126,1396,-1734,469,131,Mar 2016,512070
1127,2585,-1022,140,1703,Mar 2017,512070
1128,2839,-2059,-801,-21,Mar 2018,512070
1129,2356,-31282,28893,-33,Mar 2019,512070
1130,8739,-2666,-2175,3898,Mar 2020,512070
1131,7212,-2426,-6713,-1927,Mar 2021,512070
1132,6496,-3575,-1921,1000,Mar 2022,512070
1133,7751,-1490,-6227,34,Mar 2023,512070
1134,3922,-6171,2235,-13,Mar 2012,532286
1135,3522,-9591,6111,43,Mar 2013,532286
1136,4580,-12694,8879,766,Mar 2014,532286
1137,1182,-6717,5708,173,Mar 2015,532286
1138,4333,-2262,-2672,-601,Mar 2016,532286
1139,6850,-1998,-5108,-256,Mar 2017,532286
1140,7724,-1431,-6276,17,Mar 2018,532286
1141,9027,-832,-8261,-67,Mar 2019,532286
1142,8814,-1476,-7016,322,Mar 2020,532286
1143,11961,-1884,-4612,5465,Mar 2021,532286
1144,16048,-2331,-15120,-1403,Mar 2022,532286
1145,7276,-4018,-2500,757,Mar 2023,532286
