,Sales +,Expenses +,Operating Profit,OPM %,Other Income +,Interest,Depreciation,Profit before tax,Tax %,Net Profit,EPS in Rs,Raw PDF,quarter(10yrs),ScripCode,Revenue,Financing Profit,Financing Margin %,Gross NPA %,Net NPA %
0,136492,114487,22005,16%,-386,6064,6332,9223,29%,6546,9.39,,Mar 2020,500325,,,,,
1,88253,71378,16875,19%,9676,6735,6308,13508,2%,13248,20.87,,Jun 2020,500325,,,,,
2,111236,92291,18945,17%,4354,6084,6626,10589,-0%,10602,15.09,,Sep 2020,500325,,,,,
3,117860,96294,21566,18%,4407,4326,6665,14982,1%,14894,20.67,,Dec 2020,500325,,,,,
4,149575,126224,23351,16%,4048,4044,6973,16382,8%,14995,20.86,,Mar 2021,500325,,,,,
5,139949,116618,23331,17%,4219,3397,6883,17270,20%,13806,19.36,,Jun 2021,500325,,,,,
6,167611,141591,26020,16%,4263,3819,7230,19234,20%,15479,21.58,,Sep 2021,500325,,,,,
7,185027,155321,29706,16%,7016,3812,7683,25227,19%,20539,27.42,,Dec 2021,500325,,,,,
8,207375,176009,31366,15%,2602,3556,8001,22411,20%,18021,23.95,,Mar 2022,500325,,,,,
9,219304,181372,37932,17%,2247,3997,8946,27236,29%,19443,26.54,,Jun 2022,500325,,,,,
10,230055,198906,31149,14%,3514,4554,9730,20379,24%,15512,20.19,,Sep 2022,500325,,,,,
11,217164,181917,35247,16%,3213,5201,10187,23072,23%,17806,23.34,,Dec 2022,500325,,,,,
12,212945,174505,38440,18%,2949,5819,11456,24114,12%,21327,28.53,,Mar 2023,500325,,,,,
13,39946,28970,10976,27%,738,251,951,10512,23%,8093,21.45,,Mar 2020,532540,,,,,
14,38322,28298,10024,26%,598,142,976,9504,26%,7049,18.68,,Jun 2020,532540,,,,,
15,40135,28622,11513,29%,-304,174,998,10037,25%,7504,19.92,,Sep 2020,532540,,,,,
16,42015,29807,12208,29%,691,183,1024,11692,25%,8727,23.19,,Dec 2020,532540,,,,,
17,43705,30904,12801,29%,931,138,1067,12527,26%,9282,25.00,,Mar 2021,532540,,,,,
18,45411,32748,12663,28%,721,146,1075,12163,26%,9031,24.35,,Jun 2021,532540,,,,,
19,46867,33751,13116,28%,1111,142,1116,12969,26%,9653,26.02,,Sep 2021,532540,,,,,
20,48885,35452,13433,27%,1205,251,1196,13191,26%,9806,26.41,,Dec 2021,532540,,,,,
21,50591,36746,13845,27%,981,245,1217,13364,25%,9959,27.13,,Mar 2022,532540,,,,,
22,52758,39342,13416,25%,789,199,1230,12776,25%,9519,25.90,,Jun 2022,532540,,,,,
23,55309,40793,14516,26%,965,148,1237,14096,26%,10465,28.51,,Sep 2022,532540,,,,,
24,58229,42676,15553,27%,520,160,1269,14644,26%,10883,29.64,,Dec 2022,532540,,,,,
25,59162,43388,15774,27%,1175,272,1286,15391,26%,11436,31.13,,Mar 2023,532540,,,,,
26,,13077,,,6492,15529,0,9682,25%,7297,13.28,,Mar 2020,500180,31795,3190,10%,,
27,,11751,,,4347,15608,0,9340,26%,6941,12.62,,Jun 2020,500180,32352,4993,15%,,
28,,13028,,,6696,15033,0,10378,26%,7711,14.00,,Sep 2020,500180,31742,3682,12%,,
29,,13503,,,7987,14523,0,11813,26%,8760,15.92,,Dec 2020,500180,31852,3826,12%,,
30,,15561,,,8303,14083,0,11266,25%,8444,15.30,,Mar 2021,500180,32607,2963,9%,,
31,,14073,,,6680,14218,0,10642,25%,7940,14.33,,Jun 2021,500180,32254,3962,12%,,
32,,14698,,,7916,14415,0,12324,26%,9120,16.43,,Sep 2021,500180,33520,4408,13%,,
33,,14423,,,8777,14724,0,14218,25%,10616,19.11,,Dec 2021,500180,34588,5441,16%,,
34,,15044,,,8386,15227,0,13690,23%,10475,18.83,,Mar 2022,500180,35574,5304,15%,,
35,,15021,,,6929,16358,0,12823,25%,9617,17.25,,Jun 2022,500180,37274,5895,16%,,
36,,15915,,,8252,18311,0,14956,25%,11163,19.97,,Sep 2022,500180,40930,6704,16%,,
37,,16682,,,9121,20505,0,16936,25%,12735,22.77,,Dec 2022,500180,45002,7815,17%,,
38,,17770,,,9610,22606,0,16783,25%,12634,22.57,,Mar 2023,500180,47548,7172,15%,,
39,,27119,,,18381,11025,0,1977,18%,1613,1.93,,Mar 2020,532174,21741,-16403,-75%,2.02%,0.90%
40,,22005,,,15517,11347,0,4587,22%,3587,4.81,,Jun 2020,532174,22423,-10929,-49%,2.04%,0.75%
41,,21504,,,17095,10945,0,6873,21%,5426,7.08,,Sep 2020,532174,22226,-10222,-46%,,
42,,22484,,,18241,10412,0,7558,20%,6020,7.96,,Dec 2020,532174,22214,-10683,-48%,,
43,,26656,,,21322,9955,0,7010,24%,5331,7.07,,Mar 2021,532174,22300,-14311,-64%,,
44,,18842,,,12737,10068,0,6443,26%,4919,6.88,,Jun 2021,532174,22615,-6294,-28%,,
45,,21041,,,16261,10093,0,8606,24%,6571,8.78,,Sep 2021,532174,23478,-7656,-33%,,
46,,20470,,,15745,10372,0,9216,24%,6960,9.41,,Dec 2021,532174,24314,-6528,-27%,,
47,,21775,,,18013,10634,0,10604,24%,8089,11.11,,Mar 2022,532174,24999,-7410,-30%,,
48,,18137,,,13271,11089,0,10203,25%,7698,10.62,,Jun 2022,532174,26159,-3068,-12%,,
49,,22336,,,16634,11997,0,11151,25%,8361,11.49,,Sep 2022,532174,28850,-5483,-19%,,
50,,22946,,,16470,12978,0,12165,25%,9166,12.60,,Dec 2022,532174,31619,-4305,-14%,,
51,,25959,,,19735,14479,0,13735,25%,10236,14.11,,Mar 2023,532174,34439,-6000,-17%,,
52,9211,7119,2092,23%,205,30,271,1996,24%,1512,7.00,,Mar 2020,500696,,,,,
53,10731,8036,2695,25%,35,31,257,2442,22%,1897,8.08,,Jun 2020,500696,,,,,
54,11683,8758,2925,25%,10,31,265,2639,25%,1974,8.40,,Sep 2020,500696,,,,,
55,12181,9218,2963,24%,3,44,286,2636,26%,1938,8.24,,Dec 2020,500696,,,,,
56,12433,9391,3042,24%,123,11,266,2888,24%,2190,9.30,,Mar 2021,500696,,,,,
57,12194,9273,2921,24%,39,13,260,2687,22%,2100,8.92,,Jun 2021,500696,,,,,
58,13046,9820,3226,25%,51,28,281,2968,26%,2185,9.28,,Sep 2021,500696,,,,,
59,13439,10030,3409,25%,-7,27,272,3103,26%,2300,9.78,,Dec 2021,500696,,,,,
60,13767,10466,3301,24%,136,38,278,3121,26%,2307,9.81,,Mar 2022,500696,,,,,
61,14624,11222,3402,23%,121,28,281,3214,26%,2391,10.13,,Jun 2022,500696,,,,,
62,15144,11665,3479,23%,80,28,272,3259,18%,2670,11.34,,Sep 2022,500696,,,,,
63,15597,11903,3694,24%,7,29,293,3379,27%,2481,10.53,,Dec 2022,500696,,,,,
64,15215,11642,3573,23%,239,29,291,3492,26%,2601,11.07,,Mar 2023,500696,,,,,
65,23267,17591,5676,24%,614,45,749,5496,21%,4335,10.15,,Mar 2020,500209,,,,,
66,23665,17544,6121,26%,475,48,756,5792,26%,4272,9.94,,Jun 2020,500209,,,,,
67,24570,17487,7083,29%,570,48,855,6750,28%,4858,11.37,,Sep 2020,500209,,,,,
68,25927,18512,7415,29%,611,49,826,7151,27%,5215,12.20,,Dec 2020,500209,,,,,
69,26311,19040,7271,28%,545,50,831,6935,27%,5078,11.91,,Mar 2021,500209,,,,,
70,27896,20464,7432,27%,622,49,829,7176,28%,5201,12.20,,Jun 2021,500209,,,,,
71,29602,21771,7831,26%,524,48,859,7448,27%,5428,12.89,,Sep 2021,500209,,,,,
72,31867,23484,8383,26%,512,53,899,7943,27%,5822,13.81,,Dec 2021,500209,,,,,
73,32276,24430,7846,24%,637,50,890,7543,24%,5695,13.52,,Mar 2022,500209,,,,,
74,34470,26606,7864,23%,676,56,950,7534,29%,5362,12.74,,Jun 2022,500209,,,,,
75,36538,27636,8902,24%,584,66,1029,8391,28%,6026,14.31,,Sep 2022,500209,,,,,
76,38318,28951,9367,24%,769,80,1125,8931,26%,6586,15.70,,Dec 2022,500209,,,,,
77,37441,28443,8998,24%,671,82,1121,8466,28%,6134,14.77,,Mar 2023,500209,,,,,
78,11782,7279,4504,38%,668,15,413,4743,17%,3927,3.14,,Mar 2020,500875,,,,,
79,10478,7533,2946,28%,925,16,419,3436,25%,2563,2.04,,Jun 2020,500875,,,,,
80,12077,7676,4401,36%,582,13,405,4565,25%,3413,2.74,,Sep 2020,500875,,,,,
81,13080,8295,4785,37%,546,13,413,4905,27%,3587,2.87,,Dec 2020,500875,,,,,
82,14342,9471,4871,34%,579,3,409,5039,24%,3820,3.05,,Mar 2021,500875,,,,,
83,13247,8804,4444,34%,447,9,414,4467,25%,3344,2.66,,Jun 2021,500875,,,,,
84,13757,8740,5018,36%,469,10,422,5055,26%,3766,3.01,,Sep 2021,500875,,,,,
85,17108,11510,5598,33%,422,10,430,5580,26%,4127,3.29,,Dec 2021,500875,,,,,
86,16556,10956,5599,34%,499,11,467,5620,24%,4266,3.40,,Mar 2022,500875,,,,,
87,18489,12412,6077,33%,321,9,438,5950,25%,4472,3.56,,Jun 2022,500875,,,,,
88,17108,10849,6259,37%,455,13,462,6239,25%,4682,3.73,,Sep 2022,500875,,,,,
89,17705,11000,6705,38%,595,9,447,6844,26%,5080,4.03,,Dec 2022,500875,,,,,
90,17635,11011,6624,38%,683,12,461,6833,24%,5243,4.16,,Mar 2023,500875,,,,,
91,,50113,,,30934,40392,0,6304,28%,7273,7.74,,Mar 2020,500112,65875,-24630,-37%,6.07%,2.20%
92,,41838,,,19412,40301,0,7212,28%,5267,5.35,,Jun 2020,500112,69940,-12199,-17%,5.36%,1.83%
93,,49043,,,25330,39023,0,7307,26%,5511,5.88,,Sep 2020,500112,70043,-18024,-26%,,
94,,50270,,,27082,38297,0,8615,26%,6614,7.01,,Dec 2020,500112,70100,-18467,-26%,,
95,,55380,,,35398,38389,0,9661,25%,6495,6.86,,Mar 2021,500112,68033,-25737,-38%,,
96,,44698,,,24307,38249,0,10320,27%,7703,8.27,,Jun 2021,500112,68960,-13987,-20%,,
97,,42676,,,20696,38638,0,12411,26%,9342,9.96,,Sep 2021,500112,73029,-8285,-11%,,
98,,52015,,,31152,39363,0,13150,26%,9948,10.71,,Dec 2021,500112,73376,-18002,-25%,,
99,,54233,,,33427,39944,0,13858,28%,10191,10.70,,Mar 2022,500112,74608,-19569,-26%,,
100,,42328,,,17743,41931,0,10265,27%,7796,8.21,,Jun 2022,500112,76781,-7478,-10%,,
101,,49208,,,30320,45232,0,20342,26%,15297,16.53,,Sep 2022,500112,84463,-9977,-12%,,
102,,56498,,,35701,49366,0,21355,27%,15888,17.34,,Dec 2022,500112,91518,-14346,-16%,,
103,,59965,,,38769,53451,0,23436,22%,18769,20.27,,Mar 2023,500112,98083,-15334,-16%,,
104,,5414,,,1650,7800,84,4951,12%,4342,23.76,,Mar 2020,500010,16600,3386,20%,,
105,,18715,,,1607,7942,86,4816,16%,4059,20.83,,Jun 2020,500010,29954,3296,11%,,
106,,22219,,,1650,7518,89,5906,15%,5035,25.61,,Sep 2020,500010,34083,4346,13%,,
107,,27172,,,1769,6954,91,6811,16%,5724,28.76,,Dec 2020,500010,39259,5133,13%,,
108,,24212,,,1933,6666,89,6704,15%,5669,29.66,,Mar 2021,500010,35738,4860,14%,,
109,,19875,,,1891,6624,87,6295,16%,5311,27.92,,Jun 2021,500010,30991,4492,14%,,
110,,27228,,,2189,6684,88,6779,16%,5670,29.08,,Sep 2021,500010,38591,4679,12%,,
111,,19562,,,2470,6995,90,7121,13%,6169,32.23,,Dec 2021,500010,31298,4740,15%,,
112,,22373,,,2461,6925,153,8056,14%,6892,35.62,,Mar 2022,500010,35047,5748,16%,,
113,,10997,,,2195,7688,150,6544,15%,5574,29.26,,Jun 2022,500010,23183,4499,19%,,
114,,29749,,,2965,8762,150,8221,14%,7043,36.06,,Sep 2022,500010,43917,5406,12%,,
115,,26127,,,3064,9932,152,8061,12%,7078,36.54,,Dec 2022,500010,41206,5148,12%,,
116,,27719,,,2999,10464,146,9305,14%,8005,41.56,,Mar 2023,500010,44634,6451,14%,,
117,23019,13526,9493,41%,-5614,4147,6862,-7129,30%,-4977,-8.96,,Mar 2020,532454,,,,,
118,23939,13531,10408,43%,-11099,3456,7227,-11374,-34%,-15191,-27.26,,Jun 2020,532454,,,,,
119,25060,14283,10777,43%,680,3791,7286,380,109%,-34,-1.31,,Sep 2020,532454,,,,,
120,26518,14685,11832,45%,5299,3972,7503,5657,76%,1350,1.46,,Dec 2020,532454,,,,,
121,25747,13415,12332,48%,1052,3861,7502,2021,25%,1511,1.29,,Mar 2021,532454,,,,,
122,26854,13873,12980,48%,735,4226,7714,1776,47%,941,0.48,,Jun 2021,532454,,,,,
123,28326,14516,13810,49%,1430,3964,8247,3029,34%,1998,1.93,,Sep 2021,532454,,,,,
124,29867,15164,14703,49%,853,4367,8547,2642,38%,1651,1.41,,Dec 2021,532454,,,,,
125,31500,15460,16040,51%,1638,4059,8583,5037,26%,3715,3.41,,Mar 2022,532454,,,,,
126,32805,16275,16529,50%,355,4511,8781,3592,31%,2469,2.73,,Jun 2022,532454,,,,,
127,34527,16933,17594,51%,559,4940,8947,4265,30%,2979,3.86,,Sep 2022,532454,,,,,
128,35804,17720,18085,51%,-412,4686,9298,3689,29%,2614,2.85,,Dec 2022,532454,,,,,
129,36009,17312,18697,52%,886,5163,9406,5014,16%,4226,5.39,,Mar 2023,532454,,,,,
130,,3320,,,4,2547,85,1278,26%,948,15.76,,Mar 2020,500034,7227,1359,19%,1.61%,0.65%
131,,2758,,,2,2498,84,1310,27%,962,15.99,,Jun 2020,500034,6648,1392,21%,1.40%,0.50%
132,,2785,,,7,2358,72,1305,26%,965,16.01,,Sep 2020,500034,6513,1370,21%,1.03%,0.37%
133,,2662,,,2,2363,80,1555,26%,1146,19.02,,Dec 2020,500034,6656,1632,25%,0.55%,0.19%
134,,2747,,,4,2196,90,1823,26%,1347,22.35,,Mar 2021,500034,6851,1908,28%,1.79%,0.75%
135,,3035,,,1,2254,89,1366,27%,1002,16.61,,Jun 2021,500034,6742,1454,22%,2.96%,1.46%
136,,3236,,,1,2398,95,2004,26%,1481,24.54,,Sep 2021,500034,7731,2098,27%,2.45%,1.10%
137,,3040,,,2,2535,97,2868,26%,2125,35.21,,Dec 2021,500034,8537,2962,35%,1.73%,0.78%
138,,2691,,,3,2568,104,3265,26%,2420,39.96,,Mar 2022,500034,8626,3367,39%,1.60%,0.68%
139,,3023,,,2,2645,111,3503,26%,2596,42.88,,Jun 2022,500034,9281,3612,39%,1.25%,0.51%
140,,3128,,,2,2971,121,3752,26%,2781,45.93,,Sep 2022,500034,9970,3871,39%,1.17%,0.44%
141,,3305,,,2,3351,119,4012,26%,2973,49.11,,Dec 2022,500034,10784,4129,38%,1.14%,0.41%
142,,3378,,,5,3592,134,4261,26%,3158,52.16,,Mar 2023,500034,11360,4390,39%,0.94%,0.34%
143,,5492,,,3651,3801,117,2674,27%,1905,9.96,,Mar 2020,500247,8434,-859,-10%,2.16%,0.70%
144,,6260,,,3901,3628,0,2435,24%,1853,9.36,,Jun 2020,500247,8422,-1466,-17%,2.67%,0.89%
145,,6348,,,5236,3286,0,3914,25%,2947,14.89,,Sep 2020,500247,8313,-1321,-16%,2.55%,0.70%
146,,8096,,,6537,3120,0,3455,25%,2602,13.14,,Dec 2020,500247,8134,-3082,-38%,2.25%,0.53%
147,,9429,,,7773,2933,0,3364,24%,2589,13.07,,Mar 2021,500247,7952,-4410,-55%,3.22%,1.23%
148,,7202,,,4529,2851,0,2519,29%,1806,9.11,,Jun 2021,500247,8043,-2009,-25%,3.58%,1.34%
149,,8532,,,7110,2880,0,3931,25%,2989,15.07,,Sep 2021,500247,8233,-3179,-39%,3.16%,1.09%
150,,6839,,,5543,2919,0,4411,24%,3403,17.15,,Dec 2021,500247,8626,-1132,-13%,2.75%,0.87%
151,,8555,,,7838,2904,131,5087,24%,3892,19.61,,Mar 2022,500247,8838,-2620,-30%,2.37%,0.71%
152,,4969,,,2495,3004,0,3686,26%,2755,13.88,,Jun 2022,500247,9164,1191,13%,2.27%,0.69%
153,,9391,,,7519,3374,0,4747,25%,3608,18.17,,Sep 2022,500247,9994,-2772,-28%,2.09%,0.60%
154,,9150,,,7319,3802,153,5224,24%,3995,20.12,,Dec 2022,500247,11011,-1941,-18%,1.91%,0.48%
155,,10346,,,8749,4230,167,5989,24%,4566,22.99,,Mar 2023,500247,11982,-2594,-22%,1.76%,0.41%
156,189073,185274,3799,2%,115,0,0,3914,26%,2893,,,Mar 2021,543526,,,,,
157,81726,152575,-70849,-87%,72432,0,0,1582,100%,3,,,Jun 2021,543526,,,,,
158,180905,181696,-791,-0%,5411,0,0,4621,69%,1434,2.27,,Sep 2021,543526,,,,,
159,174270,171233,3037,2%,392,0,0,3429,93%,235,0.37,,Dec 2021,543526,,,,,
160,211326,209220,2106,1%,208,0,0,2313,-3%,2372,3.75,,Mar 2022,543526,,,,,
161,168071,236492,-68422,-41%,70530,0,0,2108,68%,683,1.08,,Jun 2022,543526,,,,,
162,216355,285094,-68739,-32%,90114,0,0,21376,25%,15952,25.22,,Sep 2022,543526,,,,,
163,196958,193351,3607,2%,234,0,0,3841,-65%,6334,10.01,,Dec 2022,543526,,,,,
164,200179,186381,13797,7%,578,0,0,14375,7%,13428,21.23,,Mar 2023,543526,,,,,
165,44245,37189,7057,16%,793,2756,711,4382,22%,3562,22.77,,Mar 2020,500510,,,,,
166,21260,17536,3724,18%,961,3160,672,853,24%,544,2.16,,Jun 2020,500510,,,,,
167,31035,25715,5320,17%,4973,3027,713,6552,10%,5824,39.32,,Sep 2020,500510,,,,,
168,35596,29531,6066,17%,1274,2748,702,3890,27%,2858,17.57,,Dec 2020,500510,,,,,
169,48088,40007,8081,17%,1028,2670,817,5623,37%,3696,23.44,,Mar 2021,500510,,,,,
170,29335,26163,3171,11%,648,827,717,2275,32%,1532,8.36,,Jun 2021,500510,,,,,
171,34773,30778,3995,11%,629,779,729,3116,28%,2232,12.95,,Sep 2021,500510,,,,,
172,39563,33581,5982,15%,571,2267,732,3554,30%,2517,14.63,,Dec 2021,500510,,,,,
173,52851,44892,7959,15%,516,2147,769,5558,28%,4138,25.77,,Mar 2022,500510,,,,,
174,35853,31897,3957,11%,695,756,963,2932,22%,2228,12.11,,Jun 2022,500510,,,,,
175,42763,36400,6362,15%,739,2304,860,3937,28%,2785,15.86,,Sep 2022,500510,,,,,
176,46390,39736,6653,14%,891,2383,825,4336,29%,3058,18.17,,Dec 2022,500510,,,,,
177,58335,49981,8354,14%,741,2334,854,5907,25%,4459,28.37,,Mar 2023,500510,,,,,
178,18587,13729,4858,26%,147,124,996,3885,18%,3172,11.69,,Mar 2020,532281,,,,,
179,17842,13085,4757,27%,295,125,1065,3862,24%,2935,10.80,,Jun 2020,532281,,,,,
180,18594,13476,5118,28%,199,80,1092,4145,24%,3146,11.58,,Sep 2020,532281,,,,,
181,19302,13678,5624,29%,189,147,1187,4479,11%,3977,14.63,,Dec 2020,532281,,,,,
182,19641,15092,4549,23%,244,159,1267,3367,67%,1111,4.06,,Mar 2021,532281,,,,,
183,20068,15006,5062,25%,255,89,1128,4100,22%,3213,11.81,,Jun 2021,532281,,,,,
184,20655,15633,5022,24%,240,83,1078,4101,20%,3263,12.01,,Sep 2021,532281,,,,,
185,22331,16938,5393,24%,255,82,1136,4430,22%,3448,12.68,,Dec 2021,532281,,,,,
186,22597,17545,5052,22%,317,65,984,4320,17%,3599,13.24,,Mar 2022,532281,,,,,
187,23464,18489,4975,21%,409,64,983,4337,24%,3281,12.10,,Jun 2022,532281,,,,,
188,24686,19261,5425,22%,236,79,998,4584,24%,3487,12.86,,Sep 2022,532281,,,,,
189,26700,20335,6365,24%,260,116,1137,5372,24%,4096,15.09,,Dec 2022,532281,,,,,
190,26606,20743,5863,22%,453,94,1027,5195,23%,3981,14.68,,Mar 2023,532281,,,,,
191,4636,3776,860,19%,60,26,194,699,31%,480,4.82,,Mar 2020,500820,,,,,
192,2923,2453,470,16%,47,20,191,306,28%,220,2.28,,Jun 2020,500820,,,,,
193,5350,4085,1265,24%,94,21,194,1146,26%,852,8.66,,Sep 2020,500820,,,,,
194,6788,5001,1788,26%,123,21,193,1697,25%,1265,12.91,,Dec 2020,500820,,,,,
195,6651,5333,1318,20%,81,30,213,1156,25%,870,8.88,,Mar 2021,500820,,,,,
196,5585,4674,911,16%,90,21,201,779,26%,574,5.93,,Jun 2021,500820,,,,,
197,7096,6192,904,13%,148,24,203,826,27%,605,6.21,,Sep 2021,500820,,,,,
198,8527,6985,1542,18%,87,27,208,1394,26%,1031,10.59,,Dec 2021,500820,,,,,
199,7893,6449,1443,18%,-26,23,205,1189,26%,874,8.87,,Mar 2022,500820,,,,,
200,8607,7051,1556,18%,88,29,208,1407,26%,1036,10.60,,Jun 2022,500820,,,,,
201,8458,7230,1228,15%,118,35,216,1094,27%,804,8.16,,Sep 2022,500820,,,,,
202,8637,7025,1611,19%,122,41,214,1478,26%,1097,11.18,,Dec 2022,500820,,,,,
203,8787,6923,1865,21%,104,39,220,1710,26%,1258,12.87,,Mar 2023,500820,,,,,
204,,12986,,,4283,9557,0,-1758,29%,-1250,-4.47,,Mar 2020,532215,16503,-6041,-37%,,
205,,8320,,,2663,9590,0,1458,24%,1108,3.90,,Jun 2020,532215,16706,-1204,-7%,,
206,,8796,,,3909,8781,0,2550,27%,1849,6.00,,Sep 2020,532215,16218,-1359,-8%,,
207,,9028,,,3307,8179,0,1784,25%,1335,4.30,,Dec 2020,532215,15684,-1522,-10%,,
208,,7816,,,4060,8077,0,3957,25%,2960,9.60,,Mar 2021,532215,15790,-103,-1%,,
209,,8504,,,3754,8367,0,3184,25%,2374,7.69,,Jun 2021,532215,16302,-570,-4%,,
210,,7827,,,4284,8598,0,4542,26%,3406,11.05,,Sep 2021,532215,16683,258,2%,,
211,,7994,,,4438,8795,0,5301,25%,3983,12.90,,Dec 2021,532215,17653,864,5%,,
212,,7936,,,4792,9162,0,5903,25%,4444,14.39,,Mar 2022,532215,18209,1111,6%,,
213,,7239,,,3493,9565,0,5883,25%,4402,14.26,,Jun 2022,532215,19193,2390,12%,,
214,,7536,,,4476,10150,0,7573,26%,5636,18.27,,Sep 2022,532215,20783,3097,15%,,
215,,8671,,,5241,11094,0,8319,25%,6215,20.12,,Dec 2022,532215,22843,3078,13%,,
216,,8209,,,-6994,12580,0,-3153,-70%,-5334,-17.43,,Mar 2023,532215,24630,3840,16%,,
217,13429,13051,378,3%,269,520,141,-14,239%,97,0.56,,Mar 2020,512599,,,,,
218,5265,5201,64,1%,237,313,125,-138,-8%,-66,0.27,,Jun 2020,512599,,,,,
219,9126,8361,765,8%,186,304,124,524,24%,436,3.29,,Sep 2020,512599,,,,,
220,11620,10848,772,7%,88,323,132,404,29%,343,2.70,,Dec 2020,512599,,,,,
221,13525,12621,904,7%,-16,436,156,296,29%,333,2.13,,Mar 2021,512599,,,,,
222,12579,11782,796,6%,152,443,126,380,48%,266,2.47,,Jun 2021,512599,,,,,
223,13218,12335,883,7%,379,754,320,189,35%,195,1.93,,Sep 2021,512599,,,,,
224,18758,17986,772,4%,206,708,354,-84,-16%,2,-0.11,,Dec 2021,512599,,,,,
225,24866,23603,1262,5%,276,622,449,468,46%,326,2.77,,Mar 2022,512599,,,,,
226,40844,39102,1742,4%,222,915,417,632,35%,469,4.12,,Jun 2022,512599,,,,,
227,38175,36306,1869,5%,266,934,531,670,35%,432,4.04,,Sep 2022,512599,,,,,
228,26612,24983,1629,6%,339,596,592,780,18%,740,7.19,,Dec 2022,512599,,,,,
229,31346,27759,3587,11%,1,1525,895,1168,38%,781,6.34,,Mar 2023,512599,,,,,
230,18208,16660,1548,8%,923,29,824,1619,18%,1322,43.77,,Mar 2020,532500,,,,,
231,4111,4997,-886,-22%,1318,18,784,-370,27%,-268,-8.84,,Jun 2020,532500,,,,,
232,18756,16819,1936,10%,650,23,766,1797,21%,1420,46.99,,Sep 2020,532500,,,,,
233,23471,21244,2228,9%,1054,29,742,2510,20%,1997,66.10,,Dec 2020,532500,,,,,
234,24034,22040,1995,8%,163,33,742,1384,10%,1241,41.09,,Mar 2021,532500,,,,,
235,17776,16958,819,5%,544,22,744,596,20%,475,15.72,,Jun 2021,532500,,,,,
236,20551,19694,857,4%,532,23,757,610,20%,487,16.12,,Sep 2021,532500,,,,,
237,23253,21691,1562,7%,355,25,641,1252,17%,1042,34.49,,Dec 2021,532500,,,,,
238,26749,24320,2429,9%,514,56,648,2239,16%,1876,62.10,,Mar 2022,532500,,,,,
239,26512,24597,1915,7%,112,28,652,1347,23%,1036,34.30,,Jun 2022,532500,,,,,
240,29942,27172,2771,9%,662,31,723,2679,21%,2112,69.93,,Sep 2022,532500,,,,,
241,29058,26220,2837,10%,897,30,711,2994,20%,2392,79.17,,Dec 2022,532500,,,,,
242,32060,28708,3352,10%,791,99,740,3304,19%,2671,88.41,,Mar 2023,532500,,,,,
243,4712,4099,612,13%,42,43,102,509,33%,343,3.90,,Mar 2020,500114,,,,,
244,1979,2236,-257,-13%,41,52,93,-361,18%,-297,-3.28,,Jun 2020,500114,,,,,
245,4553,4241,312,7%,48,49,94,217,20%,173,1.97,,Sep 2020,500114,,,,,
246,7619,6771,848,11%,40,51,96,741,28%,530,5.91,,Dec 2020,500114,,,,,
247,7494,6677,817,11%,57,51,93,730,22%,568,6.35,,Mar 2021,500114,,,,,
248,3473,3336,137,4%,46,49,95,39,54%,18,0.23,,Jun 2021,500114,,,,,
249,7493,6525,968,13%,55,51,104,868,26%,641,7.20,,Sep 2021,500114,,,,,
250,10037,8595,1442,14%,57,57,98,1344,25%,1012,11.31,,Dec 2021,500114,,,,,
251,7796,7002,794,10%,22,61,102,653,19%,527,5.74,,Mar 2022,500114,,,,,
252,9443,8247,1196,13%,44,65,103,1072,26%,790,8.84,,Jun 2022,500114,,,,,
253,9163,7916,1247,14%,61,60,106,1142,27%,835,9.36,,Sep 2022,500114,,,,,
254,11609,10262,1347,12%,90,79,113,1245,27%,913,10.18,,Dec 2022,500114,,,,,
255,10360,9271,1089,11%,114,96,119,988,26%,736,8.22,,Mar 2023,500114,,,,,
256,8185,6822,1363,17%,-158,52,575,577,14%,493,1.67,,Mar 2020,524715,,,,,
257,7585,5742,1844,24%,-3480,52,496,-2184,-11%,-2426,-6.90,,Jun 2020,524715,,,,,
258,8553,6360,2193,26%,544,33,499,2205,12%,1943,7.56,,Sep 2020,524715,,,,,
259,8837,6431,2406,27%,315,26,532,2163,11%,1913,7.72,,Dec 2020,524715,,,,,
260,8523,6475,2048,24%,-562,30,553,903,6%,842,3.73,,Mar 2021,524715,,,,,
261,9719,6898,2821,29%,-479,35,503,1804,22%,1404,6.02,,Jun 2021,524715,,,,,
262,9626,6996,2630,27%,223,36,530,2287,9%,2086,8.53,,Sep 2021,524715,,,,,
263,9863,7257,2606,26%,433,19,554,2466,14%,2126,8.58,,Dec 2021,524715,,,,,
264,9447,7106,2340,25%,-3822,37,556,-2076,-7%,-2227,-9.49,,Mar 2022,524715,,,,,
265,10762,7877,2884,27%,2,14,588,2285,8%,2093,8.59,,Jun 2022,524715,,,,,
266,10952,7996,2957,27%,85,19,610,2412,6%,2256,9.43,,Sep 2022,524715,,,,,
267,11241,8237,3004,27%,174,46,660,2471,11%,2181,9.03,,Dec 2022,524715,,,,,
268,10931,8129,2802,26%,202,93,672,2240,10%,1983,8.27,,Mar 2023,524715,,,,,
269,13294,9823,3471,26%,1,2552,127,793,32%,540,1.22,,Mar 2020,532978,,,,,
270,14190,9103,5087,36%,2,2395,125,2568,25%,1922,7.64,,Jun 2020,532978,,,,,
271,15050,10441,4609,31%,2,2340,114,2157,25%,1618,6.20,,Sep 2020,532978,,,,,
272,15959,10799,5159,32%,2,2258,124,2779,25%,2082,8.11,,Dec 2020,532978,,,,,
273,15387,10746,4641,30%,1,2147,135,2358,26%,1745,6.15,,Mar 2021,532978,,,,,
274,13949,9860,4090,29%,0,2190,132,1767,19%,1433,5.23,,Jun 2021,532978,,,,,
275,18008,12696,5312,30%,0,2382,138,2792,28%,1998,7.05,,Sep 2021,532978,,,,,
276,17587,11783,5804,33%,33,2445,143,3249,28%,2349,7.89,,Dec 2021,532978,,,,,
277,18862,12769,6093,32%,0,2481,149,3462,27%,2534,8.46,,Mar 2022,532978,,,,,
278,15888,9573,6315,40%,0,2564,157,3594,28%,2578,8.23,,Jun 2022,532978,,,,,
279,20803,13416,7387,36%,0,2961,168,4258,30%,2997,9.77,,Sep 2022,532978,,,,,
280,21755,13924,7831,36%,0,3241,172,4419,25%,3300,11.19,,Dec 2022,532978,,,,,
281,23625,15470,8154,35%,2,3436,181,4540,27%,3335,11.11,,Mar 2023,532978,,,,,
282,6256,5839,417,7%,35,14,105,333,19%,271,4.19,,Mar 2020,540376,,,,,
283,3883,3771,112,3%,51,9,95,59,32%,40,0.62,,Jun 2020,540376,,,,,
284,5306,4977,330,6%,52,9,101,272,27%,199,3.07,,Sep 2020,540376,,,,,
285,7542,6853,689,9%,45,11,114,609,27%,447,6.90,,Dec 2020,540376,,,,,
286,7412,6799,613,8%,48,12,105,544,24%,414,6.39,,Mar 2021,540376,,,,,
287,5183,4959,224,4%,31,11,107,137,31%,95,1.47,,Jun 2021,540376,,,,,
288,7789,7120,669,9%,28,12,116,568,26%,418,6.45,,Sep 2021,540376,,,,,
289,9218,8351,866,9%,26,14,128,750,26%,553,8.53,,Dec 2021,540376,,,,,
290,8786,8047,739,8%,33,17,146,609,30%,427,6.59,,Mar 2022,540376,,,,,
291,10038,9030,1008,10%,29,17,145,875,27%,643,9.93,,Jun 2022,540376,,,,,
292,10638,9746,892,8%,36,18,162,748,8%,686,10.59,,Sep 2022,540376,,,,,
293,11569,10604,965,8%,32,17,168,812,27%,590,9.10,,Dec 2022,540376,,,,,
294,10594,9823,772,7%,33,16,164,625,26%,460,7.10,,Mar 2023,540376,,,,,
295,10854,8411,2444,23%,200,506,678,1459,-122%,3237,112.26,,Mar 2020,532538,,,,,
296,7671,5594,2077,27%,121,394,651,1153,31%,793,27.52,,Jun 2020,532538,,,,,
297,10387,7689,2698,26%,214,358,677,1876,30%,1310,45.36,,Sep 2020,532538,,,,,
298,12262,9160,3102,25%,260,356,674,2332,32%,1585,54.89,,Dec 2020,532538,,,,,
299,14406,10715,3690,26%,24,377,698,2639,33%,1774,61.50,,Mar 2021,532538,,,,,
300,11830,8522,3307,28%,205,326,660,2527,33%,1700,58.99,,Jun 2021,532538,,,,,
301,12017,9302,2715,23%,140,230,677,1947,33%,1310,45.50,,Sep 2021,532538,,,,,
302,12985,10566,2419,19%,71,182,674,1634,-5%,1710,59.16,,Dec 2021,532538,,,,,
303,15767,12695,3073,19%,253,206,703,2416,-8%,2614,90.78,,Mar 2022,532538,,,,,
304,15164,12069,3095,20%,110,216,695,2293,31%,1582,54.87,,Jun 2022,532538,,,,,
305,13893,12028,1865,13%,146,200,708,1103,31%,759,26.18,,Sep 2022,532538,,,,,
306,15521,13185,2336,15%,130,215,723,1527,30%,1063,36.66,,Dec 2022,532538,,,,,
307,18662,15340,3322,18%,123,191,762,2492,33%,1670,57.71,,Mar 2023,532538,,,,,
308,15750,12631,3119,20%,591,165,580,2966,21%,2345,4.07,,Mar 2020,507685,,,,,
309,14923,11734,3189,21%,652,130,615,3095,22%,2412,4.18,,Jun 2020,507685,,,,,
310,15097,11660,3437,23%,555,127,658,3207,23%,2484,4.31,,Sep 2020,507685,,,,,
311,15670,11553,4117,26%,664,140,791,3850,22%,2998,5.19,,Dec 2020,507685,,,,,
312,16245,12218,4028,25%,534,112,699,3750,21%,2974,5.42,,Mar 2021,507685,,,,,
313,18467,14272,4195,23%,579,75,826,3873,16%,3248,5.92,,Jun 2021,507685,,,,,
314,19669,15500,4169,21%,505,146,772,3756,22%,2931,5.35,,Sep 2021,507685,,,,,
315,20315,16134,4181,21%,484,140,746,3779,21%,2972,5.42,,Dec 2021,507685,,,,,
316,20861,16724,4136,20%,502,172,734,3732,17%,3092,5.63,,Mar 2022,507685,,,,,
317,21529,17671,3858,18%,472,204,774,3352,24%,2559,4.68,,Jun 2022,507685,,,,,
318,22540,18605,3934,17%,510,227,797,3420,23%,2649,4.85,,Sep 2022,507685,,,,,
319,23229,18682,4547,20%,641,290,923,3975,23%,3065,5.56,,Dec 2022,507685,,,,,
320,23190,18685,4505,19%,646,286,847,4018,23%,3094,5.60,,Mar 2023,507685,,,,,
321,109466,93828,15638,14%,2245,1536,7457,8890,39%,5459,3.96,,Dec 2019,500312,,,,,
322,104374,100837,3537,3%,-5128,2314,6775,-10680,37%,-6726,-5.04,,Mar 2020,500312,,,,,
323,62496,54218,8278,13%,1198,1627,5848,2002,46%,1085,0.09,,Jun 2020,500312,,,,,
324,83619,69750,13869,17%,1371,1179,5624,8438,33%,5675,3.35,,Sep 2020,500312,,,,,
325,100289,89009,11279,11%,2379,1158,6495,6006,39%,3637,2.00,,Dec 2020,500312,,,,,
326,114124,98639,15485,14%,6883,1116,7572,13681,20%,10963,7.52,,Mar 2021,500312,,,,,
327,108105,91822,16283,15%,1775,1440,6423,10194,33%,6847,4.76,,Jun 2021,500312,,,,,
328,122066,104270,17796,15%,1913,1377,6230,12102,-55%,18749,14.35,,Sep 2021,500312,,,,,
329,145673,124306,21367,15%,2882,1388,6850,16011,27%,11637,8.69,,Dec 2021,500312,,,,,
330,155920,131888,24032,15%,623,1491,7380,15784,24%,12061,8.39,,Mar 2022,500312,,,,,
331,182894,164039,18855,10%,1617,1640,6611,12221,30%,8581,9.49,,Jun 2022,500312,,,,,
332,168656,155313,13343,8%,2317,1993,4443,9224,26%,6830,6.60,,Sep 2022,500312,,,,,
333,169213,147342,21871,13%,2804,2188,6784,15702,26%,11665,9.13,,Dec 2022,500312,,,,,
334,3325,2532,793,24%,43,41,91,704,25%,525,54.50,,Mar 2020,500790,,,,,
335,3050,2303,748,25%,38,41,92,652,25%,487,50.47,,Jun 2020,500790,,,,,
336,3542,2658,884,25%,34,40,91,786,25%,587,60.89,,Sep 2020,500790,,,,,
337,3433,2656,777,23%,31,42,96,670,28%,483,50.13,,Dec 2020,500790,,,,,
338,3611,2681,930,26%,30,54,94,812,26%,602,62.46,,Mar 2021,500790,,,,,
339,3477,2629,848,24%,29,52,95,730,26%,539,55.86,,Jun 2021,500790,,,,,
340,3883,2935,948,24%,34,52,96,834,26%,617,64.03,,Sep 2021,500790,,,,,
341,3748,2889,859,23%,-209,44,106,500,24%,379,39.36,,Dec 2021,500790,,,,,
342,3993,3072,921,23%,21,36,105,802,26%,591,61.27,,Mar 2022,500790,,,,,
343,4037,3217,819,20%,19,37,102,700,26%,515,53.45,,Jun 2022,500790,,,,,
344,4602,3598,1004,22%,31,37,98,899,26%,661,68.61,,Sep 2022,500790,,,,,
345,4257,3284,973,23%,30,45,99,859,27%,628,65.14,,Dec 2022,500790,,,,,
346,4831,3735,1095,23%,34,37,102,990,26%,737,76.40,,Mar 2023,500790,,,,,
347,62493,61802,691,1%,-2236,1953,5815,-9313,-4%,-9864,-32.03,,Mar 2020,500570,,,,,
348,31983,31300,683,2%,610,1877,5599,-6184,-36%,-8444,-27.32,,Jun 2020,500570,,,,,
349,53530,47432,6098,11%,638,1950,5601,-815,58%,-307,-1.02,,Sep 2020,500570,,,,,
350,75654,63521,12133,16%,289,2126,6129,4167,23%,2941,9.41,,Dec 2020,500570,,,,,
351,88628,75254,13374,15%,-12655,2145,6217,-7643,2%,-7585,-22.91,,Mar 2021,500570,,,,,
352,66406,61164,5243,8%,584,2203,6202,-2579,-68%,-4450,-13.41,,Jun 2021,500570,,,,,
353,61379,57262,4117,7%,862,2327,6123,-3472,-29%,-4416,-13.38,,Sep 2021,500570,,,,,
354,72229,65151,7078,10%,789,2401,6078,-612,-119%,-1451,-4.57,,Dec 2021,500570,,,,,
355,78439,70156,8283,11%,189,2381,6432,-341,-222%,-992,-3.11,,Mar 2022,500570,,,,,
356,71935,69522,2413,3%,2381,2421,5841,-3468,-44%,-4951,-15.08,,Jun 2022,500570,,,,,
357,79611,74039,5572,7%,1351,2487,5897,-1461,31%,-898,-2.84,,Sep 2022,500570,,,,,
358,88489,77668,10820,12%,1130,2676,6072,3203,8%,3043,8.91,,Dec 2022,500570,,,,,
359,105932,92818,13114,12%,1362,2642,7050,4784,-13%,5496,16.28,,Mar 2023,500570,,,,,
360,30391,21874,8516,28%,2886,2201,2613,6588,75%,1630,1.55,,Mar 2020,532555,,,,,
361,26195,17247,8948,34%,790,2465,2937,4336,32%,2949,2.92,,Jun 2020,532555,,,,,
362,27708,19195,8512,31%,857,2219,3015,4135,15%,3495,3.47,,Sep 2020,532555,,,,,
363,27526,18785,8741,32%,1988,2457,3042,5230,26%,3876,3.88,,Dec 2020,532555,,,,,
364,30103,22658,7444,25%,1785,2083,3457,3689,-26%,4649,4.68,,Mar 2021,532555,,,,,
365,29888,21026,8862,30%,1525,2465,3201,4722,27%,3444,3.52,,Jun 2021,532555,,,,,
366,32404,23423,8980,28%,1518,2212,3314,4972,26%,3691,3.71,,Sep 2021,532555,,,,,
367,33293,22319,10974,33%,799,2232,3452,6089,24%,4626,4.64,,Dec 2021,532555,,,,,
368,37085,25659,11426,31%,1027,2408,3821,6224,16%,5200,5.33,,Mar 2022,532555,,,,,
369,43177,32381,10796,25%,730,2477,3542,5508,28%,3978,4.06,,Jun 2022,532555,,,,,
370,44175,33808,10367,23%,1380,2652,3687,5408,37%,3418,3.44,,Sep 2022,532555,,,,,
371,44602,31783,12819,29%,747,3168,3715,6683,27%,4854,4.93,,Dec 2022,532555,,,,,
372,44253,32311,11942,27%,1084,2860,3848,6318,23%,4872,5.01,,Mar 2023,532555,,,,,
373,17887,14941,2946,16%,-683,1036,1108,119,-58%,188,0.96,,Mar 2020,500228,,,,,
374,11782,10494,1288,11%,132,1016,1047,-643,9%,-582,-2.32,,Jun 2020,500228,,,,,
375,19264,14850,4414,23%,199,959,1149,2505,36%,1595,6.59,,Sep 2020,500228,,,,,
376,21859,15918,5941,27%,147,977,1230,3881,31%,2669,11.09,,Dec 2020,500228,,,,,
377,26934,18494,8440,31%,90,1005,1253,6272,33%,4191,17.37,,Mar 2021,500228,,,,,
378,28902,18628,10274,36%,521,993,1183,8619,32%,5900,24.42,,Jun 2021,500228,,,,,
379,32503,22086,10417,32%,1549,936,1239,9791,27%,7179,29.66,,Sep 2021,500228,,,,,
380,38071,28939,9132,24%,176,1283,1764,6261,28%,4516,18.02,,Dec 2021,500228,,,,,
381,46895,37742,9153,20%,-508,1756,1815,5074,34%,3343,13.38,,Mar 2022,500228,,,,,
382,38086,33794,4292,11%,189,1422,1778,1281,34%,839,3.47,,Jun 2022,500228,,,,,
383,41778,40082,1696,4%,779,1523,1805,-853,-7%,-915,-3.51,,Sep 2022,500228,,,,,
384,39134,34643,4491,11%,188,1819,1882,978,52%,474,2.03,,Dec 2022,500228,,,,,
385,46962,39031,7931,17%,465,2138,2009,4249,12%,3741,15.16,,Mar 2023,500228,,,,,
386,10148,1645,8503,84%,1383,2535,3019,4333,24%,3313,4.75,,Mar 2020,532898,,,,,
387,9457,1116,8342,88%,-274,2203,2959,2906,30%,2048,2.94,,Jun 2020,532898,,,,,
388,9530,1096,8433,88%,354,2003,2895,3889,20%,3094,4.44,,Sep 2020,532898,,,,,
389,10142,1228,8915,88%,653,2047,3073,4447,24%,3368,4.83,,Dec 2020,532898,,,,,
390,10510,1618,8892,85%,360,1882,3112,4259,17%,3526,5.06,,Mar 2021,532898,,,,,
391,10219,1218,9001,88%,3720,2216,3112,7392,19%,5998,8.60,,Jun 2021,532898,,,,,
392,10267,1496,8771,85%,276,1885,3195,3968,15%,3376,4.84,,Sep 2021,532898,,,,,
393,10447,1415,9032,86%,277,1845,3286,4178,21%,3293,4.72,,Dec 2021,532898,,,,,
394,10687,1983,8704,81%,737,2091,3279,4071,-2%,4156,5.96,,Mar 2022,532898,,,,,
395,10905,1661,9245,85%,342,1960,3295,4331,12%,3801,5.45,,Jun 2022,532898,,,,,
396,11151,1785,9366,84%,199,2187,3317,4060,10%,3650,5.23,,Sep 2022,532898,,,,,
397,11262,1368,9893,88%,500,3012,3407,3975,8%,3645,5.23,,Dec 2022,532898,,,,,
398,12264,1433,10831,88%,294,2475,3314,5335,19%,4320,6.19,,Mar 2023,532898,,,,,
399,16315,14738,1577,10%,-943,1561,834,-1761,0%,-1754,-10.74,,Mar 2020,500520,,,,,
400,11969,9909,2060,17%,521,1593,820,168,68%,55,-0.79,,Jun 2020,500520,,,,,
401,19227,15722,3505,18%,-244,1589,861,810,82%,148,1.09,,Sep 2020,500520,,,,,
402,21626,19103,2523,12%,528,1516,847,687,77%,160,5.67,,Dec 2020,500520,,,,,
403,21456,18057,3399,16%,347,1403,850,1493,23%,1150,0.64,,Mar 2021,500520,,,,,
404,19172,18184,987,5%,565,1300,802,-550,40%,-332,3.41,,Jun 2021,500520,,,,,
405,21470,16578,4892,23%,690,1285,852,3445,28%,2491,15.51,,Sep 2021,500520,,,,,
406,23594,19068,4526,19%,815,1211,919,3211,23%,2485,15.99,,Dec 2021,500520,,,,,
407,25934,21657,4278,16%,1135,1222,935,3256,20%,2608,18.00,,Mar 2022,500520,,,,,
408,28412,24016,4397,15%,677,1219,960,2894,18%,2361,17.66,,Jun 2022,500520,,,,,
409,29870,24802,5068,17%,1348,1382,1092,3943,23%,3021,22.30,,Sep 2022,500520,,,,,
410,30620,25368,5253,17%,1185,1596,1110,3732,20%,2994,21.53,,Dec 2022,500520,,,,,
411,32366,26798,5568,17%,752,1634,1194,3492,14%,2998,21.20,,Mar 2023,500520,,,,,
412,696,472,224,32%,4,70,108,50,-28%,56,0.62,,Mar 2020,541450,,,,,
413,778,198,580,75%,29,448,110,51,61%,22,0.29,,Jun 2020,541450,,,,,
414,612,108,504,82%,106,484,119,7,-86%,17,0.12,,Sep 2020,541450,,,,,
415,749,142,607,81%,94,545,124,31,-33%,41,0.28,,Dec 2020,541450,,,,,
416,986,360,626,63%,83,476,133,100,-4%,104,0.67,,Mar 2021,541450,,,,,
417,977,223,754,77%,182,524,151,261,16%,219,1.40,,Jun 2021,541450,,,,,
418,1295,525,770,59%,115,613,164,108,7%,100,0.64,,Sep 2021,541450,,,,,
419,1400,357,1043,74%,71,813,260,41,-17%,49,0.31,,Dec 2021,541450,,,,,
420,1461,489,972,67%,111,667,274,142,15%,121,0.77,,Mar 2022,541450,,,,,
421,1635,687,948,58%,66,458,280,276,21%,214,1.35,,Jun 2022,541450,,,,,
422,1586,720,866,55%,100,498,298,170,14%,149,0.94,,Sep 2022,541450,,,,,
423,1973,1120,853,43%,216,617,330,122,52%,103,0.65,,Dec 2022,541450,,,,,
424,2598,334,2264,87%,265,1338,392,799,38%,507,3.20,,Mar 2023,541450,,,,,
425,3336,1195,2142,64%,494,467,430,1739,22%,1356,6.66,,Dec 2019,532921,,,,,
426,2921,2286,635,22%,439,368,450,257,-33%,340,1.65,,Mar 2020,532921,,,,,
427,2293,899,1394,61%,457,453,455,943,20%,758,3.73,,Jun 2020,532921,,,,,
428,2903,607,2296,79%,521,557,462,1798,22%,1394,6.83,,Sep 2020,532921,,,,,
429,3746,1056,2691,72%,528,612,594,2012,22%,1577,7.69,,Dec 2020,532921,,,,,
430,3608,1303,2304,64%,465,633,597,1539,14%,1321,6.34,,Mar 2021,532921,,,,,
431,4557,2326,2231,49%,421,530,609,1513,11%,1342,6.40,,Jun 2021,532921,,,,,
432,3923,1390,2533,65%,164,649,783,1265,17%,1050,4.87,,Sep 2021,532921,,,,,
433,4072,1473,2599,64%,656,668,784,1804,15%,1535,7.67,,Dec 2021,532921,,,,,
434,3845,1986,1859,48%,635,649,675,1170,12%,1033,4.85,,Mar 2022,532921,,,,,
435,5058,2969,2089,41%,486,629,840,1105,-7%,1177,5.48,,Jun 2022,532921,,,,,
436,5211,2320,2891,55%,441,577,854,1900,9%,1738,7.94,,Sep 2022,532921,,,,,
437,4786,2090,2696,56%,285,534,884,1564,15%,1337,6.09,,Dec 2022,532921,,,,,
438,27568,20839,6729,24%,1913,165,1029,7447,38%,4626,7.53,,Mar 2020,533278,,,,,
439,18487,15436,3051,16%,785,183,853,2800,26%,2078,3.37,,Jun 2020,533278,,,,,
440,21153,17178,3975,19%,1086,147,852,4061,27%,2952,4.78,,Sep 2020,533278,,,,,
441,23686,18521,5165,22%,649,155,916,4742,35%,3084,5.01,,Dec 2020,533278,,,,,
442,26700,20265,6435,24%,1224,157,1097,6406,28%,4589,7.44,,Mar 2021,533278,,,,,
443,25282,20439,4843,19%,681,148,1041,4336,27%,3174,5.14,,Jun 2021,533278,,,,,
444,23291,19354,3937,17%,782,141,934,3643,20%,2933,4.77,,Sep 2021,533278,,,,,
445,28434,21611,6822,24%,653,132,1041,6302,28%,4557,7.40,,Dec 2021,533278,,,,,
446,32709,23607,9102,28%,1767,121,1412,9335,28%,6715,10.86,,Mar 2022,533278,,,,,
447,35092,22865,12227,35%,995,150,994,12077,27%,8834,14.33,,Jun 2022,533278,,,,,
448,29838,22700,7139,24%,1761,135,1077,7687,21%,6044,9.81,,Sep 2022,533278,,,,,
449,35169,24781,10389,30%,1671,204,1262,10594,27%,7719,12.58,,Dec 2022,533278,,,,,
450,38152,31254,6898,18%,2282,195,1342,7642,28%,5528,8.98,,Mar 2023,533278,,,,,
451,3012,2434,578,19%,70,22,75,551,22%,428,24.51,,Mar 2020,540005,,,,,
452,2949,2357,592,20%,66,21,78,559,26%,416,23.92,,Jun 2020,540005,,,,,
453,2998,2313,686,23%,37,19,90,613,25%,457,26.10,,Sep 2020,540005,,,,,
454,3153,2421,732,23%,69,20,82,699,26%,519,29.70,,Dec 2020,540005,,,,,
455,3269,2554,716,22%,103,19,83,717,24%,546,31.20,,Mar 2021,540005,,,,,
456,3462,2815,648,19%,122,18,80,672,26%,497,28.39,,Jun 2021,540005,,,,,
457,3767,3034,733,19%,111,17,85,742,26%,552,31.48,,Sep 2021,540005,,,,,
458,6881,5454,1426,21%,166,31,152,1409,25%,1050,59.90,,Dec 2021,540005,,,,,
459,7129,5678,1451,20%,223,31,162,1481,25%,1109,63.25,,Mar 2022,540005,,,,,
460,4523,3692,831,18%,144,17,106,851,25%,634,36.13,,Jun 2022,540005,,,,,
461,8228,6592,1636,20%,161,38,196,1563,24%,1189,,,Sep 2022,540005,,,,,
462,8620,7245,1375,16%,152,38,178,1311,24%,1001,33.82,,Dec 2022,540005,,,,,
463,8691,7087,1604,18%,66,44,182,1444,23%,1114,37.65,,Mar 2023,540005,,,,,
464,4391,2427,1964,45%,470,16,553,1865,28%,1339,3.17,,Mar 2020,500188,,,,,
465,3989,2413,1576,40%,684,52,544,1664,18%,1359,3.22,,Jun 2020,500188,,,,,
466,5660,2708,2952,52%,390,68,652,2622,26%,1940,4.59,,Sep 2020,500188,,,,,
467,6033,2764,3269,54%,450,135,639,2945,25%,2200,5.21,,Dec 2020,500188,,,,,
468,6947,3072,3875,56%,295,131,696,3343,26%,2481,5.87,,Mar 2021,500188,,,,,
469,6531,2973,3558,54%,215,92,658,3023,34%,1983,4.69,,Jun 2021,500188,,,,,
470,6122,2787,3335,54%,311,82,702,2862,30%,2017,4.77,,Sep 2021,500188,,,,,
471,7990,3620,4370,55%,279,50,741,3858,30%,2701,6.39,,Dec 2021,500188,,,,,
472,8797,3834,4963,56%,277,66,816,4358,33%,2929,6.93,,Mar 2022,500188,,,,,
473,9387,4249,5138,55%,310,44,731,4673,34%,3093,7.32,,Jun 2022,500188,,,,,
474,8336,3928,4408,53%,367,51,798,3926,32%,2681,6.35,,Sep 2022,500188,,,,,
475,7866,4159,3707,47%,349,62,807,3187,32%,2157,5.10,,Dec 2022,500188,,,,,
476,8509,4250,4259,50%,356,176,928,3511,26%,2589,6.13,,Mar 2023,500188,,,,,
477,36009,31210,4799,13%,-2448,1934,2288,-1871,14%,-1615,-1.32,,Mar 2020,500470,,,,,
478,25475,24935,539,2%,261,2006,2175,-3381,-38%,-4648,-3.92,,Jun 2020,500470,,,,,
479,38940,32727,6213,16%,335,1948,2325,2274,27%,1665,1.39,,Sep 2020,500470,,,,,
480,41935,32367,9568,23%,152,1786,2342,5593,28%,4011,3.28,,Dec 2020,500470,,,,,
481,50028,35844,14184,28%,-569,1866,2392,9357,23%,7162,5.55,,Mar 2021,500470,,,,,
482,53465,37355,16111,30%,102,1811,2325,12077,19%,9768,7.41,,Jun 2021,500470,,,,,
483,60387,43931,16456,27%,972,1020,2289,14120,11%,12548,9.91,,Sep 2021,500470,,,,,
484,60783,44889,15894,26%,48,1532,2244,12166,21%,9598,7.84,,Dec 2021,500470,,,,,
485,69324,54294,15030,22%,177,1099,2243,11865,17%,9835,7.99,,Mar 2022,500470,,,,,
486,63430,48457,14973,24%,388,1218,2237,11906,35%,7714,6.36,,Jun 2022,500470,,,,,
487,59878,53817,6060,10%,412,1519,2348,2605,50%,1297,1.24,,Sep 2022,500470,,,,,
488,57084,53036,4048,7%,491,1768,2368,403,721%,-2502,-1.82,,Dec 2022,500470,,,,,
489,62962,55742,7219,11%,277,1794,2382,3321,53%,1566,1.39,,Mar 2023,500470,,,,,
490,1545,1244,301,19%,-19,10,50,222,30%,157,3.10,,Mar 2020,500331,,,,,
491,878,811,66,8%,20,9,46,32,50%,16,0.53,,Jun 2020,500331,,,,,
492,1880,1368,513,27%,22,9,48,478,25%,356,7.01,,Sep 2020,500331,,,,,
493,2299,1658,641,28%,22,12,49,601,26%,446,8.69,,Dec 2020,500331,,,,,
494,2236,1775,461,21%,15,7,57,411,25%,307,6.03,,Mar 2021,500331,,,,,
495,1937,1589,348,18%,8,10,57,290,25%,218,4.33,,Jun 2021,500331,,,,,
496,2626,2077,550,21%,15,12,60,491,24%,376,7.37,,Sep 2021,500331,,,,,
497,2851,2302,549,19%,9,11,60,487,26%,359,7.05,,Dec 2021,500331,,,,,
498,2507,2106,401,16%,16,9,62,346,26%,254,5.00,,Mar 2022,500331,,,,,
499,3101,2572,529,17%,14,9,61,473,24%,358,6.96,,Jun 2022,500331,,,,,
500,3011,2511,500,17%,14,12,64,439,23%,338,6.54,,Sep 2022,500331,,,,,
501,2998,2502,496,17%,7,15,69,419,27%,308,5.98,,Dec 2022,500331,,,,,
502,2689,2232,458,17%,23,12,76,393,27%,286,5.57,,Mar 2023,500331,,,,,
503,6816,5563,1253,18%,577,1,63,1765,23%,1354,46.79,,Mar 2020,532977,,,,,
504,3079,2803,276,9%,338,1,64,549,28%,396,13.67,,Jun 2020,532977,,,,,
505,7156,5890,1266,18%,342,3,64,1541,23%,1194,41.26,,Sep 2020,532977,,,,,
506,8910,7181,1729,19%,530,1,65,2193,22%,1716,59.31,,Dec 2020,532977,,,,,
507,8596,7074,1522,18%,505,2,66,1959,21%,1551,53.61,,Mar 2021,532977,,,,,
508,7386,6268,1118,15%,440,2,64,1492,22%,1170,40.44,,Jun 2021,532977,,,,,
509,8762,7362,1400,16%,1085,2,66,2417,16%,2040,70.49,,Sep 2021,532977,,,,,
510,9022,7650,1371,15%,489,2,70,1788,20%,1430,49.41,,Dec 2021,532977,,,,,
511,7975,6614,1361,17%,666,3,70,1954,22%,1526,52.74,,Mar 2022,532977,,,,,
512,8005,6719,1286,16%,320,4,68,1534,24%,1163,40.20,,Jun 2022,532977,,,,,
513,10203,8453,1750,17%,532,11,67,2203,22%,1719,59.42,,Sep 2022,532977,,,,,
514,9319,7561,1757,19%,271,8,75,1945,24%,1473,52.05,,Dec 2022,532977,,,,,
515,8929,7272,1657,19%,595,16,76,2160,21%,1705,60.25,,Mar 2023,532977,,,,,
516,118007,121119,-3112,-3%,-9521,2032,2653,-17317,51%,-8566,-5.51,,Mar 2020,530965,,,,,
517,60531,54269,6262,10%,887,1332,2613,3204,27%,2350,1.58,,Jun 2020,530965,,,,,
518,81709,71512,10197,12%,1285,320,2656,8506,28%,6165,4.27,,Sep 2020,530965,,,,,
519,101835,92050,9786,10%,1243,734,2723,7572,46%,4102,3.09,,Dec 2020,530965,,,,,
520,119874,105534,14340,12%,1280,1203,2949,11469,20%,9145,6.39,,Mar 2021,530965,,,,,
521,115503,104004,11499,10%,846,1383,2931,8030,24%,6141,4.33,,Jun 2021,530965,,,,,
522,133195,122006,11189,8%,1288,1114,3012,8351,25%,6235,4.39,,Sep 2021,530965,,,,,
523,165335,154565,10770,7%,1477,1119,3112,8016,22%,6261,4.35,,Dec 2021,530965,,,,,
524,175292,161019,14273,8%,717,1806,3292,9891,28%,7089,4.71,,Mar 2022,530965,,,,,
525,223414,217996,5418,2%,991,1908,3158,1344,34%,883,-0.20,,Jun 2022,530965,,,,,
526,208754,205477,3277,2%,1034,1554,3283,-527,-73%,-910,-0.70,,Sep 2022,530965,,,,,
527,205715,201411,4304,2%,1731,2122,3451,462,-93%,890,0.55,,Dec 2022,530965,,,,,
528,203872,186173,17699,9%,1305,1957,3288,13759,21%,10841,7.29,,Mar 2023,530965,,,,,
529,2622,2405,218,8%,88,11,65,230,25%,172,4.83,,Mar 2020,500550,,,,,
530,1207,1223,-16,-1%,82,5,66,-5,2%,-5,-0.13,,Jun 2020,500550,,,,,
531,3519,3072,447,13%,61,6,63,440,26%,328,9.20,,Sep 2020,500550,,,,,
532,2901,2540,361,12%,85,4,62,381,24%,290,8.14,,Dec 2020,500550,,,,,
533,3354,2913,441,13%,66,5,58,445,26%,328,9.22,,Mar 2021,500550,,,,,
534,2613,2388,225,9%,48,6,54,214,24%,162,4.53,,Jun 2021,500550,,,,,
535,3877,3454,424,11%,65,6,54,429,25%,323,9.07,,Sep 2021,500550,,,,,
536,3110,2782,328,11%,59,5,53,329,25%,245,6.89,,Dec 2021,500550,,,,,
537,3475,3045,430,12%,74,10,52,441,25%,329,9.24,,Mar 2022,500550,,,,,
538,3915,3536,379,10%,73,4,52,396,26%,294,8.25,,Jun 2022,500550,,,,,
539,4331,3862,470,11%,391,14,52,795,17%,663,18.61,,Sep 2022,500550,,,,,
540,3645,3096,549,15%,95,5,52,588,26%,438,12.29,,Dec 2022,500550,,,,,
541,4465,3910,555,12%,188,7,54,682,24%,516,14.49,,Mar 2023,500550,,,,,
542,341,138,203,60%,203,0,0,407,23%,312,1.54,,Mar 2020,540777,,,,,
543,14582,14138,444,3%,39,0,0,482,7%,451,2.23,,Jun 2020,540777,,,,,
544,16518,16224,294,2%,51,0,0,346,5%,328,1.62,,Sep 2020,540777,,,,,
545,21242,20982,260,1%,46,0,0,307,14%,263,1.30,,Dec 2020,540777,,,,,
546,19186,19000,185,1%,309,0,0,494,35%,319,1.58,,Mar 2021,540777,,,,,
547,14786,14619,166,1%,106,0,0,272,1%,270,1.33,,Jun 2021,540777,,,,,
548,20548,20420,128,1%,164,0,0,292,6%,276,1.36,,Sep 2021,540777,,,,,
549,14311,14137,174,1%,121,0,0,295,7%,275,1.36,,Dec 2021,540777,,,,,
550,17482,17228,253,1%,374,0,0,628,19%,506,2.40,,Mar 2022,540777,,,,,
551,6690,6386,304,5%,74,0,0,378,4%,361,1.71,,Jun 2022,540777,,,,,
552,23083,22815,268,1%,87,0,0,355,7%,329,1.53,,Sep 2022,540777,,,,,
553,19577,19787,-210,-1%,394,0,0,184,-72%,316,1.47,,Dec 2022,540777,,,,,
554,20857,21215,-358,-2%,882,0,0,525,31%,362,1.68,,Mar 2023,540777,,,,,
555,5174,5078,96,2%,491,0,0,587,10%,531,5.31,,Mar 2020,540719,,,,,
556,16266,15648,618,4%,9,0,0,627,38%,391,3.91,,Jun 2020,540719,,,,,
557,18640,18437,204,1%,12,0,0,215,-39%,300,3.00,,Sep 2020,540719,,,,,
558,26718,26432,286,1%,10,0,0,296,21%,233,2.33,,Dec 2020,540719,,,,,
559,20289,20624,-335,-2%,837,0,0,502,-6%,532,5.32,,Mar 2021,540719,,,,,
560,16004,15752,252,2%,17,0,0,270,17%,223,2.23,,Jun 2021,540719,,,,,
561,25636,25364,272,1%,11,0,0,282,13%,247,2.47,,Sep 2021,540719,,,,,
562,20672,20272,400,2%,10,0,0,410,11%,364,3.64,,Dec 2021,540719,,,,,
563,20671,20941,-270,-1%,995,0,0,725,7%,672,6.72,,Mar 2022,540719,,,,,
564,4806,4516,290,6%,11,0,0,301,13%,263,2.63,,Jun 2022,540719,,,,,
565,27717,27292,426,2%,11,0,0,437,14%,377,3.76,,Sep 2022,540719,,,,,
566,26817,26483,333,1%,13,0,0,346,12%,304,3.04,,Dec 2022,540719,,,,,
567,21296,22197,-901,-4%,1723,0,0,822,5%,777,7.76,,Mar 2023,540719,,,,,
568,1694,1378,317,19%,-151,235,60,-130,"-1,470%",-1860,-7.51,,Mar 2020,532868,,,,,
569,549,547,2,0%,98,237,42,-179,1%,-72,-0.29,,Jun 2020,532868,,,,,
570,1610,1147,463,29%,17,226,40,214,47%,228,0.94,,Sep 2020,532868,,,,,
571,1543,1044,499,32%,125,198,39,387,27%,449,1.82,,Dec 2020,532868,,,,,
572,1713,1259,454,26%,194,191,38,418,38%,477,1.94,,Mar 2021,532868,,,,,
573,1140,744,395,35%,103,175,38,285,29%,337,1.36,,Jun 2021,532868,,,,,
574,1481,1023,458,31%,76,176,37,321,29%,378,1.53,,Sep 2021,532868,,,,,
575,1550,1028,521,34%,-87,146,37,251,24%,379,1.53,,Dec 2021,532868,,,,,
576,1547,1180,368,24%,105,128,37,307,27%,406,1.64,,Mar 2022,532868,,,,,
577,1442,1028,414,29%,75,105,37,346,25%,469,1.90,,Jun 2022,532868,,,,,
578,1302,866,437,34%,58,107,37,351,26%,477,1.93,,Sep 2022,532868,,,,,
579,1495,1018,477,32%,65,95,39,408,27%,518,2.10,,Dec 2022,532868,,,,,
580,1456,1058,398,27%,120,85,36,397,28%,570,2.30,,Mar 2023,532868,,,,,
581,19350,15315,4035,21%,-942,1711,1027,354,-552%,2309,22.97,,Mar 2020,500300,,,,,
582,13044,9811,3232,25%,213,1543,976,926,33%,617,3.56,,Jun 2020,500300,,,,,
583,17950,13532,4418,25%,322,1460,1007,2272,30%,1596,14.69,,Sep 2020,500300,,,,,
584,21000,15925,5075,24%,433,1371,1007,3130,31%,2157,21.11,,Dec 2020,500300,,,,,
585,24401,18501,5901,24%,166,1343,1043,3681,29%,2617,26.07,,Mar 2021,500300,,,,,
586,19919,14596,5323,27%,442,1266,991,3508,30%,2448,25.34,,Jun 2021,500300,,,,,
587,22567,17672,4896,22%,394,1176,1017,3097,34%,2032,20.65,,Sep 2021,500300,,,,,
588,24402,19531,4871,20%,231,1146,1026,2931,9%,2655,26.53,,Dec 2021,500300,,,,,
589,28811,23470,5341,19%,581,1188,1128,3606,-13%,4070,42.19,,Mar 2022,500300,,,,,
590,28042,22059,5983,21%,221,1246,1089,3869,29%,2759,29.37,,Jun 2022,500300,,,,,
591,27486,22894,4591,17%,254,1373,1116,2356,36%,1509,15.33,,Sep 2022,500300,,,,,
592,28638,23775,4863,17%,2972,1608,1139,5087,12%,4455,38.21,,Dec 2022,500300,,,,,
593,33462,27332,6131,18%,308,1816,1207,3415,31%,2356,20.79,,Mar 2023,500300,,,,,
594,2868,2413,454,16%,78,27,48,457,19%,372,15.58,,Mar 2020,500825,,,,,
595,3421,2704,717,21%,94,26,48,737,26%,543,22.69,,Jun 2020,500825,,,,,
596,3419,2744,675,20%,73,30,48,670,26%,495,20.69,,Sep 2020,500825,,,,,
597,3166,2554,612,19%,83,32,49,614,26%,453,18.92,,Dec 2020,500825,,,,,
598,3131,2625,505,16%,64,24,53,493,27%,360,15.13,,Mar 2021,500825,,,,,
599,3403,2850,554,16%,61,34,49,531,27%,387,16.17,,Jun 2021,500825,,,,,
600,3607,3049,558,15%,54,39,50,523,27%,382,15.95,,Sep 2021,500825,,,,,
601,3575,3036,539,15%,54,37,50,505,27%,369,15.41,,Dec 2021,500825,,,,,
602,3550,3001,550,15%,54,34,51,519,27%,378,15.77,,Mar 2022,500825,,,,,
603,3701,3200,501,14%,56,42,51,463,28%,336,14.01,,Jun 2022,500825,,,,,
604,4380,3668,712,16%,53,54,52,659,26%,491,20.48,,Sep 2022,500825,,,,,
605,4197,3379,818,19%,428,38,58,1149,19%,932,38.71,,Dec 2022,500825,,,,,
606,4023,3222,801,20%,60,35,65,761,27%,558,23.19,,Mar 2023,500825,,,,,
607,19755,15203,4552,23%,-16505,1064,2252,-15269,21%,-12083,-33.68,,Mar 2020,500295,,,,,
608,15973,11980,3993,25%,1025,1252,1733,2033,25%,1522,2.78,,Jun 2020,500295,,,,,
609,21107,14576,6531,31%,713,1312,1938,3994,58%,1658,2.25,,Sep 2020,500295,,,,,
610,22735,14978,7757,34%,886,1321,1912,5410,22%,4224,8.87,,Dec 2020,500295,,,,,
611,28206,19169,9037,32%,86,1325,2055,5743,-33%,7628,17.30,,Mar 2021,500295,,,,,
612,28412,18541,9871,35%,605,1182,2124,7170,26%,5283,11.36,,Jun 2021,500295,,,,,
613,30401,19987,10414,34%,576,1066,2118,7806,26%,5812,12.42,,Sep 2021,500295,,,,,
614,34097,23287,10810,32%,472,1216,2274,7792,31%,5354,11.20,,Dec 2021,500295,,,,,
615,39822,26189,13633,34%,275,1333,2379,10196,29%,7261,15.60,,Mar 2022,500295,,,,,
616,38622,28425,10197,26%,733,1206,2464,7260,23%,5593,11.89,,Jun 2022,500295,,,,,
617,36654,28955,7699,21%,931,1642,2624,4364,38%,2687,4.86,,Sep 2022,500295,,,,,
618,34102,27035,7067,21%,1619,1572,2720,4394,30%,3091,6.63,,Dec 2022,500295,,,,,
619,37930,28471,9459,25%,-631,1805,2765,4258,26%,3132,5.06,,Mar 2023,500295,,,,,
620,9490,8360,1130,12%,287,53,398,966,25%,726,8.32,,Mar 2020,532755,,,,,
621,9106,7806,1300,14%,416,50,383,1283,26%,956,10.06,,Jun 2020,532755,,,,,
622,9372,7669,1703,18%,118,40,372,1409,25%,1063,11.01,,Sep 2020,532755,,,,,
623,9647,7752,1896,20%,221,42,358,1716,25%,1290,13.54,,Dec 2020,532755,,,,,
624,9730,7832,1897,20%,33,42,344,1544,32%,1044,11.17,,Mar 2021,532755,,,,,
625,10198,8321,1876,18%,287,38,331,1794,24%,1366,13.97,,Jun 2021,532755,,,,,
626,10881,8887,1994,18%,282,35,343,1898,29%,1341,13.81,,Sep 2021,532755,,,,,
627,11451,9392,2059,18%,223,34,362,1886,27%,1378,14.10,,Dec 2021,532755,,,,,
628,12116,10028,2088,17%,324,55,484,1873,18%,1545,15.49,,Mar 2022,532755,,,,,
629,12708,10828,1880,15%,122,40,477,1486,23%,1148,11.64,,Jun 2022,532755,,,,,
630,13130,11185,1944,15%,290,79,492,1664,22%,1299,13.21,,Sep 2022,532755,,,,,
631,13735,11600,2135,16%,247,113,498,1771,27%,1285,13.32,,Dec 2022,532755,,,,,
632,13718,11915,1803,13%,306,93,490,1525,26%,1125,11.47,,Mar 2023,532755,,,,,
633,1676,1405,271,16%,-41,87,135,8,-670%,60,0.85,,Mar 2020,540180,,,,,
634,1640,1262,378,23%,3,74,124,182,21%,143,2.17,,Jun 2020,540180,,,,,
635,1803,1422,381,21%,3,58,135,192,16%,161,2.36,,Sep 2020,540180,,,,,
636,1331,1159,172,13%,6,62,135,-19,62%,-7,-0.30,,Dec 2020,540180,,,,,
637,2241,1859,382,17%,6,58,135,195,30%,137,1.99,,Mar 2021,540180,,,,,
638,2450,1879,571,23%,24,47,129,420,24%,319,4.74,,Jun 2021,540180,,,,,
639,2398,1904,495,21%,37,43,138,350,26%,258,3.70,,Sep 2021,540180,,,,,
640,1734,1527,208,12%,1,37,129,42,22%,33,0.25,,Dec 2021,540180,,,,,
641,2827,2296,531,19%,9,47,131,361,25%,271,3.91,,Mar 2022,540180,,,,,
642,4955,3704,1251,25%,10,46,153,1062,24%,802,12.12,,Jun 2022,540180,,,,,
643,3177,2478,699,22%,11,45,153,511,23%,395,5.87,,Sep 2022,540180,,,,,
644,2214,1907,307,14%,9,47,180,90,9%,82,1.15,,Dec 2022,540180,,,,,
645,3893,3095,798,20%,10,63,172,573,24%,439,6.61,,Mar 2023,540180,,,,,
646,2154,1677,476,22%,-24,62,53,337,32%,230,2.25,,Mar 2020,532424,,,,,
647,2327,1855,472,20%,35,48,49,410,4%,395,3.86,,Jun 2020,532424,,,,,
648,2915,2242,673,23%,14,31,51,604,24%,458,4.48,,Sep 2020,532424,,,,,
649,3055,2362,693,23%,22,24,49,642,22%,502,4.91,,Dec 2020,532424,,,,,
650,2731,2182,549,20%,-47,23,54,424,14%,366,3.58,,Mar 2021,532424,,,,,
651,2894,2293,602,21%,19,27,53,541,24%,414,4.05,,Jun 2021,532424,,,,,
652,3164,2504,660,21%,21,25,51,606,21%,479,4.68,,Sep 2021,532424,,,,,
653,3303,2635,668,20%,36,26,54,625,16%,528,5.16,,Dec 2021,532424,,,,,
654,2916,2453,463,16%,3,33,50,384,5%,363,3.55,,Mar 2022,532424,,,,,
655,3125,2604,521,17%,26,35,57,454,24%,345,3.37,,Jun 2022,532424,,,,,
656,3392,2850,542,16%,17,48,53,458,22%,359,3.51,,Sep 2022,532424,,,,,
657,3599,2872,727,20%,36,40,57,665,18%,546,5.34,,Dec 2022,532424,,,,,
658,3200,2559,641,20%,36,53,69,556,19%,452,4.42,,Mar 2023,532424,,,,,
659,2778,1722,1056,38%,58,516,294,305,33%,204,1.85,,Dec 2019,539254,,,,,
660,3187,2099,1088,34%,131,698,304,217,73%,59,0.86,,Mar 2020,539254,,,,,
661,2447,1290,1156,47%,335,631,378,482,26%,355,3.49,,Jun 2020,539254,,,,,
662,2156,1194,962,45%,184,536,314,296,28%,214,1.88,,Sep 2020,539254,,,,,
663,2597,1593,1004,39%,248,455,325,472,2%,463,3.59,,Dec 2020,539254,,,,,
664,2727,1899,827,30%,349,494,312,370,31%,257,2.17,,Mar 2021,539254,,,,,
665,2830,1439,1390,49%,106,614,342,540,20%,433,3.96,,Jun 2021,539254,,,,,
666,2541,1587,954,38%,335,540,353,396,27%,289,2.48,,Sep 2021,539254,,,,,
667,2912,2011,901,31%,424,560,363,402,31%,277,2.43,,Dec 2021,539254,,,,,
668,2975,2029,945,32%,436,650,370,362,35%,237,2.09,,Mar 2022,539254,,,,,
669,3132,2459,673,22%,653,740,384,202,17%,168,1.67,,Jun 2022,539254,,,,,
670,3251,2088,1164,36%,198,714,398,250,22%,194,1.85,,Sep 2022,539254,,,,,
671,3552,2074,1478,42%,230,697,410,600,20%,478,4.26,,Dec 2022,539254,,,,,
672,10252,7777,2475,24%,162,101,516,2020,39%,1226,36.67,,Mar 2020,541154,,,,,
673,1737,1351,386,22%,47,105,111,218,30%,151,4.53,,Jun 2020,541154,,,,,
674,4854,3826,1028,21%,88,71,220,825,26%,613,18.35,,Sep 2020,541154,,,,,
675,5426,4217,1209,22%,92,53,179,1069,20%,853,25.52,,Dec 2020,541154,,,,,
676,10866,8155,2711,25%,133,30,648,2166,25%,1621,48.49,,Mar 2021,541154,,,,,
677,1616,1372,244,15%,150,15,111,268,26%,199,5.94,,Jun 2021,541154,,,,,
678,5552,4309,1243,22%,138,1,243,1138,25%,848,25.37,,Sep 2021,541154,,,,,
679,5894,4463,1431,24%,195,1,373,1251,25%,938,28.04,,Dec 2021,541154,,,,,
680,11558,9063,2495,22%,503,42,382,2574,-21%,3102,92.77,,Mar 2022,541154,,,,,
681,3623,2798,825,23%,192,0,208,809,25%,607,18.14,,Jun 2022,541154,,,,,
682,5145,3535,1610,31%,261,0,252,1619,25%,1209,36.16,,Sep 2022,541154,,,,,
683,5666,4680,986,17%,497,2,269,1212,5%,1154,34.51,,Dec 2022,541154,,,,,
684,12495,9252,3242,26%,722,55,1055,2854,0%,2841,84.97,,Mar 2023,541154,,,,,
685,2208,1790,418,19%,143,6,109,447,32%,304,11.14,,Mar 2020,505200,,,,,
686,818,880,-62,-8%,114,5,98,-51,-9%,-55,-2.02,,Jun 2020,505200,,,,,
687,2134,1666,467,22%,100,4,105,459,25%,343,12.57,,Sep 2020,505200,,,,,
688,2828,2156,672,24%,156,4,123,702,24%,533,19.49,,Dec 2020,505200,,,,,
689,2940,2306,634,22%,183,4,125,689,24%,526,19.25,,Mar 2021,505200,,,,,
690,1974,1651,324,16%,122,6,112,328,28%,237,8.67,,Jun 2021,505200,,,,,
691,2250,1780,470,21%,118,3,109,476,22%,373,13.65,,Sep 2021,505200,,,,,
692,2881,2298,582,20%,128,6,111,593,23%,456,16.68,,Dec 2021,505200,,,,,
693,3193,2436,757,24%,172,3,119,806,24%,610,22.31,,Mar 2022,505200,,,,,
694,3397,2566,831,24%,82,5,116,792,23%,611,22.33,,Jun 2022,505200,,,,,
695,3519,2698,822,23%,193,7,127,880,25%,657,24.02,,Sep 2022,505200,,,,,
696,3721,2864,857,23%,256,8,135,971,24%,741,27.09,,Dec 2022,505200,,,,,
697,3804,2871,934,25%,379,8,148,1156,22%,906,33.11,,Mar 2023,505200,,,,,
698,6172,5968,205,3%,155,1244,768,-1653,21%,-1313,-3.40,,Mar 2020,533096,,,,,
699,5204,3815,1388,27%,152,1392,783,-634,-8%,-682,-1.77,,Jun 2020,533096,,,,,
700,7749,3706,4043,52%,1043,1364,828,2894,23%,2228,5.78,,Sep 2020,533096,,,,,
701,6895,5272,1623,24%,204,1223,810,-206,-40%,-289,-0.75,,Dec 2020,533096,,,,,
702,6374,4759,1614,25%,528,1127,782,234,94%,13,0.03,,Mar 2021,533096,,,,,
703,6569,4921,1648,25%,644,1068,774,450,38%,278,0.72,,Jun 2021,533096,,,,,
704,5184,4020,1163,22%,388,976,785,-210,-10%,-231,-0.60,,Sep 2021,533096,,,,,
705,5361,3590,1771,33%,233,1015,784,204,-7%,218,0.57,,Dec 2021,533096,,,,,
706,10598,5366,5232,49%,2710,1035,774,6133,24%,4645,12.04,,Mar 2022,533096,,,,,
707,13723,8003,5720,42%,1786,823,816,5866,19%,4780,12.39,,Jun 2022,533096,,,,,
708,7044,6096,948,13%,1402,818,833,699,0%,696,1.80,,Sep 2022,533096,,,,,
709,7764,6295,1470,19%,526,946,838,212,96%,9,0.02,,Dec 2022,533096,,,,,
710,10242,8335,1907,19%,553,746,817,898,-484%,5242,13.59,,Mar 2023,533096,,,,,
711,,4607,,,1772,4155,0,396,24%,302,4.35,,Mar 2020,532187,7387,-1376,-19%,2.45%,0.91%
712,,4226,,,1519,3853,0,602,24%,461,6.64,,Jun 2020,532187,7162,-917,-13%,2.53%,0.86%
713,,3966,,,1554,3899,0,866,25%,647,8.55,,Sep 2020,532187,7177,-688,-10%,2.21%,0.52%
714,,3992,,,1705,3835,0,1120,24%,853,11.26,,Dec 2020,532187,7242,-586,-8%,1.74%,0.22%
715,,4119,,,1780,3885,0,1196,27%,876,11.33,,Mar 2021,532187,7419,-584,-8%,2.67%,0.69%
716,,3994,,,1716,4011,0,1287,24%,975,12.60,,Jun 2021,532187,7575,-430,-6%,2.88%,0.84%
717,,4028,,,1841,3992,0,1471,24%,1114,14.38,,Sep 2021,532187,7650,-370,-5%,2.77%,0.80%
718,,4119,,,1877,3944,0,1551,25%,1161,14.99,,Dec 2021,532187,7737,-326,-4%,2.48%,0.71%
719,,4020,,,1900,3875,0,1865,27%,1361,17.57,,Mar 2022,532187,7860,-35,-0%,2.27%,0.64%
720,,3911,,,1929,4057,0,2143,25%,1603,20.68,,Jun 2022,532187,8182,214,3%,2.35%,0.67%
721,,3934,,,2011,4406,0,2379,25%,1787,23.05,,Sep 2022,532187,8708,368,4%,2.11%,0.61%
722,,3956,,,2076,4962,0,2616,25%,1959,25.27,,Dec 2022,532187,9457,539,6%,2.06%,0.62%
723,,4097,,,2151,5351,0,2723,25%,2041,26.30,,Mar 2023,532187,10021,572,6%,1.98%,0.59%
724,,12005,,,3486,12319,0,-1734,128%,464,0.99,,Mar 2020,532134,19104,-5219,-27%,,
725,,10674,,,2161,12055,0,-1045,38%,-660,-1.47,,Jun 2020,532134,19524,-3206,-16%,,
726,,8331,,,3122,10797,0,2734,34%,1786,3.83,,Sep 2020,532134,18739,-388,-2%,,
727,,9618,,,3173,10407,0,1791,35%,1215,2.59,,Dec 2020,532134,18643,-1382,-7%,,
728,,10893,,,6320,9942,0,2893,129%,-720,-1.43,,Mar 2021,532134,17408,-3427,-20%,,
729,,10084,,,3223,9554,0,1611,27%,1207,2.29,,Jun 2021,532134,18026,-1613,-9%,,
730,,9398,,,4458,9505,0,3095,29%,2185,4.19,,Sep 2021,532134,17541,-1363,-8%,,
731,,8981,,,3351,9800,0,3292,26%,2488,4.76,,Dec 2021,532134,18722,-59,-0%,,
732,,10505,,,3373,9956,0,2010,6%,2053,3.93,,Mar 2022,532134,19097,-1363,-7%,,
733,,8210,,,1592,10496,0,2871,26%,1942,3.76,,Jun 2022,532134,19984,1279,6%,,
734,,10408,,,3977,11495,0,4418,26%,3392,6.58,,Sep 2022,532134,22344,441,2%,,
735,,11012,,,5619,13161,0,6179,33%,4356,8.33,,Dec 2022,532134,24733,560,2%,,
736,,10642,,,5451,14790,0,7096,28%,5315,10.16,,Mar 2023,532134,27077,1645,6%,,
737,1865,1513,352,19%,56,9,59,340,17%,282,1.59,,Mar 2020,500096,,,,,
738,1980,1563,417,21%,72,8,57,424,19%,341,1.93,,Jun 2020,500096,,,,,
739,2516,1947,569,23%,88,7,60,590,18%,483,2.73,,Sep 2020,500096,,,,,
740,2729,2155,574,21%,81,7,57,591,16%,494,2.78,,Dec 2020,500096,,,,,
741,2337,1895,442,19%,85,9,67,452,16%,377,2.14,,Mar 2021,500096,,,,,
742,2612,2060,552,21%,85,8,61,568,23%,438,2.47,,Jun 2021,500096,,,,,
743,2818,2197,620,22%,112,8,63,661,24%,505,2.85,,Sep 2021,500096,,,,,
744,2942,2314,627,21%,97,11,63,650,22%,504,2.85,,Dec 2021,500096,,,,,
745,2518,2065,452,18%,14,12,65,390,24%,294,1.66,,Mar 2022,500096,,,,,
746,2822,2279,543,19%,101,12,68,564,22%,441,2.49,,Jun 2022,500096,,,,,
747,2986,2386,600,20%,123,15,70,638,23%,491,2.77,,Sep 2022,500096,,,,,
748,3043,2434,609,20%,101,19,71,620,23%,477,2.69,,Dec 2022,500096,,,,,
749,2678,2268,410,15%,121,32,102,396,26%,293,1.70,,Mar 2023,500096,,,,,
750,29318,25478,3840,13%,306,1429,1322,1395,52%,668,2.98,,Mar 2020,500440,,,,,
751,25283,23490,1793,7%,3,992,1544,-740,4%,-709,-3.16,,Jun 2020,500440,,,,,
752,31237,27885,3352,11%,362,982,1708,1024,62%,387,1.72,,Sep 2020,500440,,,,,
753,34958,29904,5054,14%,147,861,1655,2685,30%,1877,8.35,,Dec 2020,500440,,,,,
754,40507,34869,5638,14%,223,903,1721,3237,40%,1928,8.58,,Mar 2021,500440,,,,,
755,41358,35652,5706,14%,845,820,1645,4086,32%,2787,12.40,,Jun 2021,500440,,,,,
756,47665,40107,7558,16%,405,1291,1640,5032,32%,3417,15.21,,Sep 2021,500440,,,,,
757,50272,42960,7312,15%,436,852,1683,5213,30%,3675,16.35,,Dec 2021,500440,,,,,
758,55764,48460,7304,13%,34,805,1761,4772,19%,3851,17.14,,Mar 2022,500440,,,,,
759,58018,49589,8429,15%,255,847,1749,6088,32%,4119,18.33,,Jun 2022,500440,,,,,
760,56176,50814,5362,10%,330,879,1713,3100,29%,2205,9.81,,Sep 2022,500440,,,,,
761,53151,49603,3548,7%,368,934,1768,1214,-12%,1362,6.06,,Dec 2022,500440,,,,,
762,55857,50530,5327,10%,354,986,1856,2839,15%,2411,10.73,,Mar 2023,500440,,,,,
763,1390,945,444,32%,77,0,50,471,18%,388,14.62,,Mar 2020,532488,,,,,
764,1730,1030,700,40%,17,0,56,661,26%,492,18.54,,Jun 2020,532488,,,,,
765,1749,1008,741,42%,14,0,61,693,25%,520,19.57,,Sep 2020,532488,,,,,
766,1701,1010,691,41%,19,0,68,642,27%,471,17.73,,Dec 2020,532488,,,,,
767,1788,1072,716,40%,24,0,70,669,25%,502,18.91,,Mar 2021,532488,,,,,
768,1961,1109,852,43%,36,0,73,814,32%,557,20.99,,Jun 2021,532488,,,,,
769,1988,1169,818,41%,19,0,77,760,20%,606,22.84,,Sep 2021,532488,,,,,
770,2493,1396,1097,44%,17,0,80,1034,13%,902,33.99,,Dec 2021,532488,,,,,
771,2518,1414,1104,44%,52,0,81,1076,17%,895,33.70,,Mar 2022,532488,,,,,
772,2255,1408,847,38%,88,0,84,851,18%,702,26.44,,Jun 2022,532488,,,,,
773,1855,1234,621,33%,80,0,86,615,20%,494,18.59,,Sep 2022,532488,,,,,
774,1708,1299,408,24%,114,0,87,436,30%,307,11.56,,Dec 2022,532488,,,,,
775,1951,1463,488,25%,66,0,87,466,31%,321,12.09,,Mar 2023,532488,,,,,
776,8299,8434,-135,-2%,336,488,1006,-1293,32%,-873,-22.70,,Mar 2020,539448,,,,,
777,767,2387,-1620,-211%,377,510,1096,-2849,0%,-2849,-74.05,,Jun 2020,539448,,,,,
778,2741,2535,206,8%,288,563,1126,-1195,0%,-1195,-31.05,,Sep 2020,539448,,,,,
779,4910,4071,839,17%,233,541,1156,-627,0%,-627,-16.28,,Dec 2020,539448,,,,,
780,6223,5674,549,9%,139,528,1319,-1159,0%,-1159,-30.11,,Mar 2021,539448,,,,,
781,3007,4477,-1470,-49%,163,555,1317,-3179,0%,-3179,-82.60,,Jun 2021,539448,,,,,
782,5608,5422,186,3%,190,569,1248,-1440,0%,-1440,-37.40,,Sep 2021,539448,,,,,
783,9295,7517,1778,19%,185,601,1234,128,0%,128,3.33,,Dec 2021,539448,,,,,
784,8021,7985,36,0%,186,633,1269,-1680,0%,-1680,-43.60,,Mar 2022,539448,,,,,
785,12855,12258,597,5%,163,657,1170,-1065,0%,-1065,-27.65,,Jun 2022,539448,,,,,
786,12498,12472,25,0%,354,728,1237,-1585,0%,-1585,-41.14,,Sep 2022,539448,,,,,
787,14933,11819,3114,21%,476,829,1342,1418,0%,1418,36.79,,Dec 2022,539448,,,,,
788,14161,11412,2748,19%,438,918,1352,916,0%,916,23.76,,Mar 2023,539448,,,,,
789,462,294,168,36%,12,10,14,156,22%,121,1.10,,Mar 2020,542066,,,,,
790,197,120,77,39%,8,9,14,63,26%,39,0.35,,Jun 2020,542066,,,,,
791,418,208,210,50%,-2,10,15,182,26%,134,1.22,,Sep 2020,542066,,,,,
792,496,283,213,43%,9,10,16,195,26%,146,1.33,,Dec 2020,542066,,,,,
793,584,380,205,35%,15,11,17,191,24%,144,1.31,,Mar 2021,542066,,,,,
794,494,287,207,42%,8,11,19,185,25%,143,1.30,,Jun 2021,542066,,,,,
795,648,417,231,36%,15,13,21,213,25%,158,1.44,,Sep 2021,542066,,,,,
796,883,680,203,23%,8,13,21,177,26%,128,1.16,,Dec 2021,542066,,,,,
797,1012,881,131,13%,10,15,22,104,27%,81,0.74,,Mar 2022,542066,,,,,
798,1042,824,219,21%,9,19,24,185,26%,138,1.26,,Jun 2022,542066,,,,,
799,1116,889,226,20%,10,21,27,188,26%,160,1.45,,Sep 2022,542066,,,,,
800,1106,876,230,21%,8,6,31,201,26%,150,1.37,,Dec 2022,542066,,,,,
801,1115,920,195,18%,9,32,31,142,27%,98,0.89,,Mar 2023,542066,,,,,
802,3218,2139,1079,34%,98,73,436,668,12%,588,163.01,,Mar 2020,500387,,,,,
803,2332,1632,701,30%,125,71,271,483,23%,371,102.77,,Jun 2020,500387,,,,,
804,3053,2046,1007,33%,83,63,279,749,27%,547,151.67,,Sep 2020,500387,,,,,
805,3309,2220,1089,33%,107,59,291,847,26%,626,173.56,,Dec 2020,500387,,,,,
806,3958,2776,1182,30%,119,55,299,947,19%,768,212.76,,Mar 2021,500387,,,,,
807,3449,2436,1014,29%,139,54,232,867,24%,662,183.40,,Jun 2021,500387,,,,,
808,3206,2308,898,28%,150,56,251,742,22%,578,160.11,,Sep 2021,500387,,,,,
809,3552,2726,826,23%,110,55,252,628,22%,492,136.36,,Dec 2021,500387,,,,,
810,4099,3188,911,22%,138,54,301,694,7%,645,178.82,,Mar 2022,500387,,,,,
811,4203,3384,819,19%,-22,57,328,412,23%,316,87.46,,Jun 2022,500387,,,,,
812,3781,3258,523,14%,157,68,363,249,24%,190,52.55,,Sep 2022,500387,,,,,
813,4069,3361,708,17%,161,71,414,384,28%,277,76.71,,Dec 2022,500387,,,,,
814,4785,3893,892,19%,135,73,442,513,-6%,546,151.39,,Mar 2023,500387,,,,,
815,,945,,,0,1135,28,57,26%,42,0.52,,Mar 2020,511243,2165,85,4%,,
816,,387,,,0,1131,26,582,26%,431,5.26,,Jun 2020,511243,2126,608,29%,,
817,,662,,,4,1185,25,586,26%,435,5.30,,Sep 2020,511243,2454,607,25%,,
818,,802,,,0,1140,25,553,26%,410,5.00,,Dec 2020,511243,2520,578,23%,,
819,,1063,,,56,1120,26,327,25%,245,2.99,,Mar 2021,511243,2479,297,12%,,
820,,910,,,0,1104,25,443,26%,329,4.01,,Jun 2021,511243,2482,468,19%,,
821,,574,,,1,1078,24,822,26%,611,7.44,,Sep 2021,511243,2496,845,34%,,
822,,795,,,17,1046,24,710,26%,528,6.43,,Dec 2021,511243,2557,717,28%,,
823,,630,,,52,1071,28,927,26%,687,8.36,,Mar 2022,511243,2605,904,35%,,
824,,879,,,26,1130,28,759,26%,562,6.84,,Jun 2022,511243,2770,760,27%,,
825,,940,,,50,1340,28,759,26%,563,6.85,,Sep 2022,511243,3017,736,24%,,
826,,912,,,52,1543,30,923,26%,685,8.33,,Dec 2022,511243,3356,901,27%,,
827,,902,,,93,1734,36,1163,26%,855,10.40,,Mar 2023,511243,3741,1105,30%,,
828,,2035,,,77,334,29,112,25%,84,0.89,,Mar 2020,543066,2433,64,3%,2.01%,
829,,1365,,,42,275,28,528,26%,393,4.19,,Jun 2020,543066,2154,515,24%,2.68%,0.43%
830,,1938,,,95,264,30,278,26%,206,2.19,,Sep 2020,543066,2415,213,9%,7.46%,2.70%
831,,1965,,,131,261,31,283,26%,210,2.23,,Dec 2020,543066,2408,183,8%,1.61%,0.56%
832,,1956,,,149,244,34,234,25%,175,1.87,,Mar 2021,543066,2319,119,5%,4.99%,1.55%
833,,1779,,,89,229,33,410,26%,305,3.24,,Jun 2021,543066,2362,354,15%,3.91%,0.88%
834,,1938,,,119,254,40,464,26%,345,3.66,,Sep 2021,543066,2576,385,15%,3.36%,0.91%
835,,2307,,,250,277,37,519,26%,386,4.09,,Dec 2021,543066,2889,305,11%,2.40%,0.83%
836,,1930,,,166,267,39,779,25%,581,6.16,,Mar 2022,543066,2850,653,23%,2.22%,0.78%
837,,2074,,,163,308,39,841,25%,627,6.65,,Jun 2022,543066,3100,718,23%,2.24%,0.79%
838,,2341,,,156,368,39,706,26%,526,5.57,,Sep 2022,543066,3297,588,18%,2.14%,0.78%
839,,2467,,,149,464,41,684,26%,509,5.39,,Dec 2022,543066,3507,576,16%,2.22%,0.80%
840,,2565,,,154,507,45,800,25%,596,6.30,,Mar 2023,543066,3762,690,18%,,
841,6250,5058,1191,19%,145,34,296,1007,26%,743,2.79,,Mar 2020,500425,,,,,
842,4644,3522,1122,24%,113,31,292,912,35%,593,2.30,,Jun 2020,500425,,,,,
843,6169,4820,1350,22%,100,34,290,1125,29%,804,3.13,,Sep 2020,500425,,,,,
844,7453,6110,1342,18%,-70,41,283,948,-2%,968,3.69,,Dec 2020,500425,,,,,
845,7715,5876,1838,24%,104,32,269,1642,25%,1228,4.77,,Mar 2021,500425,,,,,
846,6978,5151,1827,26%,82,39,277,1593,27%,1161,4.42,,Jun 2021,500425,,,,,
847,6647,5231,1416,21%,98,36,276,1201,26%,891,3.35,,Sep 2021,500425,,,,,
848,7625,6497,1128,15%,-31,38,330,728,41%,431,1.46,,Dec 2021,500425,,,,,
849,7900,6476,1424,18%,97,32,306,1183,28%,856,3.32,,Mar 2022,500425,,,,,
850,8033,6918,1115,14%,139,40,319,895,3%,865,3.79,,Jun 2022,500425,,,,,
851,7143,6809,334,5%,75,41,331,39,-33%,51,0.47,,Sep 2022,500425,,,,,
852,7907,6885,1021,13%,-18,43,337,623,22%,488,2.19,,Dec 2022,500425,,,,,
853,7966,6727,1239,16%,142,39,352,989,23%,763,3.25,,Mar 2023,500425,,,,,
854,1522,1509,13,1%,103,3,27,85,24%,65,3.05,,Mar 2020,500002,,,,,
855,986,963,23,2%,29,4,25,23,29%,16,0.77,,Jun 2020,500002,,,,,
856,1612,1496,117,7%,20,3,25,109,26%,81,3.81,,Sep 2020,500002,,,,,
857,1701,1620,81,5%,32,7,30,76,24%,58,2.72,,Dec 2020,500002,,,,,
858,1629,1506,123,8%,100,3,25,194,27%,141,6.67,,Mar 2021,500002,,,,,
859,1425,1338,87,6%,33,2,26,92,24%,70,3.32,,Jun 2021,500002,,,,,
860,1778,1597,181,10%,15,2,29,165,27%,120,5.66,,Sep 2021,500002,,,,,
861,2102,1916,185,9%,101,4,23,260,28%,188,8.88,,Dec 2021,500002,,,,,
862,1968,1780,188,10%,334,1,26,494,25%,373,17.61,,Mar 2022,500002,,,,,
863,2053,1854,199,10%,19,3,25,189,26%,140,6.62,,Jun 2022,500002,,,,,
864,2120,1909,211,10%,88,2,27,270,27%,198,9.32,,Sep 2022,500002,,,,,
865,2427,2063,364,15%,69,7,27,400,24%,305,14.41,,Dec 2022,500002,,,,,
866,2411,2126,285,12%,72,2,27,328,25%,245,11.56,,Mar 2023,500002,,,,,
867,2217,1973,244,11%,21,5,63,198,10%,178,2.84,,Mar 2020,517354,,,,,
868,1483,1352,132,9%,32,17,60,87,26%,64,1.02,,Jun 2020,517354,,,,,
869,2459,2038,422,17%,80,17,59,425,23%,326,5.21,,Sep 2020,517354,,,,,
870,3175,2665,510,16%,39,15,64,470,25%,350,5.59,,Dec 2020,517354,,,,,
871,3339,2831,508,15%,37,24,65,456,33%,304,4.85,,Mar 2021,517354,,,,,
872,2610,2255,355,14%,34,11,62,317,26%,236,3.76,,Jun 2021,517354,,,,,
873,3238,2793,445,14%,33,11,62,405,25%,302,4.83,,Sep 2021,517354,,,,,
874,3664,3224,440,12%,49,12,66,411,26%,306,4.88,,Dec 2021,517354,,,,,
875,4426,3906,520,12%,44,19,71,474,26%,352,5.63,,Mar 2022,517354,,,,,
876,4244,3883,362,9%,48,10,72,327,26%,243,3.88,,Jun 2022,517354,,,,,
877,3679,3393,287,8%,44,7,72,252,26%,187,2.98,,Sep 2022,517354,,,,,
878,4128,3704,424,10%,40,7,75,381,26%,284,4.53,,Dec 2022,517354,,,,,
879,4859,4332,527,11%,47,10,77,487,26%,358,5.71,,Mar 2023,517354,,,,,
880,5817,4323,1494,26%,29,2,101,1420,27%,1047,1.43,,Mar 2020,500049,,,,,
881,1676,1530,146,9%,16,0,94,68,31%,54,0.07,,Jun 2020,500049,,,,,
882,3195,2568,627,20%,27,0,97,558,29%,399,0.55,,Sep 2020,500049,,,,,
883,2320,1864,456,20%,24,0,100,380,29%,278,0.38,,Dec 2020,500049,,,,,
884,6917,4937,1981,29%,58,6,97,1936,30%,1368,1.87,,Mar 2021,500049,,,,,
885,1649,1579,70,4%,45,0,97,18,27%,24,0.03,,Jun 2021,500049,,,,,
886,3678,2814,864,23%,62,0,99,826,26%,625,0.85,,Sep 2021,500049,,,,,
887,3702,2872,829,22%,60,0,98,791,26%,596,0.82,,Dec 2021,500049,,,,,
888,6340,4762,1578,25%,64,4,106,1531,25%,1155,1.58,,Mar 2022,500049,,,,,
889,3141,2618,522,17%,82,1,99,504,29%,366,0.50,,Jun 2022,500049,,,,,
890,3962,3093,868,22%,74,2,109,831,26%,624,0.85,,Sep 2022,500049,,,,,
891,4153,3290,863,21%,59,10,106,806,25%,614,0.84,,Dec 2022,500049,,,,,
892,6479,4647,1832,28%,66,2,114,1782,23%,1382,1.89,,Mar 2023,500049,,,,,
893,68998,69578,-580,-1%,-646,689,1043,-2959,39%,-1820,-8.52,,Mar 2020,500547,,,,,
894,37999,33739,4260,11%,585,691,1073,3081,29%,2188,9.38,,Jun 2020,500547,,,,,
895,49409,44215,5193,11%,-14,108,1065,4007,35%,2590,10.43,,Sep 2020,500547,,,,,
896,66075,61349,4726,7%,251,345,1073,3559,47%,1901,7.22,,Dec 2020,500547,,,,,
897,76688,70366,6322,8%,7167,579,1124,11786,10%,10642,47.49,,Mar 2021,500547,,,,,
898,70946,67821,3125,4%,1979,582,1150,3372,15%,2873,13.24,,Jun 2021,500547,,,,,
899,76439,71474,4965,6%,1131,611,1349,4136,23%,3201,14.76,,Sep 2021,500547,,,,,
900,95121,90019,5102,5%,688,660,1394,3737,26%,2759,12.72,,Dec 2021,500547,,,,,
901,104080,98126,5954,6%,1131,752,1603,4730,41%,2803,12.92,,Mar 2022,500547,,,,,
902,121082,126906,-5824,-5%,615,710,1617,-7537,18%,-6148,-28.34,,Jun 2022,500547,,,,,
903,114820,113406,1415,1%,673,937,1561,-410,17%,-338,-1.56,,Sep 2022,500547,,,,,
904,119170,114957,4213,4%,415,1128,1586,1913,9%,1747,8.05,,Dec 2022,500547,,,,,
905,118115,107031,11085,9%,344,970,1605,8854,22%,6870,31.67,,Mar 2023,500547,,,,,
906,110,40,70,64%,526,5,9,583,29%,414,32.47,,Mar 2020,500490,,,,,
907,90,23,68,75%,650,1,8,708,4%,680,61.02,,Jun 2020,500490,,,,,
908,116,22,94,81%,816,1,8,901,3%,873,78.36,,Sep 2020,500490,,,,,
909,100,27,74,73%,1111,1,8,1175,2%,1151,103.29,,Dec 2020,500490,,,,,
910,92,34,58,63%,933,1,8,982,3%,950,85.27,,Mar 2021,500490,,,,,
911,98,28,69,71%,741,1,8,801,3%,780,69.96,,Jun 2021,500490,,,,,
912,147,25,122,83%,1131,1,8,1244,4%,1198,101.67,,Sep 2021,500490,,,,,
913,96,31,64,67%,1004,1,8,1059,2%,1042,93.46,,Dec 2021,500490,,,,,
914,89,33,57,64%,1074,1,8,1122,1%,1106,99.32,,Mar 2022,500490,,,,,
915,91,37,54,60%,938,1,8,984,1%,970,87.10,,Jun 2022,500490,,,,,
916,188,37,151,81%,1214,1,8,1356,1%,1336,111.67,,Sep 2022,500490,,,,,
917,98,37,62,63%,1252,1,8,1305,1%,1287,115.52,,Dec 2022,500490,,,,,
918,87,32,55,63%,1326,5,8,1368,1%,1353,121.55,,Mar 2023,500490,,,,,
919,4376,3743,634,14%,93,53,346,328,26%,238,3.05,,Mar 2020,500087,,,,,
920,4346,3297,1049,24%,65,46,269,799,28%,566,7.17,,Jun 2020,500087,,,,,
921,5038,3862,1177,23%,53,39,265,926,28%,659,8.25,,Sep 2020,500087,,,,,
922,5169,3938,1231,24%,87,48,248,1021,26%,752,9.28,,Dec 2020,500087,,,,,
923,4606,3810,796,17%,60,27,285,544,24%,412,5.13,,Mar 2021,500087,,,,,
924,5504,4158,1346,24%,-60,30,261,996,28%,710,8.86,,Jun 2021,500087,,,,,
925,5520,4294,1226,22%,61,38,253,996,28%,709,8.82,,Sep 2021,500087,,,,,
926,5479,4248,1231,22%,91,21,247,1054,28%,757,9.03,,Dec 2021,500087,,,,,
927,5260,4511,750,14%,7,18,290,448,16%,371,4.49,,Mar 2022,500087,,,,,
928,5375,4232,1143,21%,103,18,254,975,28%,706,8.51,,Jun 2022,500087,,,,,
929,5829,4526,1302,22%,123,26,299,1100,28%,797,9.78,,Sep 2022,500087,,,,,
930,5810,4403,1408,24%,114,32,272,1218,34%,808,9.92,,Dec 2022,500087,,,,,
931,5739,4566,1174,20%,-48,34,346,745,30%,522,6.51,,Mar 2023,500087,,,,,
932,4449,3500,949,21%,84,23,274,736,-6%,781,47.01,,Mar 2020,500124,,,,,
933,4426,3305,1121,25%,95,23,292,900,34%,595,35.77,,Jun 2020,500124,,,,,
934,4911,3755,1156,24%,58,25,316,873,12%,772,46.42,,Sep 2020,500124,,,,,
935,4942,4403,539,11%,86,19,311,295,91%,28,1.68,,Dec 2020,500124,,,,,
936,4768,3715,1053,22%,100,30,309,815,32%,557,33.51,,Mar 2021,500124,,,,,
937,4945,4211,734,15%,124,19,284,556,32%,380,22.87,,Jun 2021,500124,,,,,
938,5787,4427,1360,24%,230,23,294,1272,22%,996,59.84,,Sep 2021,500124,,,,,
939,5338,4123,1216,23%,74,22,294,974,27%,709,42.62,,Dec 2021,500124,,,,,
940,5475,5024,451,8%,132,32,293,259,63%,97,5.83,,Mar 2022,500124,,,,,
941,5233,4292,941,18%,863,35,302,1468,19%,1189,71.44,,Jun 2022,500124,,,,,
942,6332,4433,1899,30%,55,31,309,1614,31%,1114,66.93,,Sep 2022,500124,,,,,
943,6790,4851,1939,29%,65,42,324,1638,24%,1244,74.70,,Dec 2022,500124,,,,,
944,6315,4781,1534,24%,146,35,316,1329,28%,960,57.65,,Mar 2023,500124,,,,,
945,1858,1505,353,19%,6,47,101,211,12%,186,6.46,,Mar 2020,503806,,,,,
946,1545,1182,363,24%,10,43,104,226,22%,177,6.16,,Jun 2020,503806,,,,,
947,2101,1529,572,27%,10,36,114,432,27%,315,10.97,,Sep 2020,503806,,,,,
948,2146,1580,566,26%,22,28,117,443,27%,325,10.96,,Dec 2020,503806,,,,,
949,2608,1965,643,25%,13,26,118,511,25%,381,12.86,,Mar 2021,503806,,,,,
950,2699,2028,672,25%,14,27,123,535,26%,395,13.35,,Jun 2021,503806,,,,,
951,2839,2164,675,24%,11,23,130,532,28%,382,12.91,,Sep 2021,503806,,,,,
952,3346,2464,881,26%,11,29,132,730,31%,506,17.05,,Dec 2021,503806,,,,,
953,3549,2601,948,27%,7,36,132,788,23%,606,20.43,,Mar 2022,503806,,,,,
954,3895,2900,995,26%,10,32,131,842,28%,608,20.51,,Jun 2022,503806,,,,,
955,3728,2959,769,21%,33,44,139,618,22%,481,16.23,,Sep 2022,503806,,,,,
956,3470,2636,834,24%,10,62,151,631,19%,511,17.24,,Dec 2022,503806,,,,,
957,3778,2846,932,25%,22,66,155,733,23%,562,18.97,,Mar 2023,503806,,,,,
958,2405,2097,308,13%,-242,19,64,-17,-198%,-122,-0.83,,Mar 2020,500800,,,,,
959,2714,2231,483,18%,96,17,62,499,22%,346,3.55,,Jun 2020,500800,,,,,
960,2781,2382,400,14%,2,18,63,321,27%,273,2.79,,Sep 2020,500800,,,,,
961,3070,2708,361,12%,13,18,64,292,19%,237,2.37,,Dec 2020,500800,,,,,
962,3037,2737,300,10%,-21,15,66,198,33%,74,0.58,,Mar 2021,500800,,,,,
963,3008,2609,399,13%,24,20,67,336,28%,200,2.01,,Jun 2021,500800,,,,,
964,3033,2620,413,14%,23,20,69,348,25%,286,2.91,,Sep 2021,500800,,,,,
965,3208,2747,462,14%,12,16,70,388,26%,290,2.88,,Dec 2021,500800,,,,,
966,3175,2731,444,14%,29,16,72,385,25%,239,2.36,,Mar 2022,500800,,,,,
967,3327,2870,457,14%,11,16,73,379,27%,277,2.77,,Jun 2022,500800,,,,,
968,3363,2929,434,13%,141,20,73,482,26%,389,3.56,,Sep 2022,500800,,,,,
969,3475,3021,454,13%,128,24,75,482,23%,364,3.79,,Dec 2022,500800,,,,,
970,3619,3107,512,14%,49,28,83,450,23%,290,2.89,,Mar 2023,500800,,,,,
971,17923,15081,2842,16%,1612,216,640,3599,-34%,4814,6.99,,Mar 2020,532155,,,,,
972,12174,11480,694,6%,609,53,521,729,12%,643,0.97,,Jun 2020,532155,,,,,
973,13799,12373,1426,10%,584,32,546,1432,25%,1068,1.64,,Sep 2020,532155,,,,,
974,15658,13419,2239,14%,705,37,561,2346,19%,1897,2.78,,Dec 2020,532155,,,,,
975,15738,12855,2882,18%,940,58,546,3219,21%,2535,3.73,,Mar 2021,532155,,,,,
976,17571,14932,2640,15%,543,52,590,2540,15%,2157,3.21,,Jun 2021,532155,,,,,
977,21758,18136,3622,17%,757,46,604,3728,23%,2873,4.33,,Sep 2021,532155,,,,,
978,26145,21518,4627,18%,847,47,608,4820,21%,3800,5.68,,Dec 2021,532155,,,,,
979,27328,23064,4264,16%,788,57,619,4375,21%,3474,5.19,,Mar 2022,532155,,,,,
980,37897,33350,4547,12%,419,58,677,4230,23%,3251,4.95,,Jun 2022,532155,,,,,
981,38680,36777,1904,5%,548,82,695,1675,22%,1305,2.00,,Sep 2022,532155,,,,,
982,35940,35458,482,1%,999,120,699,662,40%,398,0.63,,Dec 2022,532155,,,,,
983,33264,32708,556,2%,871,107,631,689,7%,643,0.96,,Mar 2023,532155,,,,,
984,1496,1215,281,19%,22,13,38,252,21%,199,1.50,,Mar 2020,531642,,,,,
985,1925,1460,465,24%,83,9,34,505,23%,388,2.95,,Jun 2020,531642,,,,,
986,1989,1600,389,20%,-6,8,33,342,20%,273,2.04,,Sep 2020,531642,,,,,
987,2122,1709,413,19%,24,7,36,394,21%,312,2.38,,Dec 2020,531642,,,,,
988,2012,1693,319,16%,10,10,36,283,20%,227,1.70,,Mar 2021,531642,,,,,
989,2525,2044,481,19%,27,8,33,467,22%,365,2.76,,Jun 2021,531642,,,,,
990,2419,1996,423,17%,25,10,33,405,22%,316,2.39,,Sep 2021,531642,,,,,
991,2407,1976,431,18%,22,10,36,407,22%,317,2.40,,Dec 2021,531642,,,,,
992,2161,1815,346,16%,24,11,37,322,20%,257,1.94,,Mar 2022,531642,,,,,
993,2558,2030,528,21%,17,10,36,499,24%,377,2.87,,Jun 2022,531642,,,,,
994,2496,2063,433,17%,19,15,37,400,23%,307,2.33,,Sep 2022,531642,,,,,
995,2470,2014,456,18%,40,14,39,443,25%,333,2.54,,Dec 2022,531642,,,,,
996,2240,1847,393,18%,68,17,43,401,24%,305,2.34,,Mar 2023,531642,,,,,
997,6621,5413,1208,18%,1068,1091,687,498,5%,475,1.49,,Mar 2020,500400,,,,,
998,6453,4744,1708,26%,483,1089,644,457,41%,268,0.76,,Jun 2020,500400,,,,,
999,8290,6323,1967,24%,486,1065,699,689,46%,371,0.88,,Sep 2020,500400,,,,,
1000,7598,5864,1734,23%,391,966,738,421,24%,318,0.78,,Dec 2020,500400,,,,,
1001,10363,8937,1425,14%,502,890,663,373,-29%,481,1.23,,Mar 2021,500400,,,,,
1002,10132,7984,2149,21%,582,945,747,1038,55%,466,1.22,,Jun 2021,500400,,,,,
1003,9810,8481,1329,14%,1026,946,771,638,21%,506,1.32,,Sep 2021,500400,,,,,
1004,10913,9279,1634,15%,865,953,758,788,30%,552,1.33,,Dec 2021,500400,,,,,
1005,11960,10091,1869,16%,62,1015,846,71,-794%,632,1.57,,Mar 2022,500400,,,,,
1006,14495,12812,1683,12%,1227,1026,822,1062,17%,884,2.49,,Jun 2022,500400,,,,,
1007,14031,12270,1760,13%,1502,1052,838,1373,32%,935,2.56,,Sep 2022,500400,,,,,
1008,14129,11810,2319,16%,1497,1098,853,1864,44%,1052,2.96,,Dec 2022,500400,,,,,
1009,12454,10526,1928,15%,1352,1196,926,1158,19%,939,2.43,,Mar 2023,500400,,,,,
1010,2912,2482,430,15%,10,137,157,145,38%,90,6.62,,Dec 2019,508869,,,,,
1011,2922,2542,380,13%,203,135,164,284,26%,210,15.77,,Mar 2020,508869,,,,,
1012,2172,2159,13,1%,8,127,160,-267,15%,-226,-14.96,,Jun 2020,508869,,,,,
1013,2761,2470,291,11%,47,122,149,66,10%,59,4.33,,Sep 2020,508869,,,,,
1014,2760,2370,390,14%,21,101,125,185,28%,134,9.38,,Dec 2020,508869,,,,,
1015,2868,2456,412,14%,63,99,138,238,28%,170,11.67,,Mar 2021,508869,,,,,
1016,3760,3244,516,14%,319,95,141,599,16%,501,34.03,,Jun 2021,508869,,,,,
1017,3717,3102,615,17%,8,95,145,383,30%,267,17.24,,Sep 2021,508869,,,,,
1018,3639,3052,587,16%,23,94,149,367,34%,243,15.88,,Dec 2021,508869,,,,,
1019,3546,3083,463,13%,34,95,166,236,59%,97,6.27,,Mar 2022,508869,,,,,
1020,3796,3317,479,13%,16,93,148,254,-27%,324,22.05,,Jun 2022,508869,,,,,
1021,4251,3699,552,13%,23,93,155,327,35%,213,14.19,,Sep 2022,508869,,,,,
1022,4264,3780,484,11%,35,100,153,266,39%,162,10.67,,Dec 2022,508869,,,,,
1023,-8338,-7749,-589,,817,0,0,228,22%,179,1.24,,Mar 2020,540133,,,,,
1024,18746,18853,-106,-1%,439,0,0,333,14%,287,2.00,,Jun 2020,540133,,,,,
1025,16691,16641,50,0%,314,0,0,364,17%,302,2.11,,Sep 2020,540133,,,,,
1026,28463,28412,51,0%,299,0,0,350,13%,304,2.12,,Dec 2020,540133,,,,,
1027,19282,19726,-444,-2%,616,0,0,172,64%,63,0.44,,Mar 2021,540133,,,,,
1028,16211,17341,-1130,-7%,914,0,0,-215,14%,-185,-1.29,,Jun 2021,540133,,,,,
1029,23161,22960,201,1%,301,0,0,502,11%,446,3.10,,Sep 2021,540133,,,,,
1030,9930,9628,302,3%,58,0,0,359,13%,312,2.17,,Dec 2021,540133,,,,,
1031,13003,13701,-698,-5%,1013,0,0,315,41%,187,1.30,,Mar 2022,540133,,,,,
1032,-1611,-1483,-128,,328,0,0,201,22%,157,1.09,,Jun 2022,540133,,,,,
1033,22605,22869,-264,-1%,507,0,0,243,18%,200,1.39,,Sep 2022,540133,,,,,
1034,17426,17502,-76,-0%,352,0,0,277,20%,222,1.54,,Dec 2022,540133,,,,,
1035,10984,11400,-416,-4%,780,0,0,364,35%,235,1.64,,Mar 2023,540133,,,,,
1036,1355,1149,206,15%,17,14,49,159,35%,103,1.07,,Mar 2020,509480,,,,,
1037,931,843,88,9%,8,12,50,33,54%,15,0.16,,Jun 2020,509480,,,,,
1038,1743,1408,334,19%,23,11,54,293,24%,221,2.27,,Sep 2020,509480,,,,,
1039,2118,1703,415,20%,17,9,53,370,26%,275,2.83,,Dec 2020,509480,,,,,
1040,2026,1692,334,17%,15,12,54,283,26%,209,2.15,,Mar 2021,509480,,,,,
1041,1798,1561,238,13%,17,10,55,190,26%,140,1.45,,Jun 2021,509480,,,,,
1042,2225,1871,354,16%,13,13,56,298,27%,219,2.25,,Sep 2021,509480,,,,,
1043,2551,2159,392,15%,15,14,56,337,25%,253,2.60,,Dec 2021,509480,,,,,
1044,2188,1841,346,16%,24,15,60,296,26%,220,2.27,,Mar 2022,509480,,,,,
1045,2760,2355,405,15%,17,16,63,342,26%,254,2.61,,Jun 2022,509480,,,,,
1046,2671,2307,364,14%,16,24,62,293,25%,220,2.26,,Sep 2022,509480,,,,,
1047,2694,2344,350,13%,13,30,64,269,25%,201,2.07,,Dec 2022,509480,,,,,
1048,2444,2097,347,14%,15,29,74,258,28%,186,1.91,,Mar 2023,509480,,,,,
1049,1990,1744,247,12%,74,53,85,184,73%,49,0.80,,Mar 2020,532432,,,,,
1050,1032,1124,-92,-9%,-70,56,74,-292,15%,-247,-3.32,,Jun 2020,532432,,,,,
1051,2196,1906,290,13%,11,56,69,176,29%,125,1.78,,Sep 2020,532432,,,,,
1052,2673,2216,457,17%,39,43,79,374,25%,280,3.95,,Dec 2020,532432,,,,,
1053,2230,1834,396,18%,-5,33,77,281,28%,203,2.87,,Mar 2021,532432,,,,,
1054,1722,1533,188,11%,-38,25,74,51,2%,50,0.76,,Jun 2021,532432,,,,,
1055,2508,2038,469,19%,4,7,76,390,27%,286,4.02,,Sep 2021,532432,,,,,
1056,2947,2429,519,18%,0,39,76,404,27%,295,4.12,,Dec 2021,532432,,,,,
1057,2536,2104,432,17%,-97,16,77,241,26%,179,2.50,,Mar 2022,532432,,,,,
1058,2419,2047,372,15%,-12,22,83,254,-3%,261,3.66,,Jun 2022,532432,,,,,
1059,2911,2474,437,15%,389,21,66,739,26%,548,7.61,,Sep 2022,532432,,,,,
1060,2779,2407,372,13%,-127,24,65,155,-38%,214,2.95,,Dec 2022,532432,,,,,
1061,2503,2268,235,9%,0,36,69,130,21%,103,1.41,,Mar 2023,532432,,,,,
1062,4105,3585,519,13%,-16,232,157,115,29%,82,1.56,,Mar 2020,532343,,,,,
1063,1940,1869,71,4%,7,213,105,-241,24%,-183,-3.78,,Jun 2020,532343,,,,,
1064,5254,4624,631,12%,14,239,150,255,29%,181,3.79,,Sep 2020,532343,,,,,
1065,6095,5346,749,12%,15,221,150,393,26%,290,5.97,,Dec 2020,532343,,,,,
1066,6132,5354,778,13%,5,209,159,414,23%,319,6.53,,Mar 2021,532343,,,,,
1067,4689,4274,415,9%,-34,221,164,-3,-337%,-15,-0.22,,Jun 2021,532343,,,,,
1068,6483,5744,740,11%,8,223,182,343,32%,234,5.10,,Sep 2021,532343,,,,,
1069,6597,5828,770,12%,14,234,190,359,34%,237,5.21,,Dec 2021,532343,,,,,
1070,6585,5760,826,13%,12,263,207,368,25%,275,5.84,,Mar 2022,532343,,,,,
1071,7316,6420,896,12%,31,292,199,436,32%,297,6.43,,Jun 2022,532343,,,,,
1072,8561,7490,1071,13%,30,338,212,550,32%,373,8.13,,Sep 2022,532343,,,,,
1073,8066,7055,1011,13%,8,339,216,464,35%,304,6.33,,Dec 2022,532343,,,,,
1074,8031,6982,1049,13%,67,398,232,486,31%,336,7.07,,Mar 2023,532343,,,,,
1075,10229,9914,316,3%,8,84,68,172,35%,111,9.71,,Dec 2020,543458,,,,,
1076,10672,10320,352,3%,26,111,66,202,-46%,295,25.81,,Mar 2021,543458,,,,,
1077,11312,10933,379,3%,57,142,68,226,26%,168,1.47,,Jun 2021,543458,,,,,
1078,13008,12583,425,3%,24,144,69,237,26%,176,1.54,,Sep 2021,543458,,,,,
1079,13763,13256,507,4%,26,138,73,322,25%,241,2.11,,Dec 2021,543458,,,,,
1080,14230,13816,414,3%,61,101,75,299,25%,223,1.72,,Mar 2022,543458,,,,,
1081,14017,13620,396,3%,51,144,77,227,25%,170,1.31,,Jun 2022,543458,,,,,
1082,13410,13152,258,2%,58,151,81,85,27%,62,0.48,,Sep 2022,543458,,,,,
1083,14714,14091,623,4%,76,237,81,381,27%,277,2.13,,Dec 2022,543458,,,,,
1084,13122,12782,339,3%,71,197,81,132,26%,98,0.75,,Mar 2023,543458,,,,,
1085,,3431,,,1406,3241,0,339,51%,166,0.16,,Mar 2020,500116,5605,-1067,-19%,,
1086,,2369,,,1052,3122,0,464,65%,164,0.15,,Jun 2020,500116,4903,-588,-12%,,
1087,,1940,,,922,2993,0,684,51%,337,0.32,,Sep 2020,500116,4695,-238,-5%,,
1088,,2437,,,1483,2753,0,870,54%,399,0.37,,Dec 2020,500116,4577,-613,-13%,,
1089,,3978,,,1197,2540,0,467,-17%,631,0.59,,Mar 2021,500116,5787,-730,-13%,,
1090,,3244,,,1767,2408,0,1035,42%,605,0.56,,Jun 2021,500116,4920,-732,-15%,,
1091,,2095,,,1030,2298,0,795,27%,594,0.55,,Sep 2021,500116,4158,-235,-6%,,
1092,,2592,,,1200,2240,0,997,40%,618,0.57,,Dec 2021,500116,4629,-203,-4%,,
1093,,2463,,,923,2175,0,893,18%,740,0.68,,Mar 2022,500116,4608,-30,-1%,,
1094,,2571,,,1190,2144,0,1114,31%,773,0.71,,Jun 2022,500116,4639,-77,-2%,,
1095,,2430,,,1058,2238,0,1384,45%,782,0.72,,Sep 2022,500116,4994,326,7%,,
1096,,2563,,,923,2304,0,1286,27%,950,0.88,,Dec 2022,500116,5230,363,7%,,
1097,,3167,,,1404,2445,0,1521,21%,1223,1.13,,Mar 2023,500116,5729,118,2%,,
1098,1966,1426,540,27%,53,111,163,319,21%,251,7.42,,Dec 2019,500420,,,,,
1099,1946,1398,548,28%,15,102,168,293,-7%,314,9.28,,Mar 2020,500420,,,,,
1100,2056,1395,661,32%,4,102,161,402,20%,321,9.49,,Jun 2020,500420,,,,,
1101,2017,1382,635,31%,6,92,165,384,19%,310,9.16,,Sep 2020,500420,,,,,
1102,1995,1388,607,30%,8,91,167,357,17%,297,8.78,,Dec 2020,500420,,,,,
1103,1937,1355,582,30%,39,73,165,383,15%,324,9.57,,Mar 2021,500420,,,,,
1104,2134,1457,677,32%,40,68,165,484,32%,330,9.75,,Jun 2021,500420,,,,,
1105,2137,1477,660,31%,51,71,168,472,33%,316,9.34,,Sep 2021,500420,,,,,
1106,2108,1570,538,26%,48,62,167,357,30%,249,7.36,,Dec 2021,500420,,,,,
1107,2131,1570,561,26%,-429,57,162,-87,-36%,-118,-3.49,,Mar 2022,500420,,,,,
1108,2347,1635,712,30%,30,55,155,532,33%,354,10.46,,Jun 2022,500420,,,,,
1109,2291,1612,679,30%,16,69,163,463,33%,312,9.22,,Sep 2022,500420,,,,,
1110,2491,1767,724,29%,-10,102,193,419,32%,283,8.36,,Dec 2022,500420,,,,,
1111,616,719,-103,-17%,-151,83,41,-377,24%,-288,-4.52,,Mar 2020,500093,,,,,
1112,363,476,-113,-31%,-3,82,40,-237,-11%,-263,-3.87,,Jun 2020,500093,,,,,
1113,664,608,56,8%,168,76,32,116,6%,109,1.76,,Sep 2020,500093,,,,,
1114,820,723,97,12%,1242,14,34,1291,67%,425,3.22,,Dec 2020,500093,,,,,
1115,1118,1057,61,5%,255,26,33,258,-285%,993,7.42,,Mar 2021,500093,,,,,
1116,1050,945,105,10%,11,17,28,71,23%,55,0.40,,Jun 2021,500093,,,,,
1117,1454,1283,171,12%,107,17,25,236,15%,202,1.49,,Sep 2021,500093,,,,,
1118,1551,1343,208,13%,423,17,25,589,8%,545,4.03,,Dec 2021,500093,,,,,
1119,1485,1319,166,11%,12,17,23,139,20%,112,0.77,,Mar 2022,500093,,,,,
1120,1665,1473,192,12%,10,5,24,173,25%,130,0.85,,Jun 2022,500093,,,,,
1121,1696,1437,260,15%,11,5,25,241,26%,179,1.17,,Sep 2022,500093,,,,,
1122,1752,1475,277,16%,60,4,23,310,26%,228,1.49,,Dec 2022,500093,,,,,
1123,1903,1627,275,14%,199,2,25,447,5%,426,2.79,,Mar 2023,500093,,,,,
1124,2237,1895,341,15%,-157,5,116,64,-27%,81,27.51,,Mar 2020,500530,,,,,
1125,992,1094,-102,-10%,-24,2,73,-201,40%,-120,-40.84,,Jun 2020,500530,,,,,
1126,2479,2191,288,12%,-299,1,80,-91,29%,-65,-21.97,,Sep 2020,500530,,,,,
1127,3030,2672,358,12%,-35,7,97,219,15%,186,62.98,,Dec 2020,500530,,,,,
1128,3218,2599,619,19%,117,4,92,640,25%,482,163.43,,Mar 2021,500530,,,,,
1129,2444,2137,307,13%,99,3,67,335,23%,260,88.09,,Jun 2021,500530,,,,,
1130,2918,2560,358,12%,124,2,83,398,6%,372,126.13,,Sep 2021,500530,,,,,
1131,3109,2752,358,12%,80,17,85,336,30%,235,79.64,,Dec 2021,500530,,,,,
1132,3311,2870,441,13%,87,7,89,432,19%,351,118.87,,Mar 2022,500530,,,,,
1133,3544,3095,450,13%,57,4,65,438,24%,334,113.31,,Jun 2022,500530,,,,,
1134,3662,3230,431,12%,150,2,92,487,24%,372,126.26,,Sep 2022,500530,,,,,
1135,3660,3256,404,11%,131,2,108,425,25%,319,108.13,,Dec 2022,500530,,,,,
1136,4063,3541,522,13%,136,5,121,533,25%,399,135.28,,Mar 2023,500530,,,,,
1137,266,347,-81,-30%,18,2,35,-100,0%,-100,-2955.29,,Jun 2020,543320,,,,,
1138,426,548,-122,-29%,-71,2,35,-230,0%,-230,-6565.63,,Sep 2020,543320,,,,,
1139,609,720,-111,-18%,-205,2,34,-351,-0%,-353,-10082.93,,Dec 2020,543320,,,,,
1140,692,846,-154,-22%,58,4,35,-134,0%,-134,-3721.19,,Mar 2021,543320,,,,,
1141,844,1221,-376,-45%,56,3,36,-359,-0%,-361,-0.53,,Jun 2021,543320,,,,,
1142,1024,1560,-536,-52%,142,3,38,-435,0%,-435,-0.55,,Sep 2021,543320,,,,,
1143,1112,1601,-489,-44%,464,3,39,-67,0%,-67,-0.08,,Dec 2021,543320,,,,,
1144,1212,1662,-450,-37%,130,2,38,-359,-0%,-360,-0.46,,Mar 2022,543320,,,,,
1145,1414,1722,-308,-22%,168,5,42,-186,0%,-186,-0.24,,Jun 2022,543320,,,,,
1146,1661,1973,-311,-19%,170,12,107,-260,4%,-251,-0.29,,Sep 2022,543320,,,,,
1147,1948,2314,-366,-19%,173,16,155,-364,5%,-347,-0.41,,Dec 2022,543320,,,,,
1148,2056,2281,-225,-11%,171,16,134,-204,8%,-188,-0.22,,Mar 2023,543320,,,,,
1149,991,847,144,15%,382,-7,79,453,15%,386,0.81,,Mar 2020,517334,,,,,
1150,278,381,-103,-37%,12,14,50,-156,20%,-125,-0.26,,Jun 2020,517334,,,,,
1151,996,856,139,14%,97,21,50,165,8%,152,0.32,,Sep 2020,517334,,,,,
1152,1127,967,160,14%,186,31,49,267,7%,249,0.53,,Dec 2020,517334,,,,,
1153,1269,1095,174,14%,193,24,49,294,17%,245,0.52,,Mar 2021,517334,,,,,
1154,1114,989,125,11%,147,24,50,198,9%,181,0.38,,Jun 2021,517334,,,,,
1155,1279,1150,129,10%,356,27,50,408,7%,378,0.80,,Sep 2021,517334,,,,,
1156,1321,1189,132,10%,188,31,52,238,12%,208,0.44,,Dec 2021,517334,,,,,
1157,1697,1415,282,17%,270,59,53,440,10%,397,0.59,,Mar 2022,517334,,,,,
1158,1618,1474,144,9%,87,30,56,145,17%,120,0.18,,Jun 2022,517334,,,,,
1159,1811,1604,207,11%,145,22,56,273,22%,214,0.32,,Sep 2022,517334,,,,,
1160,1820,1597,223,12%,228,28,58,366,9%,334,0.49,,Dec 2022,517334,,,,,
1161,2067,1861,206,10%,45,65,62,124,15%,106,0.16,,Mar 2023,517334,,,,,
1162,,8307,,,2618,9360,0,-843,29%,-795,-1.22,,Mar 2020,532461,14206,-3461,-24%,,
1163,,9949,,,3862,13949,0,829,43%,591,0.57,,Jun 2020,532461,20865,-3033,-15%,,
1164,,10001,,,2319,12745,0,939,42%,608,0.61,,Sep 2020,532461,21366,-1380,-6%,,
1165,,10171,,,2751,12135,0,1076,46%,781,0.71,,Dec 2020,532461,20632,-1675,-8%,,
1166,,8720,,,2568,11975,0,939,42%,715,0.67,,Mar 2021,532461,19066,-1629,-9%,,
1167,,9776,,,3879,11843,0,1497,28%,1184,1.06,,Jun 2021,532461,19237,-2382,-12%,,
1168,,8922,,,3262,11786,0,889,-35%,1127,1.00,,Sep 2021,532461,18335,-2373,-13%,,
1169,,8839,,,2696,11697,0,1739,34%,1249,1.14,,Dec 2021,532461,19579,-957,-5%,,
1170,,9384,,,2261,11497,0,470,48%,348,0.31,,Mar 2022,532461,19090,-1791,-9%,,
1171,,9523,,,2384,11443,0,562,46%,271,0.26,,Jun 2022,532461,19144,-1822,-10%,,
1172,,10493,,,2704,12172,0,626,42%,496,0.45,,Sep 2022,532461,20588,-2077,-10%,,
1173,,11578,,,3325,13513,0,1043,37%,715,0.64,,Dec 2022,532461,22808,-2282,-10%,,
1174,,10813,,,3827,14690,0,2630,34%,1876,1.69,,Mar 2023,532461,24305,-1197,-5%,,
1175,6334,5660,673,11%,157,10,183,638,4%,614,30.27,,Mar 2020,500182,,,,,
1176,2969,2852,117,4%,152,12,179,78,26%,58,2.96,,Jun 2020,500182,,,,,
1177,9473,8165,1308,14%,147,11,183,1261,24%,964,47.98,,Sep 2020,500182,,,,,
1178,9827,8478,1349,14%,206,11,180,1364,25%,1029,51.02,,Dec 2020,500182,,,,,
1179,8690,7463,1227,14%,106,13,174,1147,23%,885,44.10,,Mar 2021,500182,,,,,
1180,5503,5119,384,7%,145,13,173,343,25%,256,12.82,,Jun 2021,500182,,,,,
1181,8539,7516,1023,12%,158,14,174,993,25%,748,37.32,,Sep 2021,500182,,,,,
1182,8013,7030,983,12%,140,13,174,936,25%,704,35.22,,Dec 2021,500182,,,,,
1183,7497,6661,836,11%,131,13,168,786,21%,621,30.60,,Mar 2022,500182,,,,,
1184,8448,7527,920,11%,56,14,173,789,26%,586,29.55,,Jun 2022,500182,,,,,
1185,9158,8096,1062,12%,94,48,173,936,27%,682,34.45,,Sep 2022,500182,,,,,
1186,8118,7177,942,12%,265,24,172,1011,29%,721,36.33,,Dec 2022,500182,,,,,
1187,8434,7345,1089,13%,238,19,180,1128,28%,811,40.29,,Mar 2023,500182,,,,,
1188,,9818,,,3036,8730,0,-3263,2%,-3207,-31.16,,Mar 2020,532483,12249,-6299,-51%,8.24%,4.23%
1189,,10285,,,4463,11942,0,487,11%,487,3.29,,Jun 2020,532483,18251,-3976,-22%,8.87%,3.95%
1190,,10602,,,4696,11388,0,648,28%,480,3.21,,Sep 2020,532483,17942,-4047,-23%,8.26%,3.42%
1191,,12143,,,6919,11128,0,1105,33%,766,4.55,,Dec 2020,532483,17457,-5814,-33%,7.48%,2.65%
1192,,10926,,,6694,10725,0,1641,35%,1224,7.26,,Mar 2021,532483,16598,-5053,-30%,8.94%,3.82%
1193,,10446,,,5951,10627,0,1947,44%,1191,7.50,,Jun 2021,532483,17068,-4004,-23%,8.52%,3.46%
1194,,11066,,,6540,10791,0,2019,45%,1194,7.25,,Sep 2021,532483,17336,-4521,-26%,8.44%,3.21%
1195,,8386,,,3506,10761,0,2341,30%,1712,9.13,,Dec 2021,532483,17982,-1165,-6%,7.81%,2.87%
1196,,10824,,,6292,10856,0,2839,31%,2061,10.58,,Mar 2022,532483,18227,-3453,-19%,7.51%,2.65%
1197,,9382,,,5202,11396,0,2961,30%,2193,12.02,,Jun 2022,532483,18537,-2241,-12%,6.99%,2.48%
1198,,11326,,,6876,12681,0,3351,23%,2730,14.91,,Sep 2022,532483,20482,-3525,-17%,6.37%,2.19%
1199,,10831,,,5777,13622,0,3886,25%,3058,16.72,,Dec 2022,532483,22561,-1891,-8%,5.90%,1.96%
1200,,12253,,,7470,15292,0,4229,24%,3364,18.39,,Mar 2023,532483,24304,-3241,-13%,5.35%,1.73%
1201,248,228,20,8%,27,25,12,10,0%,53,0.99,,Mar 2020,543220,,,,,
1202,256,281,-24,-10%,-214,35,26,-300,3%,-314,-3.47,,Jun 2020,543220,,,,,
1203,651,564,87,13%,40,53,52,22,25%,17,0.18,,Sep 2020,543220,,,,,
1204,796,635,160,20%,40,46,48,105,14%,90,1.00,,Dec 2020,543220,,,,,
1205,802,634,168,21%,29,45,48,104,33%,70,0.72,,Mar 2021,543220,,,,,
1206,1000,756,244,24%,26,27,54,190,23%,147,1.52,,Jun 2021,543220,,,,,
1207,1018,779,239,23%,23,27,54,182,20%,145,1.50,,Sep 2021,543220,,,,,
1208,976,728,247,25%,46,25,55,213,11%,190,1.96,,Dec 2021,543220,,,,,
1209,937,729,209,22%,26,22,58,154,20%,124,1.28,,Mar 2022,543220,,,,,
1210,1066,802,264,25%,32,22,57,216,20%,173,1.78,,Jun 2022,543220,,,,,
1211,1137,818,319,28%,26,22,58,265,-72%,457,4.72,,Sep 2022,543220,,,,,
1212,1142,828,314,28%,45,20,57,281,21%,222,2.29,,Dec 2022,543220,,,,,
1213,1215,874,340,28%,40,20,60,301,17%,251,2.58,,Mar 2023,543220,,,,,
1214,1063,855,208,20%,78,85,103,98,32%,76,0.56,,Mar 2020,500850,,,,,
1215,144,410,-266,-185%,118,88,100,-336,21%,-313,-2.12,,Jun 2020,500850,,,,,
1216,257,407,-150,-59%,87,97,103,-263,16%,-252,-1.74,,Sep 2020,500850,,,,,
1217,560,577,-17,-3%,83,112,102,-148,21%,-133,-0.90,,Dec 2020,500850,,,,,
1218,615,544,71,12%,37,106,104,-102,12%,-98,-0.69,,Mar 2021,500850,,,,,
1219,345,493,-149,-43%,46,110,103,-315,14%,-302,-2.10,,Jun 2021,500850,,,,,
1220,728,656,73,10%,13,114,102,-130,9%,-131,-0.91,,Sep 2021,500850,,,,,
1221,1111,789,322,29%,12,125,100,109,21%,96,0.58,,Dec 2021,500850,,,,,
1222,872,713,159,18%,99,79,102,77,-3%,72,0.52,,Mar 2022,500850,,,,,
1223,1266,888,378,30%,18,62,103,231,28%,181,1.20,,Jun 2022,500850,,,,,
1224,1233,939,294,24%,37,60,103,169,26%,130,0.86,,Sep 2022,500850,,,,,
1225,1686,1089,597,35%,58,57,103,495,23%,404,2.69,,Dec 2022,500850,,,,,
1226,1625,1090,535,33%,29,57,108,400,24%,339,2.31,,Mar 2023,500850,,,,,
1227,843,794,49,6%,43,62,67,-37,109%,3,0.36,,Mar 2020,500251,,,,,
1228,248,411,-163,-65%,55,60,64,-232,21%,-184,-4.99,,Jun 2020,500251,,,,,
1229,585,601,-16,-3%,36,60,63,-103,24%,-79,-2.01,,Sep 2020,500251,,,,,
1230,854,682,171,20%,45,64,63,90,29%,64,2.08,,Dec 2020,500251,,,,,
1231,906,801,105,12%,67,64,68,40,56%,17,0.82,,Mar 2021,500251,,,,,
1232,492,557,-65,-13%,41,71,69,-164,16%,-138,-3.56,,Jun 2021,500251,,,,,
1233,1178,968,210,18%,57,75,73,119,33%,80,2.60,,Sep 2021,500251,,,,,
1234,1499,1226,273,18%,42,77,80,157,28%,114,3.93,,Dec 2021,500251,,,,,
1235,1329,1204,125,9%,44,81,89,-1,"-1,530%",-21,0.00,,Mar 2022,500251,,,,,
1236,1803,1512,292,16%,78,95,127,147,22%,115,3.67,,Jun 2022,500251,,,,,
1237,1953,1697,256,13%,84,91,112,137,42%,79,2.62,,Sep 2022,500251,,,,,
1238,2303,1980,323,14%,91,91,118,204,24%,155,4.70,,Dec 2022,500251,,,,,
1239,2183,1980,203,9%,89,92,137,64,29%,45,1.52,,Mar 2023,500251,,,,,
1240,2882,2598,284,10%,87,0,0,371,24%,282,6.20,,Mar 2020,540716,,,,,
1241,2832,2313,519,18%,12,0,0,531,25%,398,8.76,,Jun 2020,540716,,,,,
1242,2995,2453,542,18%,12,0,0,555,25%,416,9.15,,Sep 2020,540716,,,,,
1243,3193,2781,413,13%,6,0,0,418,25%,314,6.90,,Dec 2020,540716,,,,,
1244,3163,3178,-15,-0%,466,0,0,450,23%,346,7.60,,Mar 2021,540716,,,,,
1245,4023,3775,248,6%,11,0,0,258,25%,194,4.27,,Jun 2021,540716,,,,,
1246,3976,3388,588,15%,6,0,0,594,25%,447,9.11,,Sep 2021,540716,,,,,
1247,4007,3598,409,10%,12,0,0,421,25%,318,6.47,,Dec 2021,540716,,,,,
1248,4020,4391,-371,-9%,781,0,0,410,24%,313,6.37,,Mar 2022,540716,,,,,
1249,4129,3684,445,11%,20,0,0,465,25%,349,7.11,,Jun 2022,540716,,,,,
1250,4669,4095,574,12%,36,0,0,610,3%,591,12.02,,Sep 2022,540716,,,,,
1251,4559,4105,454,10%,11,0,0,465,24%,353,7.18,,Dec 2022,540716,,,,,
1252,4519,4874,-355,-8%,928,0,0,573,24%,437,8.90,,Mar 2023,540716,,,,,
1253,11141,9237,1904,17%,-127,187,595,995,21%,784,8.08,,Mar 2020,512070,,,,,
1254,7833,6001,1832,23%,42,551,522,801,18%,653,7.21,,Jun 2020,512070,,,,,
1255,8939,7278,1661,19%,-136,343,533,649,17%,537,6.06,,Sep 2020,512070,,,,,
1256,9126,6931,2195,24%,145,745,542,1053,10%,944,10.39,,Dec 2020,512070,,,,,
1257,12796,10145,2651,21%,29,421,576,1683,19%,1361,13.91,,Mar 2021,512070,,,,,
1258,8515,6745,1770,21%,-15,607,551,597,-25%,749,8.86,,Jun 2021,512070,,,,,
1259,10567,8636,1931,18%,17,359,566,1023,24%,774,8.30,,Sep 2021,512070,,,,,
1260,11297,8853,2444,22%,31,529,600,1346,12%,1179,12.25,,Dec 2021,512070,,,,,
1261,15861,12481,3380,21%,62,800,642,2000,13%,1735,18.05,,Mar 2022,512070,,,,,
1262,10821,8675,2146,20%,25,519,588,1064,6%,1005,11.68,,Jun 2022,512070,,,,,
1263,12507,10090,2417,19%,35,644,608,1200,19%,969,10.84,,Sep 2022,512070,,,,,
1264,13679,10795,2884,21%,129,894,624,1495,9%,1360,14.48,,Dec 2022,512070,,,,,
1265,16569,13847,2722,16%,302,906,727,1391,22%,1080,10.55,,Mar 2023,512070,,,,,
1266,6795,5065,1730,25%,139,890,649,330,7%,306,3.98,,Mar 2020,532286,,,,,
1267,6518,4708,1810,28%,6,834,606,376,36%,240,1.54,,Jun 2020,532286,,,,,
1268,8149,5754,2395,29%,146,701,612,1228,27%,897,8.20,,Sep 2020,532286,,,,,
1269,9281,5357,3923,42%,318,643,608,2990,14%,2567,22.10,,Dec 2020,532286,,,,,
1270,10594,6359,4234,40%,-11,576,588,3059,30%,2139,19.30,,Mar 2021,532286,,,,,
1271,10610,8572,2037,19%,34,561,602,908,98%,14,0.40,,Jun 2021,532286,,,,,
1272,13612,9018,4594,34%,98,482,610,3601,26%,2678,25.33,,Sep 2021,532286,,,,,
1273,12525,9215,3310,26%,255,472,613,2480,25%,1866,15.85,,Dec 2021,532286,,,,,
1274,14339,11270,3070,21%,276,373,272,2701,18%,2207,14.81,,Mar 2022,532286,,,,,
1275,13045,9607,3439,26%,866,364,596,3344,17%,2771,19.54,,Jun 2022,532286,,,,,
1276,13521,11590,1931,14%,-898,365,614,54,-304%,219,1.96,,Sep 2022,532286,,,,,
1277,12452,10075,2377,19%,-361,346,608,1062,51%,518,5.08,,Dec 2022,532286,,,,,
1278,13692,11505,2187,16%,-138,371,873,805,42%,466,4.53,,Mar 2023,532286,,,,,
