,peers_ScripCode,ResQtr,peers_Name,LTP,Change,w52hi,w52hidt,w52lo,w52lodt,Revenue,PAT,Equity,OPM,NPM,RONW,EPS,Cash_EPS,PE,PB,BV,Results_QuarterName,SHP_QuarterName,PnPGrp,INDIAN,Foreign,Public,Institution,FII,DII,NonIns,Bodies_Corporate,FACE_VALUE,ScripCode
0,500325,117.0,RELIANCE,2506.55,2.79,2816.35,2022-06-03T00:00:00,2180.0,2023-03-20T00:00:00,122133.0,13821.0,6766.0,17.08,11.32,204.27,65.33,80.31,38.37,0.0,0.0,Mar - 23,,,,,,,,,,,10.0,500325
1,530965,117.0,IOC,90.13,1.07,90.3,2023-05-26T09:31:51,65.2,2022-09-29T00:00:00,226492.05,10058.69,14121.24,7.5,4.44,71.23,5.84,14.23,15.43,0.0,0.0,Mar - 23,,,,,,,,,,,10.0,500325
2,500547,117.0,BPCL,364.25,0.28,374.85,2023-05-11T00:00:00,288.2,2022-10-20T00:00:00,133413.81,6477.74,2129.45,7.89,4.86,304.2,8.49,37.74,42.9,0.0,0.0,Mar - 23,,,,,,,,,,,10.0,500325
3,500104,117.0,HINDPETRO,258.25,0.16,267.4,2023-05-15T00:00:00,200.0,2022-10-20T00:00:00,114444.69,3222.62,1418.55,5.21,2.82,227.18,-63.26,-32.74,-4.08,0.0,0.0,Mar - 23,,,,,,,,,,,10.0,500325
4,532540,117.0,TCS,3329.0,1.04,3575.0,2023-02-16T00:00:00,2926.0,2022-09-26T00:00:00,49780.0,9800.0,366.0,28.73,19.69,2677.6,106.87,117.64,31.15,0.0,0.0,Mar - 23,,2645386073.0,2645386073.0,0.0,1013665300.0,348806373.0,0.0,348806373.0,664858927.0,0.0,1.0,532540
5,500209,117.0,INFY,1317.3,0.98,1672.45,2022-12-01T00:00:00,1215.45,2023-04-25T00:00:00,30531.0,5904.0,2074.0,28.54,19.34,284.67,56.09,62.72,23.49,0.0,0.0,Mar - 23,,,,,,,,,,,5.0,532540
6,507685,117.0,WIPRO,401.5,1.85,488.0,2022-06-03T00:00:00,351.85,2023-04-17T00:00:00,17477.3,2264.1,1097.6,21.17,12.95,206.28,16.72,19.62,24.01,0.0,0.0,Mar - 23,,,,,,,,,,,2.0,532540
7,532281,117.0,HCLTECH,1138.6,2.02,1156.8,2023-02-03T00:00:00,875.65,2022-08-29T00:00:00,11637.0,2844.0,0.0,36.02,24.44,0.0,42.23,51.19,26.96,0.0,0.0,Mar - 23,,,,,,,,,,,2.0,532540
8,500180,117.0,HDFCBANK,1615.5,0.37,1733.95,2023-05-04T00:00:00,1271.75,2022-06-17T00:00:00,45119.36,12047.45,557.97,41.27,26.7,2159.16,79.05,79.05,20.44,0.0,0.0,Mar - 23,,,,,,,,,,,1.0,500180
9,532174,117.0,ICICIBANK,950.55,1.14,958.0,2022-11-30T00:00:00,670.35,2022-06-17T00:00:00,31021.13,9121.87,1396.78,44.57,29.41,4.63,45.68,45.68,20.81,3.02,281.92,Mar - 23,,,,,,,,,,,2.0,500180
10,532215,117.0,AXISBANK,926.95,0.65,970.45,2023-01-04T00:00:00,618.1,2022-06-23T00:00:00,23969.76,-5728.42,615.37,-12.57,-23.9,-930.89,31.13,34.86,29.78,0.0,0.0,Mar - 23,,,,,,,,,,,2.0,500180
11,532187,117.0,INDUSINDBK,1268.2,0.36,1275.5,2023-05-24T00:00:00,763.75,2022-06-23T00:00:00,10020.71,2040.51,775.9,37.45,20.36,262.99,95.24,95.24,13.32,0.0,0.0,Mar - 23,Mar - 23,117516010.0,0.0,117516010.0,658379188.0,187891472.0,0.0,187891472.0,470487716.0,0.0,10.0,500180
12,532174,117.0,ICICIBANK,950.55,1.14,958.0,2022-11-30T00:00:00,670.35,2022-06-17T00:00:00,31021.13,9121.87,1396.78,44.57,29.41,4.63,45.68,45.68,20.81,3.02,281.92,Mar - 23,,,,,,,,,,,2.0,532174
13,500180,117.0,HDFCBANK,1615.5,0.37,1733.95,2023-05-04T00:00:00,1271.75,2022-06-17T00:00:00,45119.36,12047.45,557.97,41.27,26.7,2159.16,79.05,79.05,20.44,0.0,0.0,Mar - 23,,,,,,,,,,,1.0,532174
14,532215,117.0,AXISBANK,926.95,0.65,970.45,2023-01-04T00:00:00,618.1,2022-06-23T00:00:00,23969.76,-5728.42,615.37,-12.57,-23.9,-930.89,31.13,34.86,29.78,0.0,0.0,Mar - 23,,,,,,,,,,,2.0,532174
15,532187,117.0,INDUSINDBK,1268.2,0.36,1275.5,2023-05-24T00:00:00,763.75,2022-06-23T00:00:00,10020.71,2040.51,775.9,37.45,20.36,262.99,95.24,95.24,13.32,0.0,0.0,Mar - 23,Mar - 23,117516010.0,0.0,117516010.0,658379188.0,187891472.0,0.0,187891472.0,470487716.0,0.0,10.0,532174
16,500696,117.0,HINDUNILVR,2651.6,2.0,2741.0,2022-12-09T00:00:00,2100.0,2022-06-17T00:00:00,14893.0,2552.0,235.0,24.92,17.14,1085.96,42.4,46.78,62.54,0.0,0.0,Mar - 23,,,,,,,,,,,1.0,500696
17,500875,117.0,ITC,443.7,0.59,444.75,2023-05-26T14:34:41,258.05,2022-06-17T00:00:00,17506.08,5086.86,1242.8,40.15,29.06,409.31,15.09,16.43,29.4,0.0,0.0,Mar - 23,,,,,,,,,,,1.0,500696
18,519126,117.0,HNDFDS,565.2,-0.04,749.15,2022-12-05T00:00:00,328.73,2022-06-21T00:00:00,594.86,16.32,22.55,6.69,2.74,72.39,5.72,8.32,98.81,0.0,0.0,Mar - 23,,,,,,,,,,,2.0,500696
19,500209,117.0,INFY,1317.3,0.98,1672.45,2022-12-01T00:00:00,1215.45,2023-04-25T00:00:00,30531.0,5904.0,2074.0,28.54,19.34,284.67,56.09,62.72,23.49,0.0,0.0,Mar - 23,,,,,,,,,,,5.0,500209
20,532540,117.0,TCS,3329.0,1.04,3575.0,2023-02-16T00:00:00,2926.0,2022-09-26T00:00:00,49780.0,9800.0,366.0,28.73,19.69,2677.6,106.87,117.64,31.15,0.0,0.0,Mar - 23,,2645386073.0,2645386073.0,0.0,1013665300.0,348806373.0,0.0,348806373.0,664858927.0,0.0,1.0,500209
21,507685,117.0,WIPRO,401.5,1.85,488.0,2022-06-03T00:00:00,351.85,2023-04-17T00:00:00,17477.3,2264.1,1097.6,21.17,12.95,206.28,16.72,19.62,24.01,0.0,0.0,Mar - 23,,,,,,,,,,,2.0,500209
22,532281,117.0,HCLTECH,1138.6,2.02,1156.8,2023-02-03T00:00:00,875.65,2022-08-29T00:00:00,11637.0,2844.0,0.0,36.02,24.44,0.0,42.23,51.19,26.96,0.0,0.0,Mar - 23,,,,,,,,,,,2.0,500209
23,500875,117.0,ITC,443.7,0.59,444.75,2023-05-26T14:34:41,258.05,2022-06-17T00:00:00,17506.08,5086.86,1242.8,40.15,29.06,409.31,15.09,16.43,29.4,0.0,0.0,Mar - 23,,,,,,,,,,,1.0,500875
24,500696,117.0,HINDUNILVR,2651.6,2.0,2741.0,2022-12-09T00:00:00,2100.0,2022-06-17T00:00:00,14893.0,2552.0,235.0,24.92,17.14,1085.96,42.4,46.78,62.54,0.0,0.0,Mar - 23,,,,,,,,,,,1.0,500875
25,519126,117.0,HNDFDS,565.2,-0.04,749.15,2022-12-05T00:00:00,328.73,2022-06-21T00:00:00,594.86,16.32,22.55,6.69,2.74,72.39,5.72,8.32,98.81,0.0,0.0,Mar - 23,,,,,,,,,,,2.0,500875
26,500112,117.0,SBIN,585.85,0.78,629.65,2022-12-15T00:00:00,430.8,2022-06-20T00:00:00,92951.06,16694.51,892.46,26.49,17.96,1870.62,56.29,56.29,10.41,0.0,0.0,Mar - 23,Mar - 23,5079775288.0,5079775288.0,0.0,3755675696.0,2225765173.0,0.0,2225765173.0,1529910523.0,0.0,1.0,500112
27,532134,117.0,BANKBARODA,183.5,0.94,197.2,2022-12-09T00:00:00,89.9,2022-06-20T00:00:00,25856.68,4775.33,1035.53,31.22,18.47,461.15,27.28,27.28,6.73,0.0,0.0,Mar - 23,Mar - 23,3308184689.0,3308184689.0,0.0,1863177490.0,859281523.0,0.0,859281523.0,1003895967.0,0.0,2.0,500112
28,532483,117.0,CANBK,306.7,2.37,341.6,2023-01-03T00:00:00,171.7,2022-06-20T00:00:00,23909.8,3174.74,1814.13,30.33,13.28,175.0,58.45,58.45,5.25,0.0,0.0,Mar - 23,,1141709678.0,1141709678.0,0.0,672420574.0,288782812.0,0.0,288782812.0,383637762.0,0.0,10.0,500112
29,532461,117.0,PNB,50.36,1.41,62.05,2022-12-15T00:00:00,28.05,2022-06-20T00:00:00,23848.61,1158.61,2202.2,24.6,4.86,52.61,2.28,2.28,22.09,0.0,0.0,Mar - 23,,,,,,,,,,,2.0,500112
30,500010,100.0,HDFC,2650.15,0.02,2867.0,2023-05-04T00:00:00,2026.55,2022-06-17T00:00:00,10555.18,2113.8,343.89,96.08,20.03,614.67,55.93,56.24,47.38,0.0,0.0,Dec - 18,Mar - 23,0.0,0.0,0.0,1834555988.0,410101003.0,0.0,410101003.0,1424454985.0,0.0,2.0,500010
31,500253,101.0,LICHSGFIN,377.3,0.55,443.5,2022-09-15T00:00:00,291.75,2022-06-20T00:00:00,4655.14,693.58,100.93,94.25,14.9,687.19,48.17,48.4,7.83,0.0,0.0,Mar - 19,,,,,,,,,,,2.0,500010
32,535789,100.0,IBULHSGFIN,113.5,1.61,158.6,2022-12-30T00:00:00,89.0,2022-07-06T00:00:00,3819.81,952.66,85.47,95.07,24.94,1114.61,89.06,89.85,1.27,0.0,0.0,Dec - 18,,,,,,,,,,,2.0,500010
33,540173,100.0,PNBHOUSING,474.05,3.07,541.72,2023-03-09T00:00:00,260.82,2022-05-26T00:00:00,1999.5,266.95,167.47,89.93,13.35,159.4,55.58,57.32,8.53,0.0,0.0,Dec - 18,,,,,,,,,,,10.0,500010
34,532454,117.0,BHARTIARTL,817.85,-0.63,877.1,2022-11-25T00:00:00,629.05,2022-07-14T00:00:00,21829.0,1354.2,2836.6,53.12,6.2,1.71,-0.86,43.51,-950.99,5.34,139.24,Mar - 23,,,,,,,,,,,5.0,532454
35,532822,117.0,IDEA,7.07,1.14,10.23,2022-05-31T00:00:00,5.7,2023-03-31T00:00:00,10474.9,-6519.3,48679.7,38.4,-62.24,-13.39,-6.02,-1.43,-1.17,0.0,0.0,Mar - 23,,,,,,,,,,,10.0,532454
36,500483,117.0,TATACOMM,1270.5,0.95,1429.95,2023-01-12T00:00:00,856.0,2022-06-15T00:00:00,1897.36,-137.78,285.0,12.58,-7.26,-48.34,23.37,58.32,54.36,0.0,0.0,Mar - 23,,,,,,,,,,,10.0,532454
37,532371,117.0,TTML,61.16,-0.31,149.0,2022-09-02T00:00:00,49.8,2023-03-29T00:00:00,280.13,-277.07,1954.93,47.69,-98.91,-14.17,-5.86,-5.1,-10.44,0.0,0.0,Mar - 23,,,,,,,,,,,10.0,532454
38,500034,100.0,BAJFINANCE,6902.65,0.95,7777.0,2022-09-22T00:00:00,5235.6,2022-06-17T00:00:00,4664.77,1022.73,0.0,68.63,21.92,0.0,60.52,62.73,114.06,0.0,0.0,Dec - 18,,,,,,,,,,,2.0,500034
39,511218,100.0,SHRIRAMFIN,1383.2,0.56,1509.25,2022-07-25T00:00:00,1102.1,2022-05-26T00:00:00,3991.04,635.45,226.91,73.19,15.92,280.04,86.5,88.33,15.99,0.0,0.0,Dec - 18,,,,,,,,,,,10.0,500034
40,532720,100.0,M&MFIN,280.05,-1.15,296.35,2023-05-09T00:00:00,160.6,2022-05-26T00:00:00,2222.52,318.66,0.0,69.89,14.34,0.0,22.56,23.44,12.41,0.0,0.0,Dec - 18,,,,,,,,,,,2.0,500034
41,511243,101.0,CHOLAFIN,1050.15,-0.89,1069.45,2023-05-23T00:00:00,594.0,2022-06-14T00:00:00,1885.08,291.86,156.42,77.6,15.48,186.59,75.86,79.41,13.84,0.0,0.0,Mar - 19,Mar - 23,423126532.0,421923059.0,1203473.0,398913824.0,176438859.0,0.0,176438859.0,222474965.0,0.0,2.0,500034
42,500247,117.0,KOTAKBANK,1944.95,0.78,1997.0,2022-11-18T00:00:00,1630.0,2022-06-30T00:00:00,9820.94,3495.59,993.28,47.32,35.59,351.92,55.07,55.07,35.32,0.0,0.0,Mar - 23,,,,,,,,,,,5.0,500247
43,500180,117.0,HDFCBANK,1615.5,0.37,1733.95,2023-05-04T00:00:00,1271.75,2022-06-17T00:00:00,45119.36,12047.45,557.97,41.27,26.7,2159.16,79.05,79.05,20.44,0.0,0.0,Mar - 23,,,,,,,,,,,1.0,500247
44,532187,117.0,INDUSINDBK,1268.2,0.36,1275.5,2023-05-24T00:00:00,763.75,2022-06-23T00:00:00,10020.71,2040.51,775.9,37.45,20.36,262.99,95.24,95.24,13.32,0.0,0.0,Mar - 23,Mar - 23,117516010.0,0.0,117516010.0,658379188.0,187891472.0,0.0,187891472.0,470487716.0,0.0,10.0,500247
45,539437,117.0,IDFCFIRSTB,69.88,2.79,70.0,2023-05-26T14:59:17,28.95,2022-06-22T00:00:00,6424.35,802.62,6618.12,24.26,12.49,12.13,3.68,3.68,18.99,0.0,0.0,Mar - 23,Mar - 23,2646438348.0,2646438348.0,0.0,3971683468.0,768767087.0,0.0,768767087.0,3202916381.0,0.0,10.0,500247
46,543526,,LICI,604.05,0.07,841.0,2022-05-30T00:00:00,530.2,2023-03-29T00:00:00,,,,,,,,,,,,,,,,,,,,,,,10.0,543526
47,500271,100.0,MFSL,687.1,1.72,884.7,2022-08-01T00:00:00,599.3,2023-04-26T00:00:00,176.36,139.89,53.8,79.56,79.32,260.02,5.43,5.5,126.54,0.0,0.0,Dec - 18,,,,,,,,,,,2.0,543526
48,500510,117.0,LT,2218.0,0.55,2416.0,2023-05-02T00:00:00,1456.8,2022-06-20T00:00:00,36734.13,3002.85,281.1,12.53,8.17,1068.25,55.85,65.6,39.71,0.0,0.0,Mar - 23,,,,,,,,,,,2.0,500510
49,542649,116.0,RVNL,115.8,0.87,144.5,2023-05-08T00:00:00,29.0,2022-06-21T00:00:00,5010.67,341.02,2085.02,11.15,6.81,16.36,6.21,6.32,18.65,0.0,0.0,Dec - 22,,,,,,,,,,,10.0,500510
50,522287,117.0,KALPATPOWR,515.05,-0.53,597.15,2023-03-13T00:00:00,341.55,2022-05-26T00:00:00,4396.0,152.0,32.0,8.8,3.46,475.0,26.96,39.77,19.1,0.0,0.0,Mar - 23,,,,,,,,,,,2.0,500510
51,541956,117.0,IRCON,81.32,1.09,89.45,2023-05-03T00:00:00,34.8,2022-06-17T00:00:00,3669.93,248.18,188.1,8.27,6.76,131.94,8.26,8.66,9.85,0.0,0.0,Mar - 23,,,,,,,,,,,2.0,500510
52,532281,117.0,HCLTECH,1138.6,2.02,1156.8,2023-02-03T00:00:00,875.65,2022-08-29T00:00:00,11637.0,2844.0,0.0,36.02,24.44,0.0,42.23,51.19,26.96,0.0,0.0,Mar - 23,,,,,,,,,,,2.0,532281
53,532540,117.0,TCS,3329.0,1.04,3575.0,2023-02-16T00:00:00,2926.0,2022-09-26T00:00:00,49780.0,9800.0,366.0,28.73,19.69,2677.6,106.87,117.64,31.15,0.0,0.0,Mar - 23,,2645386073.0,2645386073.0,0.0,1013665300.0,348806373.0,0.0,348806373.0,664858927.0,0.0,1.0,532281
54,507685,117.0,WIPRO,401.5,1.85,488.0,2022-06-03T00:00:00,351.85,2023-04-17T00:00:00,17477.3,2264.1,1097.6,21.17,12.95,206.28,16.72,19.62,24.01,0.0,0.0,Mar - 23,,,,,,,,,,,2.0,532281
55,532755,117.0,TECHM,1115.2,1.57,1196.65,2022-06-01T00:00:00,944.1,2022-06-17T00:00:00,10938.5,676.7,487.1,10.27,6.19,138.92,40.29,48.23,27.68,0.0,0.0,Mar - 23,,,,,,,,,,,5.0,532281
56,500820,117.0,ASIANPAINT,3127.2,0.16,3590.0,2022-09-28T00:00:00,2560.25,2022-06-17T00:00:00,7626.01,1233.73,95.92,24.56,16.18,1286.21,42.75,50.63,73.15,0.0,0.0,Mar - 23,Mar - 23,504785184.0,504785184.0,0.0,454412606.0,94649998.0,0.0,94649998.0,359762608.0,0.0,1.0,500820
57,509480,117.0,BERGEPAINT,647.35,1.01,710.0,2022-08-18T00:00:00,527.6,2023-02-03T00:00:00,2189.29,196.21,97.14,16.23,8.96,201.99,8.53,10.94,75.89,0.0,0.0,Mar - 23,,,,,,,,,,,1.0,500820
58,500165,117.0,KANSAINER,410.85,0.18,535.9,2022-08-03T00:00:00,358.05,2022-06-22T00:00:00,1605.11,93.99,53.89,10.39,5.86,174.41,9.03,12.08,45.5,0.0,0.0,Mar - 23,,,,,,,,,,,1.0,500820
59,500710,117.0,AKZOINDIA,2493.3,2.73,2549.95,2023-05-23T00:00:00,1685.0,2022-06-17T00:00:00,951.36,95.42,45.54,16.9,10.03,209.52,73.58,91.69,33.89,0.0,0.0,Mar - 23,,,,,,,,,,,10.0,500820
60,532215,117.0,AXISBANK,926.95,0.65,970.45,2023-01-04T00:00:00,618.1,2022-06-23T00:00:00,23969.76,-5728.42,615.37,-12.57,-23.9,-930.89,31.13,34.86,29.78,0.0,0.0,Mar - 23,,,,,,,,,,,2.0,532215
61,500180,117.0,HDFCBANK,1615.5,0.37,1733.95,2023-05-04T00:00:00,1271.75,2022-06-17T00:00:00,45119.36,12047.45,557.97,41.27,26.7,2159.16,79.05,79.05,20.44,0.0,0.0,Mar - 23,,,,,,,,,,,1.0,532215
62,532174,117.0,ICICIBANK,950.55,1.14,958.0,2022-11-30T00:00:00,670.35,2022-06-17T00:00:00,31021.13,9121.87,1396.78,44.57,29.41,4.63,45.68,45.68,20.81,3.02,281.92,Mar - 23,,,,,,,,,,,2.0,532215
63,532187,117.0,INDUSINDBK,1268.2,0.36,1275.5,2023-05-24T00:00:00,763.75,2022-06-23T00:00:00,10020.71,2040.51,775.9,37.45,20.36,262.99,95.24,95.24,13.32,0.0,0.0,Mar - 23,Mar - 23,117516010.0,0.0,117516010.0,658379188.0,187891472.0,0.0,187891472.0,470487716.0,0.0,10.0,532215
64,512599,117.0,ADANIENT,2543.35,0.29,4189.55,2022-12-21T00:00:00,1017.1,2023-02-03T00:00:00,12727.42,440.88,114.0,6.13,3.46,386.74,14.23,15.38,178.73,0.0,0.0,Mar - 23,,,,,,,,,,,1.0,512599
65,524594,116.0,ASHOKALC,93.1,1.39,105.0,2023-02-20T00:00:00,62.0,2022-06-20T00:00:00,6.39,0.07,4.6,1.49,1.1,1.52,1.32,1.41,70.53,0.0,0.0,Dec - 22,Mar - 23,2519317.0,2519317.0,0.0,2081026.0,0.0,0.0,0.0,2081026.0,0.0,10.0,512599
66,540492,117.0,STARLENT,104.7,0.1,139.0,2023-02-13T00:00:00,80.95,2022-08-08T00:00:00,4.93,0.17,21.62,4.69,3.49,0.8,0.14,0.15,747.86,0.0,0.0,Mar - 23,,24150000.0,24150000.0,0.0,19080000.0,0.0,0.0,0.0,19080000.0,0.0,5.0,512599
67,514446,116.0,LSIND,15.0,-1.96,20.5,2013-05-16T00:00:00,8.63,2012-12-21T00:00:00,0.12,-0.24,84.88,-203.39,-203.39,-0.28,-0.02,-0.02,-750.0,0.0,0.0,Dec - 22,,,,,,,,,,,1.0,512599
68,532500,117.0,MARUTI,9397.15,1.24,9768.65,2022-10-31T00:00:00,7557.6,2022-06-07T00:00:00,32048.0,2623.6,151.0,12.77,8.19,1737.48,266.46,359.92,35.27,0.0,0.0,Mar - 23,,,,,,,,,,,5.0,532500
69,500520,117.0,M&M,1281.85,0.34,1396.0,2023-02-16T00:00:00,914.85,2022-05-26T00:00:00,22571.37,1548.97,599.05,11.6,6.86,258.57,53.05,78.17,24.16,0.0,0.0,Mar - 23,,,,,,,,,,,5.0,532500
70,500570,117.0,TATAMOTORS,518.55,0.75,537.15,2023-05-15T00:00:00,375.5,2022-12-26T00:00:00,20142.13,2695.56,766.02,10.03,13.38,351.89,8.21,13.53,63.16,0.0,0.0,Mar - 23,Mar - 23,1540885009.0,1540885009.0,0.0,1728541179.0,585357415.0,0.0,585357415.0,1143183764.0,0.0,2.0,532500
71,570001,117.0,TATAMTRDVR,267.0,-0.24,277.95,2023-05-16T00:00:00,179.85,2022-06-20T00:00:00,20142.13,2695.56,766.02,10.03,13.38,351.89,53.65,88.4,4.98,0.0,0.0,Mar - 23,,,,,,,,,,,2.0,532500
72,500114,117.0,TITAN,2741.95,1.39,2801.0,2023-05-15T00:00:00,1827.15,2022-07-01T00:00:00,9704.0,734.0,89.0,11.83,7.56,824.72,37.57,41.67,72.98,0.0,0.0,Mar - 23,Mar - 23,469601920.0,469601920.0,0.0,418184240.0,97754736.0,0.0,97754736.0,320429504.0,0.0,1.0,500114
73,543278,117.0,KALYANKJIL,105.75,0.67,134.0,2022-12-29T00:00:00,55.25,2022-06-21T00:00:00,2805.37,66.1,1030.05,7.04,2.36,6.42,3.78,5.56,27.98,0.0,0.0,Mar - 23,Mar - 23,623744492.0,623744492.0,0.0,406308565.0,27086160.0,0.0,27086160.0,379222405.0,0.0,10.0,500114
74,532715,95.0,GITANJALI,1.06,0.0,8.26,2018-06-04T00:00:00,0.93,2018-12-24T00:00:00,2327.37,34.32,118.62,5.34,1.47,28.93,3.42,4.66,0.31,0.0,0.0,Sep - 17,Dec - 17,32926361.0,32926361.0,0.0,85689644.0,18495810.0,0.0,18495810.0,67193834.0,0.0,10.0,500114
75,531500,116.0,RAJESHEXPO,571.75,1.88,1028.4,2023-02-06T00:00:00,516.05,2022-06-13T00:00:00,1634.18,60.15,29.53,3.69,3.68,203.73,0.26,0.29,2199.04,0.0,0.0,Dec - 22,,,,,,,,,,,1.0,500114
76,524715,116.0,SUNPHARMA,970.65,2.75,1071.9,2023-01-30T00:00:00,789.75,2022-06-17T00:00:00,4645.75,486.73,239.93,22.98,10.48,202.86,5.94,12.37,163.41,0.0,0.0,Dec - 22,,,,,,,,,,,1.0,524715
77,500124,117.0,DRREDDY,4530.05,0.62,4987.0,2023-05-05T00:00:00,3996.1,2022-09-19T00:00:00,4554.0,672.4,83.3,25.82,14.77,807.2,156.9,212.34,28.87,0.0,0.0,Mar - 23,,,,,,,,,,,5.0,524715
78,500087,117.0,CIPLA,951.0,0.69,1185.2,2022-11-01T00:00:00,852.0,2023-03-22T00:00:00,3893.74,355.49,161.43,18.84,9.13,220.21,31.14,38.26,30.54,0.0,0.0,Mar - 23,,,,,,,,,,,2.0,524715
79,524804,116.0,AUROPHARMA,614.55,1.58,647.9,2023-05-16T00:00:00,397.3,2023-02-03T00:00:00,3432.26,298.82,58.59,16.08,8.71,510.02,23.68,30.88,25.95,0.0,0.0,Dec - 22,,,,,,,,,,,1.0,524715
80,532978,102.0,BAJAJFINSV,1438.05,0.75,1846.0,2022-09-13T00:00:00,1077.7,2022-07-01T00:00:00,24.3,0.49,79.57,4.69,2.02,0.62,18.95,19.05,75.89,0.0,0.0,Jun - 19,Mar - 23,968065288.0,968065288.0,0.0,624750172.0,112033666.0,0.0,112033666.0,512716506.0,0.0,1.0,532978
81,500490,100.0,BAJAJHLDNG,7081.45,2.17,7377.6,2022-09-15T00:00:00,4299.8,2022-06-20T00:00:00,109.19,60.62,111.29,87.01,55.52,54.47,86.81,87.21,81.57,0.0,0.0,Dec - 18,Mar - 23,57273575.0,57273575.0,0.0,54019935.0,5505233.0,0.0,5505233.0,48514702.0,0.0,10.0,532978
82,505800,117.0,RANEHOLDIN,940.05,-0.32,1049.0,2023-02-14T00:00:00,556.0,2022-06-20T00:00:00,25.29,5.49,14.28,37.96,21.71,38.45,33.83,36.89,27.79,0.0,0.0,Mar - 23,,,,,,,,,,,10.0,532978
83,532468,101.0,KAMAHOLD,12330.9,-0.14,14600.0,2022-09-13T00:00:00,9615.0,2022-06-23T00:00:00,18.38,17.91,6.45,98.53,97.44,277.67,58.46,58.47,210.93,0.0,0.0,Mar - 19,,,,,,,,,,,10.0,532978
84,540376,117.0,DMART,3502.25,1.93,4606.0,2022-09-02T00:00:00,3292.65,2023-03-16T00:00:00,10337.12,505.21,648.26,7.97,4.89,77.93,39.43,47.81,88.82,0.0,0.0,Mar - 23,,,,,,,,,,,10.0,540376
85,540064,112.0,FRETAIL,3.05,-4.98,10.85,2022-05-23T00:00:00,2.1,2023-04-03T00:00:00,2786.4,-1078.19,108.46,-12.19,-38.69,-994.09,-81.98,-52.75,-0.04,0.0,0.0,Dec - 21,Mar - 22,77590160.0,77590160.0,0.0,464693919.0,49962200.0,0.0,49962200.0,414731719.0,0.0,2.0,540376
86,532638,117.0,SHOPERSTOP,750.2,-0.02,819.0,2022-10-21T00:00:00,402.9,2022-06-22T00:00:00,916.48,16.25,54.83,19.56,1.77,29.64,10.87,45.68,69.02,0.0,0.0,Mar - 23,,,,,,,,,,,5.0,540376
87,534976,117.0,VMART,2034.35,-0.48,3426.8,2022-05-27T00:00:00,1994.0,2023-05-17T00:00:00,593.91,-36.96,19.77,5.13,-6.22,-186.92,-3.97,87.06,-512.43,0.0,0.0,Mar - 23,Mar - 23,8767948.0,8767948.0,0.0,11004515.0,6291696.0,0.0,6291696.0,4712819.0,0.0,10.0,540376
88,532538,117.0,ULTRACEMCO,7723.8,1.55,7908.75,2023-05-12T00:00:00,5158.05,2022-06-17T00:00:00,18121.02,1650.26,288.69,18.44,9.11,571.64,170.32,261.05,45.35,0.0,0.0,Mar - 23,,,,,,,,,,,10.0,532538
89,500300,117.0,GRASIM,1687.25,-0.93,1839.3,2022-12-07T00:00:00,1276.9,2022-06-17T00:00:00,6645.83,93.51,131.69,8.16,1.41,71.01,32.25,48.92,52.32,0.0,0.0,Mar - 23,,,,,,,,,,,2.0,532538
90,500410,117.0,ACC,1785.35,0.39,2784.95,2022-09-14T00:00:00,1593.5,2023-03-28T00:00:00,4790.77,236.57,187.99,10.79,4.94,125.84,25.46,61.78,70.12,0.0,0.0,Mar - 23,,,,,,,,,,,10.0,532538
91,500387,117.0,SHREECEM,24991.0,3.06,27013.0,2023-02-21T00:00:00,17900.0,2022-06-20T00:00:00,4785.11,546.21,36.08,21.48,11.41,1513.89,368.1,796.64,67.89,0.0,0.0,Mar - 23,,,,,,,,,,,10.0,532538
92,507685,117.0,WIPRO,401.5,1.85,488.0,2022-06-03T00:00:00,351.85,2023-04-17T00:00:00,17477.3,2264.1,1097.6,21.17,12.95,206.28,16.72,19.62,24.01,0.0,0.0,Mar - 23,,,,,,,,,,,2.0,507685
93,532540,117.0,TCS,3329.0,1.04,3575.0,2023-02-16T00:00:00,2926.0,2022-09-26T00:00:00,49780.0,9800.0,366.0,28.73,19.69,2677.6,106.87,117.64,31.15,0.0,0.0,Mar - 23,,2645386073.0,2645386073.0,0.0,1013665300.0,348806373.0,0.0,348806373.0,664858927.0,0.0,1.0,507685
94,500209,117.0,INFY,1317.3,0.98,1672.45,2022-12-01T00:00:00,1215.45,2023-04-25T00:00:00,30531.0,5904.0,2074.0,28.54,19.34,284.67,56.09,62.72,23.49,0.0,0.0,Mar - 23,,,,,,,,,,,5.0,507685
95,532281,117.0,HCLTECH,1138.6,2.02,1156.8,2023-02-03T00:00:00,875.65,2022-08-29T00:00:00,11637.0,2844.0,0.0,36.02,24.44,0.0,42.23,51.19,26.96,0.0,0.0,Mar - 23,,,,,,,,,,,2.0,507685
96,500312,116.0,ONGC,163.6,-1.62,168.95,2023-05-12T00:00:00,119.8,2022-07-06T00:00:00,38583.29,11044.73,6290.14,52.4,28.63,175.59,38.1,51.66,4.29,0.0,0.0,Dec - 22,,,,,,,,,,,5.0,500312
97,533106,117.0,OIL,260.5,-0.08,306.0,2022-06-09T00:00:00,168.3,2022-09-28T00:00:00,5649.65,1788.28,1084.41,49.15,31.65,164.91,62.8,77.51,4.15,0.0,0.0,Mar - 23,,,,,,,,,,,10.0,500312
98,500186,117.0,HINDOILEXP,184.1,3.6,226.45,2022-06-08T00:00:00,115.9,2023-03-28T00:00:00,141.63,106.97,132.26,86.36,75.53,80.88,12.38,14.47,14.87,0.0,0.0,Mar - 23,Mar - 23,0.0,0.0,0.0,132243289.0,3743766.0,0.0,3743766.0,128499523.0,0.0,10.0,500312
99,530075,117.0,SELAN,264.7,-0.94,346.65,2022-10-11T00:00:00,153.2,2022-06-20T00:00:00,26.61,5.35,15.2,29.84,20.11,35.2,23.59,25.17,11.22,0.0,0.0,Mar - 23,,,,,,,,,,,10.0,500312
100,500790,117.0,NESTLEIND,21589.9,0.55,22295.95,2023-05-08T00:00:00,16433.45,2022-06-17T00:00:00,4830.53,736.64,96.42,23.38,15.25,23.43,264.31,305.8,81.68,58.45,326.15,Mar - 23,,,,,,,,,,,10.0,500790
101,500825,117.0,BRITANNIA,4596.9,0.71,4706.05,2023-05-25T00:00:00,3272.0,2022-06-20T00:00:00,3894.73,558.16,24.09,21.77,14.33,17.55,88.82,96.92,51.76,32.38,132.05,Mar - 23,,,,,,,,,,,1.0,500790
102,543653,117.0,BIKAJI,376.25,-1.27,447.0,2023-01-25T00:00:00,303.05,2022-11-18T00:00:00,458.23,36.73,24.95,13.83,8.01,147.19,1.47,5.67,85.51,0.0,0.0,Mar - 23,,189543900.0,189543900.0,0.0,59965980.0,26355113.0,0.0,26355113.0,33610867.0,0.0,1.0,500790
103,540724,116.0,DIAMONDYD,801.5,0.32,1010.0,2022-11-22T00:00:00,629.65,2022-07-01T00:00:00,377.79,3.42,11.73,4.9,0.91,29.18,-0.96,19.07,-834.9,0.0,0.0,Dec - 22,,,,,,,,,,,5.0,500790
104,500570,117.0,TATAMOTORS,518.55,0.75,537.15,2023-05-15T00:00:00,375.5,2022-12-26T00:00:00,20142.13,2695.56,766.02,10.03,13.38,351.89,8.21,13.53,63.16,0.0,0.0,Mar - 23,Mar - 23,1540885009.0,1540885009.0,0.0,1728541179.0,585357415.0,0.0,585357415.0,1143183764.0,0.0,2.0,500570
105,532500,117.0,MARUTI,9397.15,1.24,9768.65,2022-10-31T00:00:00,7557.6,2022-06-07T00:00:00,32048.0,2623.6,151.0,12.77,8.19,1737.48,266.46,359.92,35.27,0.0,0.0,Mar - 23,,,,,,,,,,,5.0,500570
106,500520,117.0,M&M,1281.85,0.34,1396.0,2023-02-16T00:00:00,914.85,2022-05-26T00:00:00,22571.37,1548.97,599.05,11.6,6.86,258.57,53.05,78.17,24.16,0.0,0.0,Mar - 23,,,,,,,,,,,5.0,500570
107,570001,117.0,TATAMTRDVR,267.0,-0.24,277.95,2023-05-16T00:00:00,179.85,2022-06-20T00:00:00,20142.13,2695.56,766.02,10.03,13.38,351.89,53.65,88.4,4.98,0.0,0.0,Mar - 23,,,,,,,,,,,2.0,500570
108,532555,117.0,NTPC,174.4,-0.03,182.8,2022-11-01T00:00:00,135.0,2022-06-24T00:00:00,41317.86,5672.32,9696.67,31.05,13.73,58.5,17.69,31.0,9.86,0.0,0.0,Mar - 23,,,,,,,,,,,10.0,532555
109,532627,117.0,JPPOWER,5.6,-0.53,9.44,2022-09-06T00:00:00,5.17,2023-03-27T00:00:00,137988.0,-4139.0,685346.0,-1.61,-3.0,-0.6,-5.89,-5.22,-0.95,0.0,0.0,Mar - 23,,1644830118.0,1644830118.0,0.0,5208628709.0,97299885.0,0.0,97299885.0,5111328824.0,0.0,10.0,532555
110,513683,117.0,NLCINDIA,95.0,0.16,96.21,2023-05-24T00:00:00,58.35,2022-06-20T00:00:00,4295.58,773.8,1386.64,51.62,18.01,55.8,9.0,19.24,10.56,0.0,0.0,Mar - 23,,,,,,,,,,,10.0,532555
111,533098,116.0,NHPC,42.96,0.44,47.88,2023-04-27T00:00:00,28.85,2022-06-20T00:00:00,2272.2,781.66,10045.03,75.88,34.4,2.15,3.81,4.94,11.28,1.1,36.11,Dec - 22,,,,,,,,,,,10.0,532555
112,500228,117.0,JSWSTEEL,701.55,0.67,783.35,2023-01-02T00:00:00,520.1,2022-05-26T00:00:00,37153.0,2838.0,0.0,18.3,7.64,0.0,20.42,40.91,34.36,0.0,0.0,Mar - 23,,,,,,,,,,,1.0,500228
113,500470,117.0,TATASTEEL,106.4,1.43,124.3,2023-01-19T00:00:00,82.71,2022-06-23T00:00:00,34275.25,4020.86,1222.4,23.62,11.73,328.93,12.68,17.13,8.39,0.0,0.0,Mar - 23,Mar - 23,4143594780.0,4143594780.0,0.0,7989988470.0,2516151583.0,0.0,2516151583.0,5473836887.0,0.0,1.0,500228
114,500113,117.0,SAIL,82.03,-0.34,93.9,2023-01-19T00:00:00,63.6,2022-06-20T00:00:00,29130.58,1049.02,4130.53,11.54,3.6,25.4,4.61,16.62,17.79,0.0,0.0,Mar - 23,,,,,,,,,,,10.0,500228
115,532286,117.0,JINDALSTEL,520.3,1.86,622.4,2023-02-01T00:00:00,304.2,2022-06-22T00:00:00,13392.25,789.2,100.5,14.96,5.89,785.27,23.79,45.02,21.87,0.0,0.0,Mar - 23,Mar - 23,624270314.0,574261534.0,50008780.0,395817783.0,141657226.0,0.0,141657226.0,254160557.0,0.0,1.0,500228
116,532898,117.0,POWERGRID,237.25,-0.27,249.45,2023-05-12T00:00:00,186.35,2022-09-26T00:00:00,11494.9,4214.4,6975.45,95.07,36.66,60.42,21.98,40.53,10.79,0.0,0.0,Mar - 23,,,,,,,,,,,10.0,532898
117,540565,113.0,INDIGRID,137.0,0.25,150.45,2022-10-24T00:00:00,128.0,2023-03-10T00:00:00,508.5,211.03,6590.32,87.21,41.5,3.2,3.01,0.0,8.79,0.0,0.0,Mar - 22,,,,,,,,,,,0.0,532898
118,539254,116.0,ADANITRANS,850.8,-4.56,4238.55,2022-09-16T00:00:00,630.0,2023-03-01T00:00:00,271.14,99.1,1115.49,49.57,36.55,0.96,1.23,1.23,691.71,28.15,92.07,Dec - 22,,,,,,,,,,,10.0,532898
119,500520,117.0,M&M,1281.85,0.34,1396.0,2023-02-16T00:00:00,914.85,2022-05-26T00:00:00,22571.37,1548.97,599.05,11.6,6.86,258.57,53.05,78.17,24.16,0.0,0.0,Mar - 23,,,,,,,,,,,5.0,500520
120,532500,117.0,MARUTI,9397.15,1.24,9768.65,2022-10-31T00:00:00,7557.6,2022-06-07T00:00:00,32048.0,2623.6,151.0,12.77,8.19,1737.48,266.46,359.92,35.27,0.0,0.0,Mar - 23,,,,,,,,,,,5.0,500520
121,500570,117.0,TATAMOTORS,518.55,0.75,537.15,2023-05-15T00:00:00,375.5,2022-12-26T00:00:00,20142.13,2695.56,766.02,10.03,13.38,351.89,8.21,13.53,63.16,0.0,0.0,Mar - 23,Mar - 23,1540885009.0,1540885009.0,0.0,1728541179.0,585357415.0,0.0,585357415.0,1143183764.0,0.0,2.0,500520
122,570001,117.0,TATAMTRDVR,267.0,-0.24,277.95,2023-05-16T00:00:00,179.85,2022-06-20T00:00:00,20142.13,2695.56,766.02,10.03,13.38,351.89,53.65,88.4,4.98,0.0,0.0,Mar - 23,,,,,,,,,,,2.0,500520
123,541450,117.0,ADANIGREEN,963.3,-0.77,2574.05,2022-08-23T00:00:00,439.35,2023-02-28T00:00:00,1632.0,-240.0,1584.0,10.29,-14.71,-15.15,-2.07,-2.0,-465.36,0.0,0.0,Mar - 23,Mar - 23,907077369.0,803307856.0,103769513.0,676955109.0,22851859.0,0.0,22851859.0,654103250.0,0.0,10.0,541450
124,532627,117.0,JPPOWER,5.6,-0.53,9.44,2022-09-06T00:00:00,5.17,2023-03-27T00:00:00,137988.0,-4139.0,685346.0,-1.61,-3.0,-0.6,-5.89,-5.22,-0.95,0.0,0.0,Mar - 23,,1644830118.0,1644830118.0,0.0,5208628709.0,97299885.0,0.0,97299885.0,5111328824.0,0.0,10.0,541450
125,533148,117.0,JSWENERGY,256.0,-1.01,369.0,2022-09-05T00:00:00,182.0,2022-06-20T00:00:00,1646.64,131.62,1640.54,23.74,7.99,8.02,4.32,6.25,59.26,0.0,0.0,Mar - 23,,,,,,,,,,,10.0,541450
126,533206,117.0,SJVN,35.34,-0.7,42.25,2022-12-05T00:00:00,25.45,2022-05-26T00:00:00,496.75,13.61,3929.8,73.9,2.74,0.35,3.47,4.46,10.18,0.0,0.0,Mar - 23,,,,,,,,,,,10.0,541450
127,532921,116.0,ADANIPORTS,726.9,0.26,987.9,2022-09-20T00:00:00,394.95,2023-02-03T00:00:00,1378.24,11.4,432.03,59.92,0.83,2.64,-5.9,-3.07,-123.2,0.0,0.0,Dec - 22,Mar - 23,1318314567.0,921283955.0,397030612.0,841824378.0,280379918.0,0.0,280379918.0,561444460.0,0.0,2.0,532921
128,533248,117.0,GPPL,108.0,-2.92,120.25,2023-04-05T00:00:00,70.4,2022-06-23T00:00:00,234.73,84.04,483.44,60.06,35.8,17.38,6.04,8.44,17.88,0.0,0.0,Mar - 23,,,,,,,,,,,10.0,532921
129,533427,116.0,VMS,14.07,1.96,20.7,2023-01-23T00:00:00,10.4,2023-03-21T00:00:00,37.96,0.15,16.47,1.69,0.38,0.26,0.43,0.66,32.72,0.47,34.02,Dec - 22,,,,,,,,,,,10.0,532921
130,520155,117.0,STARLOG,25.8,4.96,31.75,2023-05-09T00:00:00,9.12,2022-07-26T00:00:00,1.59,0.08,11.97,128.12,5.11,0.68,29.7,33.42,0.87,0.0,0.0,Mar - 23,,,,,,,,,,,10.0,532921
131,533278,117.0,COALINDIA,241.3,0.52,263.3,2022-11-09T00:00:00,174.6,2022-06-20T00:00:00,509.04,3138.26,6162.73,641.61,616.51,50.92,24.02,24.09,10.05,0.0,0.0,Mar - 23,,4075634553.0,4075634553.0,0.0,2087093774.0,1292498315.0,0.0,1292498315.0,794595459.0,0.0,10.0,533278
132,540005,117.0,LTIM,5000.65,1.86,5360.65,2022-11-15T00:00:00,3733.25,2022-05-26T00:00:00,8362.5,1091.1,29.6,19.26,13.05,3686.15,110.71,128.09,45.17,0.0,0.0,Mar - 23,,,,,,,,,,,1.0,540005
133,532540,117.0,TCS,3329.0,1.04,3575.0,2023-02-16T00:00:00,2926.0,2022-09-26T00:00:00,49780.0,9800.0,366.0,28.73,19.69,2677.6,106.87,117.64,31.15,0.0,0.0,Mar - 23,,2645386073.0,2645386073.0,0.0,1013665300.0,348806373.0,0.0,348806373.0,664858927.0,0.0,1.0,540005
134,532755,117.0,TECHM,1115.2,1.57,1196.65,2022-06-01T00:00:00,944.1,2022-06-17T00:00:00,10938.5,676.7,487.1,10.27,6.19,138.92,40.29,48.23,27.68,0.0,0.0,Mar - 23,,,,,,,,,,,5.0,540005
135,526299,117.0,MPHASIS,1972.45,2.14,2700.0,2022-06-03T00:00:00,1660.65,2023-04-17T00:00:00,2411.78,375.92,188.41,23.42,15.59,199.52,75.05,84.37,26.28,0.0,0.0,Mar - 23,,,,,,,,,,,10.0,540005
136,500470,117.0,TATASTEEL,106.4,1.43,124.3,2023-01-19T00:00:00,82.71,2022-06-23T00:00:00,34275.25,4020.86,1222.4,23.62,11.73,328.93,12.68,17.13,8.39,0.0,0.0,Mar - 23,Mar - 23,4143594780.0,4143594780.0,0.0,7989988470.0,2516151583.0,0.0,2516151583.0,5473836887.0,0.0,1.0,500470
137,500228,117.0,JSWSTEEL,701.55,0.67,783.35,2023-01-02T00:00:00,520.1,2022-05-26T00:00:00,37153.0,2838.0,0.0,18.3,7.64,0.0,20.42,40.91,34.36,0.0,0.0,Mar - 23,,,,,,,,,,,1.0,500470
138,500113,117.0,SAIL,82.03,-0.34,93.9,2023-01-19T00:00:00,63.6,2022-06-20T00:00:00,29130.58,1049.02,4130.53,11.54,3.6,25.4,4.61,16.62,17.79,0.0,0.0,Mar - 23,,,,,,,,,,,10.0,500470
139,532286,117.0,JINDALSTEL,520.3,1.86,622.4,2023-02-01T00:00:00,304.2,2022-06-22T00:00:00,13392.25,789.2,100.5,14.96,5.89,785.27,23.79,45.02,21.87,0.0,0.0,Mar - 23,Mar - 23,624270314.0,574261534.0,50008780.0,395817783.0,141657226.0,0.0,141657226.0,254160557.0,0.0,1.0,500470
140,500331,117.0,PIDILITIND,2585.5,2.41,2916.85,2022-09-15T00:00:00,1988.6,2022-06-17T00:00:00,2382.43,290.69,50.83,19.18,12.2,571.89,24.73,29.1,104.55,0.0,0.0,Mar - 23,Mar - 23,355505491.0,352745893.0,2759598.0,152808749.0,42690926.0,0.0,42690926.0,110117823.0,0.0,1.0,500331
141,500042,117.0,BASF,2497.8,0.45,3525.0,2022-08-25T00:00:00,2195.0,2023-02-15T00:00:00,3276.89,82.39,43.29,4.91,2.51,190.34,93.08,135.14,26.83,0.0,0.0,Mar - 23,Mar - 23,31743220.0,0.0,31743220.0,11542420.0,2744912.0,0.0,2744912.0,8797508.0,0.0,10.0,500331
142,503806,117.0,SRF,2515.7,1.75,2864.35,2022-09-14T00:00:00,2002.5,2022-07-06T00:00:00,3142.42,580.7,296.42,29.67,18.48,6.28,68.26,84.06,36.85,7.68,312.14,Mar - 23,,,,,,,,,,,10.0,500331
143,524208,117.0,AARTIIND,511.1,0.93,851.93,2022-09-14T00:00:00,482.4,2023-03-28T00:00:00,1639.52,148.1,181.25,15.36,9.03,81.71,16.41,25.32,31.15,0.0,0.0,Mar - 23,,,,,,,,,,,5.0,500331
144,532977,117.0,BAJAJ-AUTO,4611.0,-0.71,4663.9,2023-05-26T11:07:33,3462.05,2022-09-30T00:00:00,8904.72,1432.88,282.96,22.19,16.09,506.39,198.89,208.87,23.18,0.0,0.0,Mar - 23,Mar - 23,155580309.0,155580309.0,0.0,127352449.0,30505906.0,0.0,30505906.0,96846543.0,0.0,10.0,532977
145,500182,117.0,HEROMOTOCO,2745.7,0.5,2939.35,2022-08-18T00:00:00,2246.75,2023-03-28T00:00:00,8306.78,858.93,39.97,15.89,10.34,2148.94,145.65,178.52,18.85,0.0,0.0,Mar - 23,,,,,,,,,,,2.0,532977
146,532343,117.0,TVSMOTOR,1292.05,0.66,1301.0,2023-05-26T14:25:00,694.0,2022-05-26T00:00:00,6604.78,410.27,47.51,11.36,6.21,863.54,31.38,44.67,41.17,0.0,0.0,Mar - 23,,,,,,,,,,,1.0,532977
147,505200,117.0,EICHERMOT,3690.5,1.02,3886.0,2022-11-01T00:00:00,2585.3,2022-06-17T00:00:00,3831.35,746.86,27.35,29.95,19.49,2730.75,95.9,114.62,38.48,0.0,0.0,Mar - 23,,,,,,,,,,,1.0,532977
148,530965,117.0,IOC,90.13,1.07,90.3,2023-05-26T09:31:51,65.2,2022-09-29T00:00:00,226492.05,10058.69,14121.24,7.5,4.44,71.23,5.84,14.23,15.43,0.0,0.0,Mar - 23,,,,,,,,,,,10.0,530965
149,500547,117.0,BPCL,364.25,0.28,374.85,2023-05-11T00:00:00,288.2,2022-10-20T00:00:00,133413.81,6477.74,2129.45,7.89,4.86,304.2,8.49,37.74,42.9,0.0,0.0,Mar - 23,,,,,,,,,,,10.0,530965
150,500325,117.0,RELIANCE,2506.55,2.79,2816.35,2022-06-03T00:00:00,2180.0,2023-03-20T00:00:00,122133.0,13821.0,6766.0,17.08,11.32,204.27,65.33,80.31,38.37,0.0,0.0,Mar - 23,,,,,,,,,,,10.0,530965
151,500104,117.0,HINDPETRO,258.25,0.16,267.4,2023-05-15T00:00:00,200.0,2022-10-20T00:00:00,114444.69,3222.62,1418.55,5.21,2.82,227.18,-63.26,-32.74,-4.08,0.0,0.0,Mar - 23,,,,,,,,,,,10.0,530965
152,500550,117.0,SIEMENS,3519.95,0.94,3940.0,2023-05-12T00:00:00,2253.45,2022-06-22T00:00:00,4465.2,516.0,71.2,16.64,11.56,724.72,53.64,59.52,65.62,0.0,0.0,Mar - 23,Mar - 23,267089913.0,0.0,267089913.0,89030342.0,30127523.0,0.0,30127523.0,58902819.0,0.0,2.0,500550
153,500103,117.0,BHEL,78.93,-3.59,91.45,2022-12-05T00:00:00,41.4,2022-06-20T00:00:00,8226.99,598.11,696.41,13.34,7.27,85.88,1.29,2.03,61.19,0.0,0.0,Mar - 23,,,,,,,,,,,2.0,500550
154,532714,117.0,KEC,528.8,1.0,571.35,2023-05-11T00:00:00,351.8,2022-06-20T00:00:00,4961.37,29.4,51.42,4.33,0.59,57.19,7.01,11.95,75.44,0.0,0.0,Mar - 23,Mar - 23,133369101.0,133369101.0,0.0,123719269.0,66238366.0,0.0,66238366.0,57480903.0,0.0,2.0,500550
155,500002,117.0,ABB,4005.8,1.57,4012.05,2023-05-26T09:22:34,2121.0,2022-06-20T00:00:00,2411.21,244.89,42.38,14.83,10.16,577.84,41.91,46.93,95.58,0.0,0.0,Mar - 23,,,,,,,,,,,2.0,500550
156,540777,,HDFCLIFE,576.9,0.79,620.7,2023-01-06T00:00:00,457.95,2023-03-16T00:00:00,,,,,,,,,,,,,,,,,,,,,,,10.0,540777
157,500271,100.0,MFSL,687.1,1.72,884.7,2022-08-01T00:00:00,599.3,2023-04-26T00:00:00,176.36,139.89,53.8,79.56,79.32,260.02,5.43,5.5,126.54,0.0,0.0,Dec - 18,,,,,,,,,,,2.0,540777
158,540719,,SBILIFE,1196.1,1.55,1339.55,2022-09-08T00:00:00,1039.25,2023-03-20T00:00:00,,,,,,,,,,,,,,,,,,,,,,,10.0,540719
159,500271,100.0,MFSL,687.1,1.72,884.7,2022-08-01T00:00:00,599.3,2023-04-26T00:00:00,176.36,139.89,53.8,79.56,79.32,260.02,5.43,5.5,126.54,0.0,0.0,Dec - 18,,,,,,,,,,,2.0,540719
160,532868,117.0,DLF,478.2,0.21,484.4,2023-05-26T09:59:15,294.75,2022-06-20T00:00:00,1260.18,1045.04,495.06,104.27,82.93,211.09,9.34,9.64,51.2,0.0,0.0,Mar - 23,,,,,,,,,,,2.0,532868
161,543287,117.0,LODHA,1021.3,5.45,1191.0,2022-07-28T00:00:00,711.0,2023-02-24T00:00:00,3100.2,728.23,481.79,24.44,23.49,151.15,6.34,8.92,161.09,0.0,0.0,Mar - 23,Mar - 23,361307494.0,361307494.0,0.0,120481380.0,17697534.0,0.0,17697534.0,102783846.0,0.0,10.0,532868
162,533274,116.0,PRESTIGE,480.85,-4.32,520.0,2023-05-16T00:00:00,375.0,2022-07-05T00:00:00,1299.8,138.2,400.9,26.22,10.63,34.47,24.88,32.83,19.33,0.0,0.0,Dec - 22,,,,,,,,,,,10.0,532868
163,532784,116.0,SOBHA,506.8,-0.72,750.0,2022-09-09T00:00:00,412.4,2023-03-29T00:00:00,890.5,36.6,94.8,13.63,4.11,38.61,9.59,16.56,52.85,0.0,0.0,Dec - 22,Mar - 23,49565693.0,45030.0,49520663.0,45280160.0,12917412.0,0.0,12917412.0,32362748.0,0.0,10.0,532868
164,500300,117.0,GRASIM,1687.25,-0.93,1839.3,2022-12-07T00:00:00,1276.9,2022-06-17T00:00:00,6645.83,93.51,131.69,8.16,1.41,71.01,32.25,48.92,52.32,0.0,0.0,Mar - 23,,,,,,,,,,,2.0,500300
165,532538,117.0,ULTRACEMCO,7723.8,1.55,7908.75,2023-05-12T00:00:00,5158.05,2022-06-17T00:00:00,18121.02,1650.26,288.69,18.44,9.11,571.64,170.32,261.05,45.35,0.0,0.0,Mar - 23,,,,,,,,,,,10.0,500300
166,500410,117.0,ACC,1785.35,0.39,2784.95,2022-09-14T00:00:00,1593.5,2023-03-28T00:00:00,4790.77,236.57,187.99,10.79,4.94,125.84,25.46,61.78,70.12,0.0,0.0,Mar - 23,,,,,,,,,,,10.0,500300
167,500387,117.0,SHREECEM,24991.0,3.06,27013.0,2023-02-21T00:00:00,17900.0,2022-06-20T00:00:00,4785.11,546.21,36.08,21.48,11.41,1513.89,368.1,796.64,67.89,0.0,0.0,Mar - 23,,,,,,,,,,,10.0,500300
168,500825,117.0,BRITANNIA,4596.9,0.71,4706.05,2023-05-25T00:00:00,3272.0,2022-06-20T00:00:00,3894.73,558.16,24.09,21.77,14.33,17.55,88.82,96.92,51.76,32.38,132.05,Mar - 23,,,,,,,,,,,1.0,500825
169,500790,117.0,NESTLEIND,21589.9,0.55,22295.95,2023-05-08T00:00:00,16433.45,2022-06-17T00:00:00,4830.53,736.64,96.42,23.38,15.25,23.43,264.31,305.8,81.68,58.45,326.15,Mar - 23,,,,,,,,,,,10.0,500825
170,543653,117.0,BIKAJI,376.25,-1.27,447.0,2023-01-25T00:00:00,303.05,2022-11-18T00:00:00,458.23,36.73,24.95,13.83,8.01,147.19,1.47,5.67,85.51,0.0,0.0,Mar - 23,,189543900.0,189543900.0,0.0,59965980.0,26355113.0,0.0,26355113.0,33610867.0,0.0,1.0,500825
171,540724,116.0,DIAMONDYD,801.5,0.32,1010.0,2022-11-22T00:00:00,629.65,2022-07-01T00:00:00,377.79,3.42,11.73,4.9,0.91,29.18,-0.96,19.07,-834.9,0.0,0.0,Dec - 22,,,,,,,,,,,5.0,500825
172,500295,117.0,VEDL,297.65,0.63,340.75,2023-01-20T00:00:00,206.1,2022-07-01T00:00:00,17337.0,14872.0,372.0,97.61,85.78,3997.85,73.59,83.49,4.04,0.0,0.0,Mar - 23,,,,,,,,,,,1.0,500295
173,543211,116.0,BONLON,28.69,3.16,112.4,2022-10-24T00:00:00,25.0,2022-05-27T00:00:00,163.16,0.17,14.18,0.5,0.1,1.21,0.12,1.48,30.85,0.0,0.0,Dec - 22,,9130633.0,9130633.0,0.0,5052725.0,0.0,0.0,0.0,5052725.0,0.0,10.0,500295
174,532755,117.0,TECHM,1115.2,1.57,1196.65,2022-06-01T00:00:00,944.1,2022-06-17T00:00:00,10938.5,676.7,487.1,10.27,6.19,138.92,40.29,48.23,27.68,0.0,0.0,Mar - 23,,,,,,,,,,,5.0,532755
175,532540,117.0,TCS,3329.0,1.04,3575.0,2023-02-16T00:00:00,2926.0,2022-09-26T00:00:00,49780.0,9800.0,366.0,28.73,19.69,2677.6,106.87,117.64,31.15,0.0,0.0,Mar - 23,,2645386073.0,2645386073.0,0.0,1013665300.0,348806373.0,0.0,348806373.0,664858927.0,0.0,1.0,532755
176,532281,117.0,HCLTECH,1138.6,2.02,1156.8,2023-02-03T00:00:00,875.65,2022-08-29T00:00:00,11637.0,2844.0,0.0,36.02,24.44,0.0,42.23,51.19,26.96,0.0,0.0,Mar - 23,,,,,,,,,,,2.0,532755
177,540005,117.0,LTIM,5000.65,1.86,5360.65,2022-11-15T00:00:00,3733.25,2022-05-26T00:00:00,8362.5,1091.1,29.6,19.26,13.05,3686.15,110.71,128.09,45.17,0.0,0.0,Mar - 23,,,,,,,,,,,1.0,532755
178,540180,117.0,VBL,1701.45,4.73,1747.15,2023-05-26T10:30:57,697.25,2022-05-31T00:00:00,3221.85,372.92,649.56,21.44,11.57,57.41,22.29,30.26,76.33,0.0,0.0,Mar - 23,Mar - 23,415054850.0,415054850.0,0.0,234503182.0,23761170.0,0.0,23761170.0,210742012.0,0.0,10.0,540180
179,507690,116.0,ORIBEVER,128.7,-0.46,217.6,2022-12-07T00:00:00,68.4,2022-06-20T00:00:00,22.55,0.26,2.16,10.42,1.15,12.03,20.63,30.35,6.24,0.0,0.0,Dec - 22,,,,,,,,,,,10.0,540180
180,519187,100.0,FORFOOD,3.0,5.26,4.6,2002-06-19T00:00:00,1.3,2002-03-01T00:00:00,3.36,0.23,4.36,19.82,6.92,4.98,0.53,3.19,1.8,0.23,10.69,Dec - 18,Jun - 21,626400.0,626400.0,0.0,3733600.0,0.0,0.0,0.0,3733600.0,0.0,10.0,540180
181,519273,86.0,UNOINDL,0.49,0.0,3.39,2015-04-01T00:00:00,0.49,2016-02-05T00:00:00,0.22,0.04,42.64,28.44,19.27,0.1,0.01,0.0,24.5,1.42,0.99,Jun - 15,Mar - 18,91480000.0,91480000.0,0.0,334948750.0,4225.0,0.0,4225.0,334944525.0,0.0,1.0,540180
182,532424,117.0,GODREJCP,1049.75,1.92,1051.4,2023-05-26T15:28:54,708.6,2022-06-17T00:00:00,1822.93,407.51,102.27,29.13,22.35,398.46,14.8,15.86,70.93,0.0,0.0,Mar - 23,,,,,,,,,,,1.0,532424
183,500096,117.0,DABUR,541.95,2.25,610.4,2022-12-07T00:00:00,482.2,2022-06-17T00:00:00,1939.48,233.03,177.18,20.05,12.02,131.52,7.75,8.81,69.93,0.0,0.0,Mar - 23,,,,,,,,,,,1.0,532424
184,531162,117.0,EMAMILTD,401.45,4.27,524.95,2022-09-26T00:00:00,340.95,2023-03-20T00:00:00,1772.17,1423.71,44.12,83.07,80.34,3226.9,42.81,47.69,9.38,0.0,0.0,Mar - 23,,,,,,,,,,,1.0,532424
185,500830,117.0,COLPAL,1599.2,1.08,1713.0,2023-05-15T00:00:00,1434.6,2023-01-30T00:00:00,1350.63,316.22,27.2,34.83,23.41,1162.57,38.5,44.93,41.54,0.0,0.0,Mar - 23,,,,,,,,,,,1.0,532424
186,539254,116.0,ADANITRANS,850.8,-4.56,4238.55,2022-09-16T00:00:00,630.0,2023-03-01T00:00:00,271.14,99.1,1115.49,49.57,36.55,0.96,1.23,1.23,691.71,28.15,92.07,Dec - 22,,,,,,,,,,,10.0,539254
187,532898,117.0,POWERGRID,237.25,-0.27,249.45,2023-05-12T00:00:00,186.35,2022-09-26T00:00:00,11494.9,4214.4,6975.45,95.07,36.66,60.42,21.98,40.53,10.79,0.0,0.0,Mar - 23,,,,,,,,,,,10.0,539254
188,540565,113.0,INDIGRID,137.0,0.25,150.45,2022-10-24T00:00:00,128.0,2023-03-10T00:00:00,508.5,211.03,6590.32,87.21,41.5,3.2,3.01,0.0,8.79,0.0,0.0,Mar - 22,,,,,,,,,,,0.0,539254
189,541154,117.0,HAL,3021.1,0.28,3168.0,2023-05-17T00:00:00,1698.85,2022-06-20T00:00:00,12494.58,2841.3,334.39,31.73,22.74,849.7,173.79,227.13,17.38,0.0,0.0,Mar - 23,,,,,,,,,,,10.0,541154
190,500049,117.0,BEL,110.6,0.91,115.0,2022-09-15T00:00:00,74.16,2022-05-26T00:00:00,6456.58,1365.36,730.98,29.31,21.15,186.78,4.11,4.67,26.91,0.0,0.0,Mar - 23,,,,,,,,,,,1.0,541154
191,541143,117.0,BDL,1049.7,4.16,1104.5,2023-05-17T00:00:00,648.4,2022-06-20T00:00:00,798.26,152.76,183.28,27.64,19.14,83.35,19.22,23.43,54.61,0.0,0.0,Mar - 23,,,,,,,,,,,10.0,541154
192,542011,117.0,GRSE,460.85,1.52,556.8,2022-12-09T00:00:00,207.75,2022-06-20T00:00:00,601.17,55.3,114.55,15.03,9.2,48.27,19.91,23.33,23.15,0.0,0.0,Mar - 23,,85341240.0,85341240.0,0.0,29210760.0,9065165.0,0.0,9065165.0,20145595.0,0.0,10.0,541154
193,505200,117.0,EICHERMOT,3690.5,1.02,3886.0,2022-11-01T00:00:00,2585.3,2022-06-17T00:00:00,3831.35,746.86,27.35,29.95,19.49,2730.75,95.9,114.62,38.48,0.0,0.0,Mar - 23,,,,,,,,,,,1.0,505200
194,532977,117.0,BAJAJ-AUTO,4611.0,-0.71,4663.9,2023-05-26T11:07:33,3462.05,2022-09-30T00:00:00,8904.72,1432.88,282.96,22.19,16.09,506.39,198.89,208.87,23.18,0.0,0.0,Mar - 23,Mar - 23,155580309.0,155580309.0,0.0,127352449.0,30505906.0,0.0,30505906.0,96846543.0,0.0,10.0,505200
195,532343,117.0,TVSMOTOR,1292.05,0.66,1301.0,2023-05-26T14:25:00,694.0,2022-05-26T00:00:00,6604.78,410.27,47.51,11.36,6.21,863.54,31.38,44.67,41.17,0.0,0.0,Mar - 23,,,,,,,,,,,1.0,505200
196,538970,117.0,WARDINMOBI,48.96,-0.26,78.0,2022-12-06T00:00:00,47.0,2023-05-09T00:00:00,50.55,1.45,26.07,9.57,2.86,5.55,0.36,0.55,136.0,0.0,0.0,Mar - 23,,,,,,,,,,,1.0,505200
197,533096,117.0,ADANIPOWER,258.05,-0.5,432.8,2022-08-22T00:00:00,132.55,2023-02-28T00:00:00,9506.53,4850.88,3856.94,23.49,51.03,125.77,12.07,14.14,21.38,0.0,0.0,Mar - 23,,,,,,,,,,,10.0,533096
198,532779,116.0,TORNTPOWER,552.45,-0.41,609.9,2022-08-22T00:00:00,419.6,2022-05-26T00:00:00,4867.24,694.94,480.62,29.35,14.28,144.59,23.78,46.74,23.23,0.0,0.0,Dec - 22,,,,,,,,,,,10.0,533096
199,500400,117.0,TATAPOWER,212.1,0.59,251.0,2022-09-07T00:00:00,182.45,2023-03-28T00:00:00,3050.54,141.89,319.56,28.81,4.65,44.4,10.23,13.88,20.73,0.0,0.0,Mar - 23,,1497257565.0,1497257565.0,0.0,1698081982.0,450534696.0,0.0,450534696.0,1247547286.0,0.0,1.0,533096
200,500084,117.0,CESC,69.64,-0.29,86.65,2022-09-12T00:00:00,62.25,2023-03-27T00:00:00,1655.0,263.0,133.0,37.89,15.89,197.74,6.26,9.88,11.12,0.0,0.0,Mar - 23,,,,,,,,,,,1.0,533096
201,532187,117.0,INDUSINDBK,1268.2,0.36,1275.5,2023-05-24T00:00:00,763.75,2022-06-23T00:00:00,10020.71,2040.51,775.9,37.45,20.36,262.99,95.24,95.24,13.32,0.0,0.0,Mar - 23,Mar - 23,117516010.0,0.0,117516010.0,658379188.0,187891472.0,0.0,187891472.0,470487716.0,0.0,10.0,532187
202,500180,117.0,HDFCBANK,1615.5,0.37,1733.95,2023-05-04T00:00:00,1271.75,2022-06-17T00:00:00,45119.36,12047.45,557.97,41.27,26.7,2159.16,79.05,79.05,20.44,0.0,0.0,Mar - 23,,,,,,,,,,,1.0,532187
203,532215,117.0,AXISBANK,926.95,0.65,970.45,2023-01-04T00:00:00,618.1,2022-06-23T00:00:00,23969.76,-5728.42,615.37,-12.57,-23.9,-930.89,31.13,34.86,29.78,0.0,0.0,Mar - 23,,,,,,,,,,,2.0,532187
204,500247,117.0,KOTAKBANK,1944.95,0.78,1997.0,2022-11-18T00:00:00,1630.0,2022-06-30T00:00:00,9820.94,3495.59,993.28,47.32,35.59,351.92,55.07,55.07,35.32,0.0,0.0,Mar - 23,,,,,,,,,,,5.0,532187
205,532134,117.0,BANKBARODA,183.5,0.94,197.2,2022-12-09T00:00:00,89.9,2022-06-20T00:00:00,25856.68,4775.33,1035.53,31.22,18.47,461.15,27.28,27.28,6.73,0.0,0.0,Mar - 23,Mar - 23,3308184689.0,3308184689.0,0.0,1863177490.0,859281523.0,0.0,859281523.0,1003895967.0,0.0,2.0,532134
206,500112,117.0,SBIN,585.85,0.78,629.65,2022-12-15T00:00:00,430.8,2022-06-20T00:00:00,92951.06,16694.51,892.46,26.49,17.96,1870.62,56.29,56.29,10.41,0.0,0.0,Mar - 23,Mar - 23,5079775288.0,5079775288.0,0.0,3755675696.0,2225765173.0,0.0,2225765173.0,1529910523.0,0.0,1.0,532134
207,532483,117.0,CANBK,306.7,2.37,341.6,2023-01-03T00:00:00,171.7,2022-06-20T00:00:00,23909.8,3174.74,1814.13,30.33,13.28,175.0,58.45,58.45,5.25,0.0,0.0,Mar - 23,,1141709678.0,1141709678.0,0.0,672420574.0,288782812.0,0.0,288782812.0,383637762.0,0.0,10.0,532134
208,532461,117.0,PNB,50.36,1.41,62.05,2022-12-15T00:00:00,28.05,2022-06-20T00:00:00,23848.61,1158.61,2202.2,24.6,4.86,52.61,2.28,2.28,22.09,0.0,0.0,Mar - 23,,,,,,,,,,,2.0,532134
209,500096,117.0,DABUR,541.95,2.25,610.4,2022-12-07T00:00:00,482.2,2022-06-17T00:00:00,1939.48,233.03,177.18,20.05,12.02,131.52,7.75,8.81,69.93,0.0,0.0,Mar - 23,,,,,,,,,,,1.0,500096
210,532424,117.0,GODREJCP,1049.75,1.92,1051.4,2023-05-26T15:28:54,708.6,2022-06-17T00:00:00,1822.93,407.51,102.27,29.13,22.35,398.46,14.8,15.86,70.93,0.0,0.0,Mar - 23,,,,,,,,,,,1.0,500096
211,531162,117.0,EMAMILTD,401.45,4.27,524.95,2022-09-26T00:00:00,340.95,2023-03-20T00:00:00,1772.17,1423.71,44.12,83.07,80.34,3226.9,42.81,47.69,9.38,0.0,0.0,Mar - 23,,,,,,,,,,,1.0,500096
212,500830,117.0,COLPAL,1599.2,1.08,1713.0,2023-05-15T00:00:00,1434.6,2023-01-30T00:00:00,1350.63,316.22,27.2,34.83,23.41,1162.57,38.5,44.93,41.54,0.0,0.0,Mar - 23,,,,,,,,,,,1.0,500096
213,500440,117.0,HINDALCO,413.4,2.23,504.0,2023-01-18T00:00:00,309.0,2022-06-20T00:00:00,19995.0,832.0,222.0,9.71,4.16,374.77,14.8,23.14,27.93,0.0,0.0,Mar - 23,,,,,,,,,,,1.0,500440
214,532234,117.0,NATIONALUM,84.6,5.07,97.4,2022-05-31T00:00:00,67.0,2022-07-01T00:00:00,3670.86,521.88,918.32,22.4,14.22,56.83,8.41,12.31,10.06,0.0,0.0,Mar - 23,,,,,,,,,,,5.0,500440
215,532906,116.0,MAANALU,187.45,1.08,258.55,2023-02-03T00:00:00,99.15,2022-06-21T00:00:00,189.62,14.01,13.52,11.0,7.39,103.62,32.3,35.3,5.8,0.0,0.0,Dec - 22,,,,,,,,,,,10.0,500440
216,539151,116.0,ARFIN,26.03,5.17,31.4,2022-09-13T00:00:00,12.72,2022-06-06T00:00:00,120.27,2.38,15.89,5.61,1.97,14.94,0.68,0.9,38.28,0.0,0.0,Dec - 22,,,,,,,,,,,1.0,500440
217,532488,117.0,DIVISLAB,3511.25,2.26,3976.7,2022-08-10T00:00:00,2730.0,2023-03-14T00:00:00,1908.17,318.79,53.09,29.08,16.71,600.47,68.11,81.0,51.55,0.0,0.0,Mar - 23,,,,,,,,,,,2.0,532488
218,524715,116.0,SUNPHARMA,970.65,2.75,1071.9,2023-01-30T00:00:00,789.75,2022-06-17T00:00:00,4645.75,486.73,239.93,22.98,10.48,202.86,5.94,12.37,163.41,0.0,0.0,Dec - 22,,,,,,,,,,,1.0,532488
219,532296,117.0,GLENMARK,591.55,-2.62,630.0,2023-05-19T00:00:00,348.9,2022-06-20T00:00:00,1939.05,-137.47,28.22,-10.71,-7.09,-487.19,42.84,49.36,13.81,0.0,0.0,Mar - 23,,,,,,,,,,,1.0,532488
220,500420,116.0,TORNTPHARM,1702.25,0.08,1722.7,2022-11-09T00:00:00,1343.88,2022-06-09T00:00:00,1857.0,229.0,169.23,32.31,12.33,3.43,30.99,48.96,54.93,7.86,197.52,Dec - 22,,,,,,,,,,,5.0,532488
221,539448,117.0,INDIGO,2324.15,0.63,2332.85,2023-05-18T00:00:00,1513.3,2022-06-20T00:00:00,14160.6,916.02,385.55,22.5,6.47,237.59,-8.21,124.1,-283.09,0.0,0.0,Mar - 23,,,,,,,,,,,10.0,539448
222,500285,116.0,SPICEJET,26.17,-1.47,52.4,2022-08-03T00:00:00,22.65,2023-05-23T00:00:00,2314.6,106.82,601.85,19.67,4.62,17.75,-32.86,-15.04,-0.8,0.0,0.0,Dec - 22,,,,,,,,,,,10.0,539448
223,532773,116.0,GLOBALVECT,61.3,-0.89,70.95,2022-09-19T00:00:00,39.4,2022-06-20T00:00:00,109.32,-3.86,14.0,20.3,-3.53,-27.6,-11.68,41.03,-5.25,0.0,0.0,Dec - 22,,,,,,,,,,,10.0,539448
224,532617,116.0,JETAIRWAYS,51.36,-0.93,137.6,2022-05-26T00:00:00,48.22,2023-05-24T00:00:00,12.37,-248.78,113.6,-1693.37,-2011.16,-219.0,-103.94,-89.69,-0.49,0.0,0.0,Dec - 22,,,,,,,,,,,10.0,539448
225,542066,117.0,ATGL,760.55,-4.44,3998.35,2023-01-23T00:00:00,633.35,2023-05-19T00:00:00,1197.15,104.25,109.98,17.12,8.71,94.79,4.82,5.84,157.79,0.0,0.0,Mar - 23,,,,,,,,,,,1.0,542066
226,532522,117.0,PETRONET,224.85,-0.2,242.25,2023-05-03T00:00:00,195.5,2022-06-20T00:00:00,13873.93,614.25,1500.0,7.91,4.43,40.95,21.6,26.7,10.41,0.0,0.0,Mar - 23,,,,,,,,,,,10.0,542066
227,539957,117.0,MGL,1034.55,0.33,1104.8,2023-05-11T00:00:00,666.35,2022-06-20T00:00:00,1771.81,268.8,98.78,23.89,15.17,272.12,79.98,103.38,12.94,0.0,0.0,Mar - 23,,,,,,,,,,,10.0,542066
228,526829,116.0,CONFIPET,67.39,-0.33,89.6,2022-12-21T00:00:00,44.2,2022-06-20T00:00:00,658.79,24.74,28.4,8.09,3.76,87.11,2.48,4.77,27.17,0.0,0.0,Dec - 22,,,,,,,,,,,1.0,542066
229,500387,117.0,SHREECEM,24991.0,3.06,27013.0,2023-02-21T00:00:00,17900.0,2022-06-20T00:00:00,4785.11,546.21,36.08,21.48,11.41,1513.89,368.1,796.64,67.89,0.0,0.0,Mar - 23,,,,,,,,,,,10.0,500387
230,532538,117.0,ULTRACEMCO,7723.8,1.55,7908.75,2023-05-12T00:00:00,5158.05,2022-06-17T00:00:00,18121.02,1650.26,288.69,18.44,9.11,571.64,170.32,261.05,45.35,0.0,0.0,Mar - 23,,,,,,,,,,,10.0,500387
231,500410,117.0,ACC,1785.35,0.39,2784.95,2022-09-14T00:00:00,1593.5,2023-03-28T00:00:00,4790.77,236.57,187.99,10.79,4.94,125.84,25.46,61.78,70.12,0.0,0.0,Mar - 23,,,,,,,,,,,10.0,500387
232,500425,117.0,AMBUJACEM,424.7,1.32,598.15,2022-12-09T00:00:00,315.3,2023-02-02T00:00:00,4256.31,502.4,397.13,20.71,11.8,126.51,10.36,13.79,40.99,0.0,0.0,Mar - 23,,,,,,,,,,,2.0,500387
233,511243,101.0,CHOLAFIN,1050.15,-0.89,1069.45,2023-05-23T00:00:00,594.0,2022-06-14T00:00:00,1885.08,291.86,156.42,77.6,15.48,186.59,75.86,79.41,13.84,0.0,0.0,Mar - 19,Mar - 23,423126532.0,421923059.0,1203473.0,398913824.0,176438859.0,0.0,176438859.0,222474965.0,0.0,2.0,511243
234,500034,100.0,BAJFINANCE,6902.65,0.95,7777.0,2022-09-22T00:00:00,5235.6,2022-06-17T00:00:00,4664.77,1022.73,0.0,68.63,21.92,0.0,60.52,62.73,114.06,0.0,0.0,Dec - 18,,,,,,,,,,,2.0,511243
235,532720,100.0,M&MFIN,280.05,-1.15,296.35,2023-05-09T00:00:00,160.6,2022-05-26T00:00:00,2222.52,318.66,0.0,69.89,14.34,0.0,22.56,23.44,12.41,0.0,0.0,Dec - 18,,,,,,,,,,,2.0,511243
236,533398,101.0,MUTHOOTFIN,1108.2,-0.14,1212.75,2022-08-12T00:00:00,911.4,2023-03-16T00:00:00,1879.72,511.5,0.0,75.39,27.21,0.0,49.22,50.27,22.52,0.0,0.0,Mar - 19,,,,,,,,,,,10.0,511243
237,543066,,SBICARD,901.2,0.75,1028.75,2022-08-17T00:00:00,656.1,2022-06-20T00:00:00,,,,,,,,,,,,,,,,,,,,,,,10.0,543066
238,500034,100.0,BAJFINANCE,6902.65,0.95,7777.0,2022-09-22T00:00:00,5235.6,2022-06-17T00:00:00,4664.77,1022.73,0.0,68.63,21.92,0.0,60.52,62.73,114.06,0.0,0.0,Dec - 18,,,,,,,,,,,2.0,543066
239,511660,116.0,PREMCAPM,1.05,-4.55,2.42,2014-08-27T00:00:00,0.67,2015-05-12T00:00:00,0.0,-0.01,6.55,-250.0,-250.0,-0.08,-0.04,-0.04,-26.25,0.0,0.0,Dec - 22,Mar - 23,2852118.0,2852118.0,0.0,3701582.0,500.0,0.0,500.0,3701082.0,0.0,10.0,543066
240,531319,117.0,MARUTISE,7.25,0.0,7.41,2022-10-31T00:00:00,3.1,2022-09-01T00:00:00,0.0,-0.44,5.0,-43500.0,-43500.0,-8.7,-1.29,-1.29,-5.62,0.0,0.0,Mar - 23,,,,,,,,,,,10.0,543066
241,500425,117.0,AMBUJACEM,424.7,1.32,598.15,2022-12-09T00:00:00,315.3,2023-02-02T00:00:00,4256.31,502.4,397.13,20.71,11.8,126.51,10.36,13.79,40.99,0.0,0.0,Mar - 23,,,,,,,,,,,2.0,500425
242,532538,117.0,ULTRACEMCO,7723.8,1.55,7908.75,2023-05-12T00:00:00,5158.05,2022-06-17T00:00:00,18121.02,1650.26,288.69,18.44,9.11,571.64,170.32,261.05,45.35,0.0,0.0,Mar - 23,,,,,,,,,,,10.0,500425
243,500387,117.0,SHREECEM,24991.0,3.06,27013.0,2023-02-21T00:00:00,17900.0,2022-06-20T00:00:00,4785.11,546.21,36.08,21.48,11.41,1513.89,368.1,796.64,67.89,0.0,0.0,Mar - 23,,,,,,,,,,,10.0,500425
244,500260,117.0,RAMCOCEM,875.2,-0.62,893.35,2023-05-24T00:00:00,575.05,2022-06-20T00:00:00,2569.66,152.41,23.63,16.52,5.93,644.99,14.54,35.89,60.19,0.0,0.0,Mar - 23,,,,,,,,,,,1.0,500425
245,500002,117.0,ABB,4005.8,1.57,4012.05,2023-05-26T09:22:34,2121.0,2022-06-20T00:00:00,2411.21,244.89,42.38,14.83,10.16,577.84,41.91,46.93,95.58,0.0,0.0,Mar - 23,,,,,,,,,,,2.0,500002
246,500103,117.0,BHEL,78.93,-3.59,91.45,2022-12-05T00:00:00,41.4,2022-06-20T00:00:00,8226.99,598.11,696.41,13.34,7.27,85.88,1.29,2.03,61.19,0.0,0.0,Mar - 23,,,,,,,,,,,2.0,500002
247,500550,117.0,SIEMENS,3519.95,0.94,3940.0,2023-05-12T00:00:00,2253.45,2022-06-22T00:00:00,4465.2,516.0,71.2,16.64,11.56,724.72,53.64,59.52,65.62,0.0,0.0,Mar - 23,Mar - 23,267089913.0,0.0,267089913.0,89030342.0,30127523.0,0.0,30127523.0,58902819.0,0.0,2.0,500002
248,500093,117.0,CGPOWER,386.3,3.48,389.0,2023-05-26T15:06:13,162.0,2022-06-20T00:00:00,1787.72,240.23,305.43,15.43,13.44,78.65,5.14,5.63,75.16,0.0,0.0,Mar - 23,,887597772.0,887597772.0,0.0,639533662.0,97970569.0,0.0,97970569.0,541563093.0,0.0,2.0,500002
249,517354,117.0,HAVELLS,1288.7,0.78,1405.85,2022-09-02T00:00:00,1058.7,2022-06-20T00:00:00,4849.59,361.71,62.65,11.91,7.46,577.35,17.16,21.88,75.1,0.0,0.0,Mar - 23,,,,,,,,,,,1.0,517354
250,540699,117.0,DIXON,3659.95,1.69,4670.0,2022-09-13T00:00:00,2554.95,2023-01-30T00:00:00,1667.31,64.29,11.91,7.09,3.86,539.8,35.45,45.12,103.24,0.0,0.0,Mar - 23,,,,,,,,,,,2.0,517354
251,533581,117.0,PGEL,1557.95,3.94,1570.3,2023-05-26T15:20:35,660.0,2022-05-26T00:00:00,296.1,8.67,22.74,7.13,2.93,38.12,19.43,28.47,80.18,0.0,0.0,Mar - 23,,,,,,,,,,,10.0,517354
252,540136,116.0,HPL,95.64,0.19,115.5,2022-12-01T00:00:00,50.8,2022-06-20T00:00:00,286.84,5.6,64.3,11.87,1.95,8.71,4.62,10.57,20.7,0.0,0.0,Dec - 22,,,,,,,,,,,10.0,517354
253,500049,117.0,BEL,110.6,0.91,115.0,2022-09-15T00:00:00,74.16,2022-05-26T00:00:00,6456.58,1365.36,730.98,29.31,21.15,186.78,4.11,4.67,26.91,0.0,0.0,Mar - 23,,,,,,,,,,,1.0,500049
254,541154,117.0,HAL,3021.1,0.28,3168.0,2023-05-17T00:00:00,1698.85,2022-06-20T00:00:00,12494.58,2841.3,334.39,31.73,22.74,849.7,173.79,227.13,17.38,0.0,0.0,Mar - 23,,,,,,,,,,,10.0,500049
255,541143,117.0,BDL,1049.7,4.16,1104.5,2023-05-17T00:00:00,648.4,2022-06-20T00:00:00,798.26,152.76,183.28,27.64,19.14,83.35,19.22,23.43,54.61,0.0,0.0,Mar - 23,,,,,,,,,,,10.0,500049
256,542011,117.0,GRSE,460.85,1.52,556.8,2022-12-09T00:00:00,207.75,2022-06-20T00:00:00,601.17,55.3,114.55,15.03,9.2,48.27,19.91,23.33,23.15,0.0,0.0,Mar - 23,,85341240.0,85341240.0,0.0,29210760.0,9065165.0,0.0,9065165.0,20145595.0,0.0,10.0,500049
257,500547,117.0,BPCL,364.25,0.28,374.85,2023-05-11T00:00:00,288.2,2022-10-20T00:00:00,133413.81,6477.74,2129.45,7.89,4.86,304.2,8.49,37.74,42.9,0.0,0.0,Mar - 23,,,,,,,,,,,10.0,500547
258,530965,117.0,IOC,90.13,1.07,90.3,2023-05-26T09:31:51,65.2,2022-09-29T00:00:00,226492.05,10058.69,14121.24,7.5,4.44,71.23,5.84,14.23,15.43,0.0,0.0,Mar - 23,,,,,,,,,,,10.0,500547
259,500325,117.0,RELIANCE,2506.55,2.79,2816.35,2022-06-03T00:00:00,2180.0,2023-03-20T00:00:00,122133.0,13821.0,6766.0,17.08,11.32,204.27,65.33,80.31,38.37,0.0,0.0,Mar - 23,,,,,,,,,,,10.0,500547
260,500104,117.0,HINDPETRO,258.25,0.16,267.4,2023-05-15T00:00:00,200.0,2022-10-20T00:00:00,114444.69,3222.62,1418.55,5.21,2.82,227.18,-63.26,-32.74,-4.08,0.0,0.0,Mar - 23,,,,,,,,,,,10.0,500547
261,500490,100.0,BAJAJHLDNG,7081.45,2.17,7377.6,2022-09-15T00:00:00,4299.8,2022-06-20T00:00:00,109.19,60.62,111.29,87.01,55.52,54.47,86.81,87.21,81.57,0.0,0.0,Dec - 18,Mar - 23,57273575.0,57273575.0,0.0,54019935.0,5505233.0,0.0,5505233.0,48514702.0,0.0,10.0,500490
262,532922,101.0,EDELWEISS,66.05,-0.06,77.4,2023-01-18T00:00:00,49.4,2022-06-20T00:00:00,70.44,22.32,0.0,44.04,31.69,0.0,1.1,1.14,60.05,0.0,0.0,Mar - 19,Mar - 23,307684490.0,304734490.0,2950000.0,635590786.0,24911175.0,0.0,24911175.0,610679611.0,0.0,1.0,500490
263,539883,116.0,PILANIINVS,1819.95,0.82,2130.0,2022-09-14T00:00:00,1509.95,2022-06-20T00:00:00,52.37,33.15,11.07,97.57,63.31,299.42,152.41,152.67,11.94,0.0,0.0,Dec - 22,,,,,,,,,,,10.0,500490
264,505800,117.0,RANEHOLDIN,940.05,-0.32,1049.0,2023-02-14T00:00:00,556.0,2022-06-20T00:00:00,25.29,5.49,14.28,37.96,21.71,38.45,33.83,36.89,27.79,0.0,0.0,Mar - 23,,,,,,,,,,,10.0,500490
265,500087,117.0,CIPLA,951.0,0.69,1185.2,2022-11-01T00:00:00,852.0,2023-03-22T00:00:00,3893.74,355.49,161.43,18.84,9.13,220.21,31.14,38.26,30.54,0.0,0.0,Mar - 23,,,,,,,,,,,2.0,500087
266,524715,116.0,SUNPHARMA,970.65,2.75,1071.9,2023-01-30T00:00:00,789.75,2022-06-17T00:00:00,4645.75,486.73,239.93,22.98,10.48,202.86,5.94,12.37,163.41,0.0,0.0,Dec - 22,,,,,,,,,,,1.0,500087
267,500124,117.0,DRREDDY,4530.05,0.62,4987.0,2023-05-05T00:00:00,3996.1,2022-09-19T00:00:00,4554.0,672.4,83.3,25.82,14.77,807.2,156.9,212.34,28.87,0.0,0.0,Mar - 23,,,,,,,,,,,5.0,500087
268,524804,116.0,AUROPHARMA,614.55,1.58,647.9,2023-05-16T00:00:00,397.3,2023-02-03T00:00:00,3432.26,298.82,58.59,16.08,8.71,510.02,23.68,30.88,25.95,0.0,0.0,Dec - 22,,,,,,,,,,,1.0,500087
269,500124,117.0,DRREDDY,4530.05,0.62,4987.0,2023-05-05T00:00:00,3996.1,2022-09-19T00:00:00,4554.0,672.4,83.3,25.82,14.77,807.2,156.9,212.34,28.87,0.0,0.0,Mar - 23,,,,,,,,,,,5.0,500124
270,524715,116.0,SUNPHARMA,970.65,2.75,1071.9,2023-01-30T00:00:00,789.75,2022-06-17T00:00:00,4645.75,486.73,239.93,22.98,10.48,202.86,5.94,12.37,163.41,0.0,0.0,Dec - 22,,,,,,,,,,,1.0,500124
271,500087,117.0,CIPLA,951.0,0.69,1185.2,2022-11-01T00:00:00,852.0,2023-03-22T00:00:00,3893.74,355.49,161.43,18.84,9.13,220.21,31.14,38.26,30.54,0.0,0.0,Mar - 23,,,,,,,,,,,2.0,500124
272,524804,116.0,AUROPHARMA,614.55,1.58,647.9,2023-05-16T00:00:00,397.3,2023-02-03T00:00:00,3432.26,298.82,58.59,16.08,8.71,510.02,23.68,30.88,25.95,0.0,0.0,Dec - 22,,,,,,,,,,,1.0,500124
273,503806,117.0,SRF,2515.7,1.75,2864.35,2022-09-14T00:00:00,2002.5,2022-07-06T00:00:00,3142.42,580.7,296.42,29.67,18.48,6.28,68.26,84.06,36.85,7.68,312.14,Mar - 23,,,,,,,,,,,10.0,503806
274,500042,117.0,BASF,2497.8,0.45,3525.0,2022-08-25T00:00:00,2195.0,2023-02-15T00:00:00,3276.89,82.39,43.29,4.91,2.51,190.34,93.08,135.14,26.83,0.0,0.0,Mar - 23,Mar - 23,31743220.0,0.0,31743220.0,11542420.0,2744912.0,0.0,2744912.0,8797508.0,0.0,10.0,503806
275,500331,117.0,PIDILITIND,2585.5,2.41,2916.85,2022-09-15T00:00:00,1988.6,2022-06-17T00:00:00,2382.43,290.69,50.83,19.18,12.2,571.89,24.73,29.1,104.55,0.0,0.0,Mar - 23,Mar - 23,355505491.0,352745893.0,2759598.0,152808749.0,42690926.0,0.0,42690926.0,110117823.0,0.0,1.0,503806
276,524208,117.0,AARTIIND,511.1,0.93,851.93,2022-09-14T00:00:00,482.4,2023-03-28T00:00:00,1639.52,148.1,181.25,15.36,9.03,81.71,16.41,25.32,31.15,0.0,0.0,Mar - 23,,,,,,,,,,,5.0,503806
277,500800,117.0,TATACONSUM,789.75,1.26,861.35,2022-09-14T00:00:00,685.0,2023-03-16T00:00:00,2177.85,250.46,92.9,17.28,11.5,269.6,10.23,11.8,77.2,0.0,0.0,Mar - 23,Mar - 23,319629733.0,319629733.0,0.0,608320104.0,146257526.0,0.0,146257526.0,462062578.0,0.0,1.0,500800
278,532654,116.0,MCLEODRUSS,20.36,1.24,41.1,2022-09-21T00:00:00,16.52,2023-03-15T00:00:00,411.74,-70.93,52.23,-8.74,-17.23,-135.8,-13.68,-8.39,-1.49,0.0,0.0,Dec - 22,,,,,,,,,,,5.0,500800
279,519600,117.0,CCL,617.0,0.6,626.45,2023-05-17T00:00:00,334.0,2022-05-26T00:00:00,316.64,42.87,26.61,21.71,13.54,161.12,12.62,15.26,48.89,0.0,0.0,Mar - 23,,,,,,,,,,,2.0,500800
280,532301,117.0,TATACOFFEE,228.95,0.86,251.5,2022-09-06T00:00:00,188.6,2022-05-26T00:00:00,256.68,31.21,18.68,16.59,12.16,167.08,12.39,13.75,18.48,0.0,0.0,Mar - 23,,,,,,,,,,,1.0,500800
281,532155,117.0,GAIL,106.5,-1.16,113.95,2023-05-16T00:00:00,83.0,2022-09-26T00:00:00,32858.2,603.52,6575.1,4.03,1.84,9.18,8.06,11.85,13.21,0.0,0.0,Mar - 23,,,,,,,,,,,10.0,532155
282,539336,117.0,GUJGAS,498.4,1.97,578.45,2022-06-03T00:00:00,403.8,2022-06-23T00:00:00,4073.82,369.22,137.68,14.53,9.06,268.17,22.16,28.38,22.49,0.0,0.0,Mar - 23,,,,,,,,,,,2.0,532155
283,532702,117.0,GSPL,292.15,-0.53,302.75,2023-05-25T00:00:00,209.45,2022-06-24T00:00:00,443.01,224.33,564.21,77.28,50.64,39.76,16.75,20.18,17.44,0.0,0.0,Mar - 23,,,,,,,,,,,10.0,532155
284,531642,117.0,MARICO,544.25,3.0,554.05,2022-09-23T00:00:00,462.95,2023-04-20T00:00:00,1702.0,204.0,129.0,18.16,11.99,158.14,9.12,9.96,59.68,0.0,0.0,Mar - 23,,,,,,,,,,,1.0,531642
285,543458,117.0,AWL,450.35,-0.31,841.9,2022-09-23T00:00:00,327.0,2023-02-28T00:00:00,13121.89,97.7,129.97,3.13,0.74,75.17,4.67,7.13,96.43,0.0,0.0,Mar - 23,Mar - 23,1142948860.0,571474430.0,571474430.0,156729745.0,367882.0,0.0,367882.0,156361863.0,0.0,1.0,531642
286,539725,117.0,GOKULAGRO,98.85,0.1,151.68,2022-10-25T00:00:00,76.64,2022-08-23T00:00:00,2423.82,31.19,29.51,3.1,1.29,105.68,7.32,9.31,13.5,0.0,0.0,Mar - 23,,,,,,,,,,,2.0,531642
287,531069,116.0,VIJSOLX,790.7,-2.9,2265.4,2022-06-03T00:00:00,626.55,2023-03-03T00:00:00,566.17,0.58,3.2,0.27,0.1,18.06,100.4,108.09,7.88,0.0,0.0,Dec - 22,,,,,,,,,,,10.0,531642
288,500400,117.0,TATAPOWER,212.1,0.59,251.0,2022-09-07T00:00:00,182.45,2023-03-28T00:00:00,3050.54,141.89,319.56,28.81,4.65,44.4,10.23,13.88,20.73,0.0,0.0,Mar - 23,,1497257565.0,1497257565.0,0.0,1698081982.0,450534696.0,0.0,450534696.0,1247547286.0,0.0,1.0,500400
289,533096,117.0,ADANIPOWER,258.05,-0.5,432.8,2022-08-22T00:00:00,132.55,2023-02-28T00:00:00,9506.53,4850.88,3856.94,23.49,51.03,125.77,12.07,14.14,21.38,0.0,0.0,Mar - 23,,,,,,,,,,,10.0,500400
290,532779,116.0,TORNTPOWER,552.45,-0.41,609.9,2022-08-22T00:00:00,419.6,2022-05-26T00:00:00,4867.24,694.94,480.62,29.35,14.28,144.59,23.78,46.74,23.23,0.0,0.0,Dec - 22,,,,,,,,,,,10.0,500400
291,500084,117.0,CESC,69.64,-0.29,86.65,2022-09-12T00:00:00,62.25,2023-03-27T00:00:00,1655.0,263.0,133.0,37.89,15.89,197.74,6.26,9.88,11.12,0.0,0.0,Mar - 23,,,,,,,,,,,1.0,500400
292,508869,116.0,APOLLOHOSP,4610.1,0.88,4900.0,2022-12-05T00:00:00,3365.9,2022-05-26T00:00:00,1638.74,245.59,0.0,28.81,14.99,0.0,70.35,96.41,65.53,0.0,0.0,Dec - 22,,42177612.0,42177612.0,0.0,101607045.0,25705914.0,0.0,25705914.0,75901131.0,0.0,5.0,508869
293,539551,117.0,NH,843.45,-1.87,880.9,2023-05-24T00:00:00,589.9,2022-07-27T00:00:00,783.66,91.89,204.36,22.94,11.73,44.96,13.0,19.81,64.88,0.0,0.0,Mar - 23,,,,,,,,,,,10.0,508869
294,543220,117.0,MAXHEALTH,539.7,0.62,564.95,2023-05-23T00:00:00,306.0,2022-08-25T00:00:00,507.32,126.37,970.92,38.32,24.91,13.02,7.13,8.26,75.69,0.0,0.0,Mar - 23,,,,,,,,,,,10.0,508869
295,543654,116.0,MEDANTA,587.95,-1.24,604.05,2023-05-26T09:15:59,391.05,2022-11-16T00:00:00,489.79,58.77,0.0,22.05,12.0,0.0,2.25,3.0,,0.0,0.0,Dec - 22,Mar - 23,88726457.0,88726457.0,0.0,179468715.0,33122055.0,0.0,33122055.0,146346660.0,0.0,2.0,508869
296,540133,,ICICIPRULI,445.45,1.65,608.65,2022-09-02T00:00:00,380.95,2023-03-16T00:00:00,,,,,,,,,,,,,,,,,,,,,,,10.0,540133
297,500271,100.0,MFSL,687.1,1.72,884.7,2022-08-01T00:00:00,599.3,2023-04-26T00:00:00,176.36,139.89,53.8,79.56,79.32,260.02,5.43,5.5,126.54,0.0,0.0,Dec - 18,,,,,,,,,,,2.0,540133
298,509480,117.0,BERGEPAINT,647.35,1.01,710.0,2022-08-18T00:00:00,527.6,2023-02-03T00:00:00,2189.29,196.21,97.14,16.23,8.96,201.99,8.53,10.94,75.89,0.0,0.0,Mar - 23,,,,,,,,,,,1.0,509480
299,500820,117.0,ASIANPAINT,3127.2,0.16,3590.0,2022-09-28T00:00:00,2560.25,2022-06-17T00:00:00,7626.01,1233.73,95.92,24.56,16.18,1286.21,42.75,50.63,73.15,0.0,0.0,Mar - 23,Mar - 23,504785184.0,504785184.0,0.0,454412606.0,94649998.0,0.0,94649998.0,359762608.0,0.0,1.0,509480
300,500165,117.0,KANSAINER,410.85,0.18,535.9,2022-08-03T00:00:00,358.05,2022-06-22T00:00:00,1605.11,93.99,53.89,10.39,5.86,174.41,9.03,12.08,45.5,0.0,0.0,Mar - 23,,,,,,,,,,,1.0,509480
301,500710,117.0,AKZOINDIA,2493.3,2.73,2549.95,2023-05-23T00:00:00,1685.0,2022-06-17T00:00:00,951.36,95.42,45.54,16.9,10.03,209.52,73.58,91.69,33.89,0.0,0.0,Mar - 23,,,,,,,,,,,10.0,509480
302,532432,117.0,UNITDSPR,858.45,2.03,951.95,2022-12-09T00:00:00,712.3,2022-06-17T00:00:00,5782.6,204.0,145.5,5.94,3.53,140.21,14.96,18.44,57.38,0.0,0.0,Mar - 23,,,,,,,,,,,2.0,532432
303,532478,117.0,UBL,1458.65,1.15,1805.0,2022-12-13T00:00:00,1342.25,2023-05-05T00:00:00,4079.6,9.73,26.44,1.6,0.24,36.8,11.48,19.43,127.06,0.0,0.0,Mar - 23,,,,,,,,,,,1.0,532432
304,532497,117.0,RADICO,1160.1,1.81,1229.9,2023-02-06T00:00:00,765.4,2022-05-26T00:00:00,3375.36,37.26,26.74,2.38,1.1,139.37,15.29,20.6,75.87,0.0,0.0,Mar - 23,,,,,,,,,,,2.0,532432
305,533104,117.0,GLOBUSSPR,1033.95,5.73,1092.55,2022-08-03T00:00:00,700.0,2022-11-15T00:00:00,696.93,35.84,28.8,10.91,5.14,124.44,42.42,61.98,24.37,0.0,0.0,Mar - 23,,,,,,,,,,,10.0,532432
306,532343,117.0,TVSMOTOR,1292.05,0.66,1301.0,2023-05-26T14:25:00,694.0,2022-05-26T00:00:00,6604.78,410.27,47.51,11.36,6.21,863.54,31.38,44.67,41.17,0.0,0.0,Mar - 23,,,,,,,,,,,1.0,532343
307,532977,117.0,BAJAJ-AUTO,4611.0,-0.71,4663.9,2023-05-26T11:07:33,3462.05,2022-09-30T00:00:00,8904.72,1432.88,282.96,22.19,16.09,506.39,198.89,208.87,23.18,0.0,0.0,Mar - 23,Mar - 23,155580309.0,155580309.0,0.0,127352449.0,30505906.0,0.0,30505906.0,96846543.0,0.0,10.0,532343
308,500182,117.0,HEROMOTOCO,2745.7,0.5,2939.35,2022-08-18T00:00:00,2246.75,2023-03-28T00:00:00,8306.78,858.93,39.97,15.89,10.34,2148.94,145.65,178.52,18.85,0.0,0.0,Mar - 23,,,,,,,,,,,2.0,532343
309,505200,117.0,EICHERMOT,3690.5,1.02,3886.0,2022-11-01T00:00:00,2585.3,2022-06-17T00:00:00,3831.35,746.86,27.35,29.95,19.49,2730.75,95.9,114.62,38.48,0.0,0.0,Mar - 23,,,,,,,,,,,1.0,532343
310,543458,117.0,AWL,450.35,-0.31,841.9,2022-09-23T00:00:00,327.0,2023-02-28T00:00:00,13121.89,97.7,129.97,3.13,0.74,75.17,4.67,7.13,96.43,0.0,0.0,Mar - 23,Mar - 23,1142948860.0,571474430.0,571474430.0,156729745.0,367882.0,0.0,367882.0,156361863.0,0.0,1.0,543458
311,500368,116.0,PATANJALI,1020.15,-0.61,1495.0,2022-09-22T00:00:00,851.7,2023-03-20T00:00:00,7926.64,269.19,72.38,5.11,3.4,371.89,23.68,27.92,43.08,0.0,0.0,Dec - 22,,,,,,,,,,,2.0,543458
312,539725,117.0,GOKULAGRO,98.85,0.1,151.68,2022-10-25T00:00:00,76.64,2022-08-23T00:00:00,2423.82,31.19,29.51,3.1,1.29,105.68,7.32,9.31,13.5,0.0,0.0,Mar - 23,,,,,,,,,,,2.0,543458
313,531642,117.0,MARICO,544.25,3.0,554.05,2022-09-23T00:00:00,462.95,2023-04-20T00:00:00,1702.0,204.0,129.0,18.16,11.99,158.14,9.12,9.96,59.68,0.0,0.0,Mar - 23,,,,,,,,,,,1.0,543458
314,500116,117.0,IDBI,54.63,-1.5,62.0,2023-01-09T00:00:00,30.5,2022-06-30T00:00:00,5726.17,1133.37,10752.4,42.35,19.79,3.05,3.39,3.39,16.12,1.3,34.52,Mar - 23,,,,,,,,,,,10.0,500116
315,500180,117.0,HDFCBANK,1615.5,0.37,1733.95,2023-05-04T00:00:00,1271.75,2022-06-17T00:00:00,45119.36,12047.45,557.97,41.27,26.7,2159.16,79.05,79.05,20.44,0.0,0.0,Mar - 23,,,,,,,,,,,1.0,500116
316,532648,117.0,YESBANK,15.61,0.58,24.75,2022-12-14T00:00:00,12.26,2022-06-20T00:00:00,6216.24,202.43,5750.96,14.3,3.26,3.52,0.25,0.25,62.44,0.0,0.0,Mar - 23,,,,,,,,,,,2.0,500116
317,500469,117.0,FEDERALBNK,125.3,1.62,143.35,2023-01-16T00:00:00,82.5,2022-05-26T00:00:00,4720.74,902.61,423.24,28.27,19.12,213.26,14.23,14.23,8.81,0.0,0.0,Mar - 23,,0.0,0.0,0.0,2090840120.0,909402489.0,0.0,909402489.0,1181437631.0,0.0,2.0,500116
318,500420,116.0,TORNTPHARM,1702.25,0.08,1722.7,2022-11-09T00:00:00,1343.88,2022-06-09T00:00:00,1857.0,229.0,169.23,32.31,12.33,3.43,30.99,48.96,54.93,7.86,197.52,Dec - 22,,,,,,,,,,,5.0,500420
319,524715,116.0,SUNPHARMA,970.65,2.75,1071.9,2023-01-30T00:00:00,789.75,2022-06-17T00:00:00,4645.75,486.73,239.93,22.98,10.48,202.86,5.94,12.37,163.41,0.0,0.0,Dec - 22,,,,,,,,,,,1.0,500420
320,532488,117.0,DIVISLAB,3511.25,2.26,3976.7,2022-08-10T00:00:00,2730.0,2023-03-14T00:00:00,1908.17,318.79,53.09,29.08,16.71,600.47,68.11,81.0,51.55,0.0,0.0,Mar - 23,,,,,,,,,,,2.0,500420
321,524494,116.0,IPCALAB,683.6,0.2,1033.5,2022-08-05T00:00:00,670.0,2023-05-22T00:00:00,1432.79,120.27,25.37,16.7,8.39,474.06,21.37,29.96,31.99,0.0,0.0,Dec - 22,,117432472.0,117432472.0,0.0,136271746.0,85588931.0,0.0,85588931.0,50682815.0,0.0,1.0,500420
322,500093,117.0,CGPOWER,386.3,3.48,389.0,2023-05-26T15:06:13,162.0,2022-06-20T00:00:00,1787.72,240.23,305.43,15.43,13.44,78.65,5.14,5.63,75.16,0.0,0.0,Mar - 23,,887597772.0,887597772.0,0.0,639533662.0,97970569.0,0.0,97970569.0,541563093.0,0.0,2.0,500093
323,500103,117.0,BHEL,78.93,-3.59,91.45,2022-12-05T00:00:00,41.4,2022-06-20T00:00:00,8226.99,598.11,696.41,13.34,7.27,85.88,1.29,2.03,61.19,0.0,0.0,Mar - 23,,,,,,,,,,,2.0,500093
324,500002,117.0,ABB,4005.8,1.57,4012.05,2023-05-26T09:22:34,2121.0,2022-06-20T00:00:00,2411.21,244.89,42.38,14.83,10.16,577.84,41.91,46.93,95.58,0.0,0.0,Mar - 23,,,,,,,,,,,2.0,500093
325,500411,117.0,THERMAX,2266.4,0.07,2678.5,2022-09-19T00:00:00,1830.35,2022-12-23T00:00:00,1490.01,122.15,23.83,13.35,8.2,512.59,27.63,33.77,82.03,0.0,0.0,Mar - 23,,,,,,,,,,,2.0,500093
326,500530,117.0,BOSCHLTD,18941.4,0.85,19854.2,2023-05-02T00:00:00,13166.6,2022-06-20T00:00:00,4063.4,399.0,29.49,16.2,9.82,1352.82,482.99,613.73,39.22,0.0,0.0,Mar - 23,,,,,,,,,,,10.0,500530
327,500086,117.0,EXIDEIND,209.05,0.41,211.25,2023-05-26T10:03:25,130.3,2022-06-20T00:00:00,3542.96,207.8,85.0,11.53,5.87,244.47,10.63,15.99,19.67,0.0,0.0,Mar - 23,,,,,,,,,,,1.0,500530
328,500008,117.0,AMARAJABAT,602.0,-0.17,669.95,2022-12-09T00:00:00,438.15,2022-06-20T00:00:00,2429.21,137.98,17.08,12.85,5.68,807.8,40.65,65.66,14.81,0.0,0.0,Mar - 23,,,,,,,,,,,1.0,500530
329,543498,117.0,MSUMI,56.29,0.72,71.15,2022-11-16T00:00:00,42.27,2022-05-26T00:00:00,1864.42,138.47,442.11,11.91,7.43,31.32,1.1,1.38,51.17,0.0,0.0,Mar - 23,,,,,,,,,,,1.0,500530
330,543320,117.0,ZOMATO,67.29,-0.04,79.8,2022-06-01T00:00:00,40.55,2022-07-27T00:00:00,1206.8,181.7,836.4,17.24,15.06,21.72,0.14,0.3,480.64,0.0,0.0,Mar - 23,,,,,,,,,,,1.0,543320
331,543384,117.0,NYKAA,126.25,-0.67,257.66,2022-06-01T00:00:00,114.3,2023-04-26T00:00:00,74.32,22.6,285.25,45.51,30.41,7.92,0.21,0.24,601.19,0.0,0.0,Mar - 23,Mar - 23,1491392142.0,1491392142.0,0.0,1361054578.0,223917343.0,0.0,223917343.0,1137137235.0,0.0,1.0,543320
332,541865,116.0,ASRL,41.13,1.06,98.85,2022-09-02T00:00:00,33.85,2023-03-29T00:00:00,52.74,4.71,28.31,10.95,8.92,16.62,7.87,8.06,5.23,0.0,0.0,Dec - 22,,,,,,,,,,,10.0,543320
333,543333,117.0,CARTRADE,428.35,-0.55,735.0,2022-07-29T00:00:00,341.05,2023-03-29T00:00:00,42.79,11.63,46.84,39.68,27.17,24.82,6.96,8.26,61.54,0.0,0.0,Mar - 23,,,,,,,,,,,10.0,543320
334,517334,116.0,MOTHERSON,80.78,-1.14,91.68,2022-07-21T00:00:00,61.84,2023-03-28T00:00:00,1799.88,333.6,0.0,25.1,18.53,0.0,1.57,1.9,51.45,0.0,0.0,Dec - 22,Mar - 23,4388847539.0,1921723261.0,2467124278.0,2387573827.0,998563757.0,0.0,998563757.0,1389010070.0,0.0,1.0,517334
335,500530,117.0,BOSCHLTD,18941.4,0.85,19854.2,2023-05-02T00:00:00,13166.6,2022-06-20T00:00:00,4063.4,399.0,29.49,16.2,9.82,1352.82,482.99,613.73,39.22,0.0,0.0,Mar - 23,,,,,,,,,,,10.0,517334
336,543498,117.0,MSUMI,56.29,0.72,71.15,2022-11-16T00:00:00,42.27,2022-05-26T00:00:00,1864.42,138.47,442.11,11.91,7.43,31.32,1.1,1.38,51.17,0.0,0.0,Mar - 23,,,,,,,,,,,1.0,517334
337,505790,117.0,SCHAEFFLER,2819.0,0.01,3968.75,2022-09-15T00:00:00,2064.0,2022-05-26T00:00:00,1693.62,219.37,31.26,20.51,12.95,701.76,57.03,70.37,49.43,0.0,0.0,Mar - 23,,115863235.0,0.0,115863235.0,40440435.0,24333964.0,0.0,24333964.0,16106471.0,0.0,2.0,517334
338,532461,117.0,PNB,50.36,1.41,62.05,2022-12-15T00:00:00,28.05,2022-06-20T00:00:00,23848.61,1158.61,2202.2,24.6,4.86,52.61,2.28,2.28,22.09,0.0,0.0,Mar - 23,,,,,,,,,,,2.0,532461
339,500112,117.0,SBIN,585.85,0.78,629.65,2022-12-15T00:00:00,430.8,2022-06-20T00:00:00,92951.06,16694.51,892.46,26.49,17.96,1870.62,56.29,56.29,10.41,0.0,0.0,Mar - 23,Mar - 23,5079775288.0,5079775288.0,0.0,3755675696.0,2225765173.0,0.0,2225765173.0,1529910523.0,0.0,1.0,532461
340,532483,117.0,CANBK,306.7,2.37,341.6,2023-01-03T00:00:00,171.7,2022-06-20T00:00:00,23909.8,3174.74,1814.13,30.33,13.28,175.0,58.45,58.45,5.25,0.0,0.0,Mar - 23,,1141709678.0,1141709678.0,0.0,672420574.0,288782812.0,0.0,288782812.0,383637762.0,0.0,10.0,532461
341,532477,117.0,UNIONBANK,69.98,0.97,96.4,2022-12-14T00:00:00,34.0,2022-07-01T00:00:00,22004.54,2782.31,6834.75,31.01,12.64,40.71,12.34,12.34,5.67,0.0,0.0,Mar - 23,,,,,,,,,,,10.0,532461
342,500182,117.0,HEROMOTOCO,2745.7,0.5,2939.35,2022-08-18T00:00:00,2246.75,2023-03-28T00:00:00,8306.78,858.93,39.97,15.89,10.34,2148.94,145.65,178.52,18.85,0.0,0.0,Mar - 23,,,,,,,,,,,2.0,500182
343,532977,117.0,BAJAJ-AUTO,4611.0,-0.71,4663.9,2023-05-26T11:07:33,3462.05,2022-09-30T00:00:00,8904.72,1432.88,282.96,22.19,16.09,506.39,198.89,208.87,23.18,0.0,0.0,Mar - 23,Mar - 23,155580309.0,155580309.0,0.0,127352449.0,30505906.0,0.0,30505906.0,96846543.0,0.0,10.0,500182
344,532343,117.0,TVSMOTOR,1292.05,0.66,1301.0,2023-05-26T14:25:00,694.0,2022-05-26T00:00:00,6604.78,410.27,47.51,11.36,6.21,863.54,31.38,44.67,41.17,0.0,0.0,Mar - 23,,,,,,,,,,,1.0,500182
345,505200,117.0,EICHERMOT,3690.5,1.02,3886.0,2022-11-01T00:00:00,2585.3,2022-06-17T00:00:00,3831.35,746.86,27.35,29.95,19.49,2730.75,95.9,114.62,38.48,0.0,0.0,Mar - 23,,,,,,,,,,,1.0,500182
346,532483,117.0,CANBK,306.7,2.37,341.6,2023-01-03T00:00:00,171.7,2022-06-20T00:00:00,23909.8,3174.74,1814.13,30.33,13.28,175.0,58.45,58.45,5.25,0.0,0.0,Mar - 23,,1141709678.0,1141709678.0,0.0,672420574.0,288782812.0,0.0,288782812.0,383637762.0,0.0,10.0,532483
347,500112,117.0,SBIN,585.85,0.78,629.65,2022-12-15T00:00:00,430.8,2022-06-20T00:00:00,92951.06,16694.51,892.46,26.49,17.96,1870.62,56.29,56.29,10.41,0.0,0.0,Mar - 23,Mar - 23,5079775288.0,5079775288.0,0.0,3755675696.0,2225765173.0,0.0,2225765173.0,1529910523.0,0.0,1.0,532483
348,532134,117.0,BANKBARODA,183.5,0.94,197.2,2022-12-09T00:00:00,89.9,2022-06-20T00:00:00,25856.68,4775.33,1035.53,31.22,18.47,461.15,27.28,27.28,6.73,0.0,0.0,Mar - 23,Mar - 23,3308184689.0,3308184689.0,0.0,1863177490.0,859281523.0,0.0,859281523.0,1003895967.0,0.0,2.0,532483
349,532461,117.0,PNB,50.36,1.41,62.05,2022-12-15T00:00:00,28.05,2022-06-20T00:00:00,23848.61,1158.61,2202.2,24.6,4.86,52.61,2.28,2.28,22.09,0.0,0.0,Mar - 23,,,,,,,,,,,2.0,532483
350,543220,117.0,MAXHEALTH,539.7,0.62,564.95,2023-05-23T00:00:00,306.0,2022-08-25T00:00:00,507.32,126.37,970.92,38.32,24.91,13.02,7.13,8.26,75.69,0.0,0.0,Mar - 23,,,,,,,,,,,10.0,543220
351,508869,116.0,APOLLOHOSP,4610.1,0.88,4900.0,2022-12-05T00:00:00,3365.9,2022-05-26T00:00:00,1638.74,245.59,0.0,28.81,14.99,0.0,70.35,96.41,65.53,0.0,0.0,Dec - 22,,42177612.0,42177612.0,0.0,101607045.0,25705914.0,0.0,25705914.0,75901131.0,0.0,5.0,543220
352,539551,117.0,NH,843.45,-1.87,880.9,2023-05-24T00:00:00,589.9,2022-07-27T00:00:00,783.66,91.89,204.36,22.94,11.73,44.96,13.0,19.81,64.88,0.0,0.0,Mar - 23,,,,,,,,,,,10.0,543220
353,543654,116.0,MEDANTA,587.95,-1.24,604.05,2023-05-26T09:16:03,391.05,2022-11-16T00:00:00,489.79,58.77,0.0,22.05,12.0,0.0,2.25,3.0,,0.0,0.0,Dec - 22,Mar - 23,88726457.0,88726457.0,0.0,179468715.0,33122055.0,0.0,33122055.0,146346660.0,0.0,2.0,543220
354,500850,117.0,INDHOTEL,383.9,0.89,389.2,2023-05-25T00:00:00,207.25,2022-06-20T00:00:00,1131.12,298.94,142.04,43.78,26.43,210.46,5.94,7.4,64.63,0.0,0.0,Mar - 23,,,,,,,,,,,1.0,500850
355,500840,117.0,EIHOTEL,204.8,0.32,218.25,2023-05-18T00:00:00,120.5,2022-06-20T00:00:00,563.37,146.62,125.07,42.4,26.03,117.23,5.12,6.96,40.0,0.0,0.0,Mar - 23,,205422637.0,205422637.0,0.0,419941545.0,86974466.0,0.0,86974466.0,332967079.0,0.0,2.0,500850
356,542399,117.0,CHALET,430.55,-0.67,450.0,2023-05-25T00:00:00,278.3,2022-06-20T00:00:00,323.94,40.23,205.03,43.4,12.42,19.62,8.93,14.24,48.21,0.0,0.0,Mar - 23,,,,,,,,,,,10.0,500850
357,533088,117.0,MHRIL,286.2,0.53,318.0,2023-04-25T00:00:00,195.1,2022-06-20T00:00:00,309.67,31.26,200.7,28.39,10.09,15.57,7.88,14.79,36.32,0.0,0.0,Mar - 23,,,,,,,,,,,10.0,500850
358,500251,117.0,TRENT,1530.65,1.09,1571.0,2022-11-02T00:00:00,1005.1,2022-05-26T00:00:00,2077.21,105.13,35.55,16.42,5.06,295.72,15.6,28.63,98.12,0.0,0.0,Mar - 23,,,,,,,,,,,1.0,500251
359,535755,117.0,ABFRL,197.1,-0.95,359.4,2022-11-01T00:00:00,184.4,2023-05-23T00:00:00,2651.29,-128.1,948.79,9.74,-4.83,-13.5,1.4,13.14,140.79,0.0,0.0,Mar - 23,,526299516.0,526299516.0,0.0,422491331.0,173663526.0,0.0,173663526.0,248827805.0,0.0,10.0,500251
360,543626,117.0,EMIL,75.99,2.38,103.55,2022-10-20T00:00:00,61.45,2023-03-27T00:00:00,1327.81,36.12,384.75,7.26,2.72,9.39,0.94,3.84,32.61,0.0,0.0,Mar - 23,,299989713.0,299989713.0,0.0,84759049.0,39844622.0,0.0,39844622.0,44914427.0,0.0,10.0,500251
361,540425,117.0,SHANKARA,707.35,1.27,816.75,2022-06-03T00:00:00,574.0,2023-03-29T00:00:00,1229.79,15.69,22.85,2.4,1.28,68.67,24.95,29.2,28.35,0.0,0.0,Mar - 23,,,,,,,,,,,10.0,500251
362,540716,,ICICIGI,1099.9,1.8,1369.0,2022-08-17T00:00:00,1049.1,2023-03-16T00:00:00,,,,,,,,,,,,,,,,,,,,,,,10.0,540716
363,512070,117.0,UPL,688.2,1.85,807.0,2022-12-05T00:00:00,607.8,2022-06-23T00:00:00,3581.0,-163.0,150.0,6.39,-4.55,-108.67,12.99,25.66,52.98,0.0,0.0,Mar - 23,,,,,,,,,,,2.0,512070
364,523642,117.0,PIIND,3483.95,2.06,3698.5,2022-11-09T00:00:00,2443.9,2022-06-20T00:00:00,1506.4,279.4,15.2,25.68,18.55,1838.16,79.85,94.46,43.63,0.0,0.0,Mar - 23,,,,,,,,,,,1.0,512070
365,538666,117.0,SHARDACROP,474.0,-0.29,765.0,2022-05-30T00:00:00,368.8,2022-11-01T00:00:00,1292.23,210.89,90.22,25.91,16.32,233.75,35.99,63.49,13.17,0.0,0.0,Mar - 23,,67503833.0,67503833.0,0.0,22716662.0,11674683.0,0.0,11674683.0,11041979.0,0.0,10.0,512070
366,506285,117.0,BAYERCROP,4126.1,-0.09,5661.7,2022-08-05T00:00:00,3922.45,2023-03-28T00:00:00,982.5,158.5,44.9,23.37,16.13,353.01,168.71,186.4,24.46,0.0,0.0,Mar - 23,Mar - 23,32102999.0,14797818.0,17305181.0,12839093.0,5717337.0,0.0,5717337.0,7121756.0,0.0,10.0,512070
367,532286,117.0,JINDALSTEL,520.3,1.86,622.4,2023-02-01T00:00:00,304.2,2022-06-22T00:00:00,13392.25,789.2,100.5,14.96,5.89,785.27,23.79,45.02,21.87,0.0,0.0,Mar - 23,Mar - 23,624270314.0,574261534.0,50008780.0,395817783.0,141657226.0,0.0,141657226.0,254160557.0,0.0,1.0,532286
368,500228,117.0,JSWSTEEL,701.55,0.67,783.35,2023-01-02T00:00:00,520.1,2022-05-26T00:00:00,37153.0,2838.0,0.0,18.3,7.64,0.0,20.42,40.91,34.36,0.0,0.0,Mar - 23,,,,,,,,,,,1.0,532286
369,500113,117.0,SAIL,82.03,-0.34,93.9,2023-01-19T00:00:00,63.6,2022-06-20T00:00:00,29130.58,1049.02,4130.53,11.54,3.6,25.4,4.61,16.62,17.79,0.0,0.0,Mar - 23,,,,,,,,,,,10.0,532286
370,532508,117.0,JSL,290.25,0.5,329.0,2023-03-08T00:00:00,95.05,2022-06-20T00:00:00,9444.31,659.15,164.69,11.96,6.98,400.24,18.05,23.4,16.08,0.0,0.0,Mar - 23,Mar - 23,477110367.0,247413062.0,229697305.0,338884638.0,50584762.0,0.0,50584762.0,288299876.0,0.0,2.0,532286
